,epiweek_start,epiweek_middle,epiweek_end,superlineage_combo,Netau_HMM,Netau_HMM_lower,Netau_HMM_upper,T,delta_t
0,0.0,4.0,8.0,0,,,,9,1
1,0.0,4.0,8.0,1,,,,9,1
2,0.0,4.0,8.0,2,,,,9,1
3,0.0,4.0,8.0,3,,,,9,1
4,0.0,4.0,8.0,4,,,,9,1
5,0.0,4.0,8.0,5,,,,9,1
6,0.0,4.0,8.0,6,,,,9,1
7,0.0,4.0,8.0,7,,,,9,1
8,0.0,4.0,8.0,8,,,,9,1
9,0.0,4.0,8.0,9,,,,9,1
10,0.0,4.0,8.0,10,,,,9,1
11,0.0,4.0,8.0,11,,,,9,1
12,0.0,4.0,8.0,12,,,,9,1
13,0.0,4.0,8.0,13,,,,9,1
14,0.0,4.0,8.0,14,,,,9,1
15,0.0,4.0,8.0,15,,,,9,1
16,0.0,4.0,8.0,16,,,,9,1
17,0.0,4.0,8.0,17,,,,9,1
18,0.0,4.0,8.0,18,,,,9,1
19,0.0,4.0,8.0,19,,,,9,1
20,1.0,5.0,9.0,0,,,,9,1
21,1.0,5.0,9.0,1,,,,9,1
22,1.0,5.0,9.0,2,,,,9,1
23,1.0,5.0,9.0,3,,,,9,1
24,1.0,5.0,9.0,4,,,,9,1
25,1.0,5.0,9.0,5,,,,9,1
26,1.0,5.0,9.0,6,,,,9,1
27,1.0,5.0,9.0,7,,,,9,1
28,1.0,5.0,9.0,8,,,,9,1
29,1.0,5.0,9.0,9,,,,9,1
30,1.0,5.0,9.0,10,,,,9,1
31,1.0,5.0,9.0,11,,,,9,1
32,1.0,5.0,9.0,12,,,,9,1
33,1.0,5.0,9.0,13,,,,9,1
34,1.0,5.0,9.0,14,,,,9,1
35,1.0,5.0,9.0,15,,,,9,1
36,1.0,5.0,9.0,16,,,,9,1
37,1.0,5.0,9.0,17,,,,9,1
38,1.0,5.0,9.0,18,,,,9,1
39,1.0,5.0,9.0,19,,,,9,1
40,2.0,6.0,10.0,0,,,,9,1
41,2.0,6.0,10.0,1,,,,9,1
42,2.0,6.0,10.0,2,,,,9,1
43,2.0,6.0,10.0,3,,,,9,1
44,2.0,6.0,10.0,4,,,,9,1
45,2.0,6.0,10.0,5,,,,9,1
46,2.0,6.0,10.0,6,,,,9,1
47,2.0,6.0,10.0,7,,,,9,1
48,2.0,6.0,10.0,8,,,,9,1
49,2.0,6.0,10.0,9,,,,9,1
50,2.0,6.0,10.0,10,,,,9,1
51,2.0,6.0,10.0,11,,,,9,1
52,2.0,6.0,10.0,12,,,,9,1
53,2.0,6.0,10.0,13,,,,9,1
54,2.0,6.0,10.0,14,,,,9,1
55,2.0,6.0,10.0,15,,,,9,1
56,2.0,6.0,10.0,16,,,,9,1
57,2.0,6.0,10.0,17,,,,9,1
58,2.0,6.0,10.0,18,,,,9,1
59,2.0,6.0,10.0,19,,,,9,1
60,3.0,7.0,11.0,0,,,,9,1
61,3.0,7.0,11.0,1,,,,9,1
62,3.0,7.0,11.0,2,,,,9,1
63,3.0,7.0,11.0,3,,,,9,1
64,3.0,7.0,11.0,4,,,,9,1
65,3.0,7.0,11.0,5,,,,9,1
66,3.0,7.0,11.0,6,,,,9,1
67,3.0,7.0,11.0,7,,,,9,1
68,3.0,7.0,11.0,8,,,,9,1
69,3.0,7.0,11.0,9,,,,9,1
70,3.0,7.0,11.0,10,,,,9,1
71,3.0,7.0,11.0,11,,,,9,1
72,3.0,7.0,11.0,12,,,,9,1
73,3.0,7.0,11.0,13,,,,9,1
74,3.0,7.0,11.0,14,,,,9,1
75,3.0,7.0,11.0,15,,,,9,1
76,3.0,7.0,11.0,16,,,,9,1
77,3.0,7.0,11.0,17,,,,9,1
78,3.0,7.0,11.0,18,,,,9,1
79,3.0,7.0,11.0,19,,,,9,1
80,4.0,8.0,12.0,0,,,,9,1
81,4.0,8.0,12.0,1,,,,9,1
82,4.0,8.0,12.0,2,,,,9,1
83,4.0,8.0,12.0,3,,,,9,1
84,4.0,8.0,12.0,4,,,,9,1
85,4.0,8.0,12.0,5,,,,9,1
86,4.0,8.0,12.0,6,,,,9,1
87,4.0,8.0,12.0,7,,,,9,1
88,4.0,8.0,12.0,8,,,,9,1
89,4.0,8.0,12.0,9,,,,9,1
90,4.0,8.0,12.0,10,,,,9,1
91,4.0,8.0,12.0,11,,,,9,1
92,4.0,8.0,12.0,12,,,,9,1
93,4.0,8.0,12.0,13,,,,9,1
94,4.0,8.0,12.0,14,,,,9,1
95,4.0,8.0,12.0,15,,,,9,1
96,4.0,8.0,12.0,16,,,,9,1
97,4.0,8.0,12.0,17,,,,9,1
98,4.0,8.0,12.0,18,,,,9,1
99,4.0,8.0,12.0,19,,,,9,1
100,5.0,9.0,13.0,0,,,,9,1
101,5.0,9.0,13.0,1,,,,9,1
102,5.0,9.0,13.0,2,,,,9,1
103,5.0,9.0,13.0,3,,,,9,1
104,5.0,9.0,13.0,4,,,,9,1
105,5.0,9.0,13.0,5,,,,9,1
106,5.0,9.0,13.0,6,,,,9,1
107,5.0,9.0,13.0,7,,,,9,1
108,5.0,9.0,13.0,8,,,,9,1
109,5.0,9.0,13.0,9,,,,9,1
110,5.0,9.0,13.0,10,,,,9,1
111,5.0,9.0,13.0,11,,,,9,1
112,5.0,9.0,13.0,12,,,,9,1
113,5.0,9.0,13.0,13,,,,9,1
114,5.0,9.0,13.0,14,,,,9,1
115,5.0,9.0,13.0,15,,,,9,1
116,5.0,9.0,13.0,16,,,,9,1
117,5.0,9.0,13.0,17,,,,9,1
118,5.0,9.0,13.0,18,,,,9,1
119,5.0,9.0,13.0,19,,,,9,1
120,6.0,10.0,14.0,0,,,,9,1
121,6.0,10.0,14.0,1,,,,9,1
122,6.0,10.0,14.0,2,,,,9,1
123,6.0,10.0,14.0,3,,,,9,1
124,6.0,10.0,14.0,4,,,,9,1
125,6.0,10.0,14.0,5,,,,9,1
126,6.0,10.0,14.0,6,,,,9,1
127,6.0,10.0,14.0,7,,,,9,1
128,6.0,10.0,14.0,8,,,,9,1
129,6.0,10.0,14.0,9,,,,9,1
130,6.0,10.0,14.0,10,,,,9,1
131,6.0,10.0,14.0,11,,,,9,1
132,6.0,10.0,14.0,12,,,,9,1
133,6.0,10.0,14.0,13,,,,9,1
134,6.0,10.0,14.0,14,,,,9,1
135,6.0,10.0,14.0,15,,,,9,1
136,6.0,10.0,14.0,16,,,,9,1
137,6.0,10.0,14.0,17,,,,9,1
138,6.0,10.0,14.0,18,,,,9,1
139,6.0,10.0,14.0,19,,,,9,1
140,7.0,11.0,15.0,0,,,,9,1
141,7.0,11.0,15.0,1,,,,9,1
142,7.0,11.0,15.0,2,,,,9,1
143,7.0,11.0,15.0,3,,,,9,1
144,7.0,11.0,15.0,4,,,,9,1
145,7.0,11.0,15.0,5,,,,9,1
146,7.0,11.0,15.0,6,,,,9,1
147,7.0,11.0,15.0,7,,,,9,1
148,7.0,11.0,15.0,8,,,,9,1
149,7.0,11.0,15.0,9,,,,9,1
150,7.0,11.0,15.0,10,,,,9,1
151,7.0,11.0,15.0,11,,,,9,1
152,7.0,11.0,15.0,12,,,,9,1
153,7.0,11.0,15.0,13,,,,9,1
154,7.0,11.0,15.0,14,,,,9,1
155,7.0,11.0,15.0,15,,,,9,1
156,7.0,11.0,15.0,16,,,,9,1
157,7.0,11.0,15.0,17,,,,9,1
158,7.0,11.0,15.0,18,,,,9,1
159,7.0,11.0,15.0,19,,,,9,1
160,8.0,12.0,16.0,0,,,,9,1
161,8.0,12.0,16.0,1,,,,9,1
162,8.0,12.0,16.0,2,,,,9,1
163,8.0,12.0,16.0,3,,,,9,1
164,8.0,12.0,16.0,4,,,,9,1
165,8.0,12.0,16.0,5,,,,9,1
166,8.0,12.0,16.0,6,,,,9,1
167,8.0,12.0,16.0,7,,,,9,1
168,8.0,12.0,16.0,8,,,,9,1
169,8.0,12.0,16.0,9,,,,9,1
170,8.0,12.0,16.0,10,,,,9,1
171,8.0,12.0,16.0,11,,,,9,1
172,8.0,12.0,16.0,12,,,,9,1
173,8.0,12.0,16.0,13,,,,9,1
174,8.0,12.0,16.0,14,,,,9,1
175,8.0,12.0,16.0,15,,,,9,1
176,8.0,12.0,16.0,16,,,,9,1
177,8.0,12.0,16.0,17,,,,9,1
178,8.0,12.0,16.0,18,,,,9,1
179,8.0,12.0,16.0,19,,,,9,1
180,9.0,13.0,17.0,0,,,,9,1
181,9.0,13.0,17.0,1,,,,9,1
182,9.0,13.0,17.0,2,,,,9,1
183,9.0,13.0,17.0,3,,,,9,1
184,9.0,13.0,17.0,4,,,,9,1
185,9.0,13.0,17.0,5,,,,9,1
186,9.0,13.0,17.0,6,,,,9,1
187,9.0,13.0,17.0,7,,,,9,1
188,9.0,13.0,17.0,8,,,,9,1
189,9.0,13.0,17.0,9,,,,9,1
190,9.0,13.0,17.0,10,,,,9,1
191,9.0,13.0,17.0,11,,,,9,1
192,9.0,13.0,17.0,12,,,,9,1
193,9.0,13.0,17.0,13,,,,9,1
194,9.0,13.0,17.0,14,,,,9,1
195,9.0,13.0,17.0,15,,,,9,1
196,9.0,13.0,17.0,16,,,,9,1
197,9.0,13.0,17.0,17,,,,9,1
198,9.0,13.0,17.0,18,,,,9,1
199,9.0,13.0,17.0,19,,,,9,1
200,10.0,14.0,18.0,0,,,,9,1
201,10.0,14.0,18.0,1,,,,9,1
202,10.0,14.0,18.0,2,,,,9,1
203,10.0,14.0,18.0,3,,,,9,1
204,10.0,14.0,18.0,4,,,,9,1
205,10.0,14.0,18.0,5,,,,9,1
206,10.0,14.0,18.0,6,,,,9,1
207,10.0,14.0,18.0,7,,,,9,1
208,10.0,14.0,18.0,8,,,,9,1
209,10.0,14.0,18.0,9,,,,9,1
210,10.0,14.0,18.0,10,,,,9,1
211,10.0,14.0,18.0,11,,,,9,1
212,10.0,14.0,18.0,12,,,,9,1
213,10.0,14.0,18.0,13,,,,9,1
214,10.0,14.0,18.0,14,,,,9,1
215,10.0,14.0,18.0,15,,,,9,1
216,10.0,14.0,18.0,16,,,,9,1
217,10.0,14.0,18.0,17,,,,9,1
218,10.0,14.0,18.0,18,,,,9,1
219,10.0,14.0,18.0,19,,,,9,1
220,11.0,15.0,19.0,0,5891.469268680151,5082.833983515597,6520.693080790205,9,1
221,11.0,15.0,19.0,1,5777.999493134698,5104.737247689723,6517.7347690971,9,1
222,11.0,15.0,19.0,2,6461.485492827897,5720.341100362269,7250.6924797745505,9,1
223,11.0,15.0,19.0,3,6328.017289856932,5570.539394228096,7189.3068050136235,9,1
224,11.0,15.0,19.0,4,5891.469268680151,5248.174602173603,6515.695653104129,9,1
225,11.0,15.0,19.0,5,5777.999493134698,5082.28185533275,6456.362894970689,9,1
226,11.0,15.0,19.0,6,5649.635227294818,5116.786122486378,6351.417490941649,9,1
227,11.0,15.0,19.0,7,6038.021199366447,5382.936866142844,6682.3085671175,9,1
228,11.0,15.0,19.0,8,6279.571845384876,5662.93149864931,7031.560885522692,9,1
229,11.0,15.0,19.0,9,5891.469268680151,5248.174602173603,6514.92218090753,9,1
230,11.0,15.0,19.0,10,6206.430800361573,5480.318421125012,6968.3213842496125,9,1
231,11.0,15.0,19.0,11,5528.896634458681,4988.686964116202,6194.59679697317,9,1
232,11.0,15.0,19.0,12,5509.984276840811,4805.485080393313,6135.083692816116,9,1
233,11.0,15.0,19.0,13,6110.18706855873,5521.159546193256,6853.916215007215,9,1
234,11.0,15.0,19.0,14,5891.469268680151,5173.03515351585,6518.406430800902,9,1
235,11.0,15.0,19.0,15,5891.469268680151,5208.286791131938,6624.379807461584,9,1
236,11.0,15.0,19.0,16,6024.699046597697,5236.356717491043,6684.997594620308,9,1
237,11.0,15.0,19.0,17,6100.738211265599,5300.405809412104,6873.281655345669,9,1
238,11.0,15.0,19.0,18,5971.188880546203,5382.936866142844,6684.364142245306,9,1
239,11.0,15.0,19.0,19,5994.600459054261,5288.200584198104,6724.295658553811,9,1
240,12.0,16.0,20.0,0,14039.111878830634,12281.99629455136,15770.22363601318,9,1
241,12.0,16.0,20.0,1,14400.858268437722,12938.138575807474,16561.467517153476,9,1
242,12.0,16.0,20.0,2,14400.858268437722,12916.539236192624,16540.696012023745,9,1
243,12.0,16.0,20.0,3,13217.942732573056,11761.1457072872,14808.866372288023,9,1
244,12.0,16.0,20.0,4,14400.858268437722,12690.63928177779,16090.815838800516,9,1
245,12.0,16.0,20.0,5,15126.99764578336,13464.772269014147,17050.307111488906,9,1
246,12.0,16.0,20.0,6,12987.710079168117,11813.011521946586,14646.492637672516,9,1
247,12.0,16.0,20.0,7,17823.098016185577,15612.834233105394,19357.086552685498,9,1
248,12.0,16.0,20.0,8,14193.674247572713,12386.10710889729,15725.119735510569,9,1
249,12.0,16.0,20.0,9,14400.858268437722,12760.546314370107,16211.450649298013,9,1
250,12.0,16.0,20.0,10,13174.188028648063,11758.03854769288,14808.866372288023,9,1
251,12.0,16.0,20.0,11,14400.858268437722,12746.579546692776,15808.443259691443,9,1
252,12.0,16.0,20.0,12,16823.602057002143,14840.882500239586,18406.251831218648,9,1
253,12.0,16.0,20.0,13,14400.858268437722,12746.579546692776,16147.873490138853,9,1
254,12.0,16.0,20.0,14,15930.254278632567,14048.174073968446,17684.748638412046,9,1
255,12.0,16.0,20.0,15,15126.99764578336,13331.416368501023,16938.11155403176,9,1
256,12.0,16.0,20.0,16,15930.254278632567,13682.501931348652,17368.354094219663,9,1
257,12.0,16.0,20.0,17,14229.078909804384,12574.815833683791,16139.40327737944,9,1
258,12.0,16.0,20.0,18,14400.858268437722,12988.334690825446,16524.099967764854,9,1
259,12.0,16.0,20.0,19,13538.923076879923,12064.05668834598,15189.127417399017,9,1
260,13.0,17.0,21.0,0,26650.30333159214,23800.341408029068,29940.933067964223,9,1
261,13.0,17.0,21.0,1,24475.994050356752,22164.512729296654,28108.389409692292,9,1
262,13.0,17.0,21.0,2,26650.30333159214,23937.620749919864,30118.276957206435,9,1
263,13.0,17.0,21.0,3,29248.582409528764,25274.987989408528,32024.977529167485,9,1
264,13.0,17.0,21.0,4,24475.994050356752,22164.756241101455,28108.247152887532,9,1
265,13.0,17.0,21.0,5,26650.30333159214,22710.143447950537,28629.12670165905,9,1
266,13.0,17.0,21.0,6,24475.994050356752,22187.44974311002,27912.39417706929,9,1
267,13.0,17.0,21.0,7,26650.30333159214,23221.27016335488,29621.269872380977,9,1
268,13.0,17.0,21.0,8,26650.30333159214,24025.30644630891,30442.233072418316,9,1
269,13.0,17.0,21.0,9,26650.30333159214,23932.142077527362,30118.276957206435,9,1
270,13.0,17.0,21.0,10,22629.711439520568,20407.175184419903,26142.970951164247,9,1
271,13.0,17.0,21.0,11,26650.30333159214,23297.007241743162,29581.44054461051,9,1
272,13.0,17.0,21.0,12,24475.994050356752,22161.815947656196,28109.967732315592,9,1
273,13.0,17.0,21.0,13,26650.30333159214,23770.862671241895,30435.448673492094,9,1
274,13.0,17.0,21.0,14,24475.994050356752,22052.256955869347,28202.343025092814,9,1
275,13.0,17.0,21.0,15,24475.994050356752,22265.676907981306,27607.247860760097,9,1
276,13.0,17.0,21.0,16,24475.994050356752,22265.676907981306,28135.4698865031,9,1
277,13.0,17.0,21.0,17,24475.994050356752,22837.413417602143,28318.400360438456,9,1
278,13.0,17.0,21.0,18,24475.994050356752,21616.535227498956,27213.605109754928,9,1
279,13.0,17.0,21.0,19,24475.994050356752,21630.093901886936,27213.605109754928,9,1
280,14.0,18.0,22.0,0,39602.98429117548,33405.046375281905,41401.26159217479,9,1
281,14.0,18.0,22.0,1,39602.98429117548,35142.61713197007,43538.8300689263,9,1
282,14.0,18.0,22.0,2,39602.98429117548,34262.81884262056,42694.45222884534,9,1
283,14.0,18.0,22.0,3,39602.98429117548,35163.58985678992,44673.08080067648,9,1
284,14.0,18.0,22.0,4,39602.98429117548,36970.56800969078,46957.53703364928,9,1
285,14.0,18.0,22.0,5,39602.98429117548,35917.72084385242,45186.249789622074,9,1
286,14.0,18.0,22.0,6,39602.98429117548,34406.984791614035,44086.89880417417,9,1
287,14.0,18.0,22.0,7,39602.98429117548,34991.2462153029,44055.008336609724,9,1
288,14.0,18.0,22.0,8,45626.0816124755,37602.37175423021,47950.07919756183,9,1
289,14.0,18.0,22.0,9,39602.98429117548,35573.42550297035,45749.87466512688,9,1
290,14.0,18.0,22.0,10,39602.98429117548,34741.60157183525,44460.01418606453,9,1
291,14.0,18.0,22.0,11,39602.98429117548,36670.200655640605,46747.67978505777,9,1
292,14.0,18.0,22.0,12,39602.98429117548,33292.61000070205,41876.778585425134,9,1
293,14.0,18.0,22.0,13,39602.98429117548,33927.152665941445,43381.39359971461,9,1
294,14.0,18.0,22.0,14,39602.98429117548,33257.33944306141,42169.942029991944,9,1
295,14.0,18.0,22.0,15,39602.98429117548,34262.81884262056,42456.14060645529,9,1
296,14.0,18.0,22.0,16,39602.98429117548,33682.62105864534,41876.778585425134,9,1
297,14.0,18.0,22.0,17,39602.98429117548,33273.36476646055,41876.778585425134,9,1
298,14.0,18.0,22.0,18,39602.98429117548,34262.81884262056,42468.68917883648,9,1
299,14.0,18.0,22.0,19,39602.98429117548,34855.682937865415,44436.59524100146,9,1
300,15.0,19.0,23.0,0,52800.874587068065,47692.55260569044,60188.27850646287,9,1
301,15.0,19.0,23.0,1,52800.874587068065,47001.33087287847,60319.62992321509,9,1
302,15.0,19.0,23.0,2,52800.874587068065,44751.2313595816,57291.049213331506,9,1
303,15.0,19.0,23.0,3,52800.874587068065,45037.03193560323,56768.23581424498,9,1
304,15.0,19.0,23.0,4,52800.874587068065,47639.39452524501,59052.208967922634,9,1
305,15.0,19.0,23.0,5,45626.0816124755,45283.940505342514,56423.56538511276,9,1
306,15.0,19.0,23.0,6,52800.874587068065,46246.17179096471,58225.92664196612,9,1
307,15.0,19.0,23.0,7,52800.874587068065,47639.39452524501,59097.96619114003,9,1
308,15.0,19.0,23.0,8,52800.874587068065,50165.02540109971,63738.67456430601,9,1
309,15.0,19.0,23.0,9,52800.874587068065,47414.247508023655,59721.047953808375,9,1
310,15.0,19.0,23.0,10,52800.874587068065,46179.4192148582,58584.457646900686,9,1
311,15.0,19.0,23.0,11,52800.874587068065,46446.73839347316,58694.21092431691,9,1
312,15.0,19.0,23.0,12,52800.874587068065,47639.39452524501,59066.70015391412,9,1
313,15.0,19.0,23.0,13,52800.874587068065,46195.332018061716,58656.52068295347,9,1
314,15.0,19.0,23.0,14,52800.874587068065,44841.82754027073,57333.22522197147,9,1
315,15.0,19.0,23.0,15,52800.874587068065,47113.79554612059,59398.73174079194,9,1
316,15.0,19.0,23.0,16,45626.0816124755,44173.69638770728,56123.9966213622,9,1
317,15.0,19.0,23.0,17,52800.874587068065,45926.505255087046,58813.12516198632,9,1
318,15.0,19.0,23.0,18,52800.874587068065,46220.4602192351,58643.72974148156,9,1
319,15.0,19.0,23.0,19,52800.874587068065,47023.1415021958,60464.140750481594,9,1
320,16.0,20.0,24.0,0,52800.874587068065,48209.15714819188,60967.724950466465,9,1
321,16.0,20.0,24.0,1,52800.874587068065,49062.19416737475,62126.04027130341,9,1
322,16.0,20.0,24.0,2,52800.874587068065,46446.73839347316,57612.11060649928,9,1
323,16.0,20.0,24.0,3,52800.874587068065,45943.2853884805,57907.24283113015,9,1
324,16.0,20.0,24.0,4,52800.874587068065,44783.45673019939,57397.101519642,9,1
325,16.0,20.0,24.0,5,52800.874587068065,47099.82720579583,60324.08194806674,9,1
326,16.0,20.0,24.0,6,52800.874587068065,47039.851169597976,60460.20631748048,9,1
327,16.0,20.0,24.0,7,52800.874587068065,46492.82841105947,59070.23395160163,9,1
328,16.0,20.0,24.0,8,52800.874587068065,48843.29529283028,62176.3167227961,9,1
329,16.0,20.0,24.0,9,52800.874587068065,47639.39452524501,59098.49373322592,9,1
330,16.0,20.0,24.0,10,52800.874587068065,46446.73839347316,57626.56736141231,9,1
331,16.0,20.0,24.0,11,52800.874587068065,46220.78102367667,58225.92664196612,9,1
332,16.0,20.0,24.0,12,52800.874587068065,46428.74226951069,59101.95704480725,9,1
333,16.0,20.0,24.0,13,52800.874587068065,47182.27570426392,60302.81149478429,9,1
334,16.0,20.0,24.0,14,52800.874587068065,47407.71509098142,59721.047953808375,9,1
335,16.0,20.0,24.0,15,52800.874587068065,48636.16963895004,61687.30966161622,9,1
336,16.0,20.0,24.0,16,52800.874587068065,49859.45770716845,63534.17501934496,9,1
337,16.0,20.0,24.0,17,52800.874587068065,50117.36799857768,62183.70358073156,9,1
338,16.0,20.0,24.0,18,52800.874587068065,48694.1609082188,61254.5608871505,9,1
339,16.0,20.0,24.0,19,52800.874587068065,47440.71376665814,59721.047953808375,9,1
340,17.0,21.0,25.0,0,45626.0816124755,38423.313404566245,49060.00160198557,9,1
341,17.0,21.0,25.0,1,45626.0816124755,39892.30732116361,50544.6700115199,9,1
342,17.0,21.0,25.0,2,39602.98429117548,35862.111458041225,45514.80636910057,9,1
343,17.0,21.0,25.0,3,39602.98429117548,36779.984891742075,46870.06010218736,9,1
344,17.0,21.0,25.0,4,45626.0816124755,40698.386624961284,51293.38422717,9,1
345,17.0,21.0,25.0,5,45626.0816124755,37427.04608961995,48057.28076223475,9,1
346,17.0,21.0,25.0,6,39602.98429117548,36531.96268867104,46915.5928851015,9,1
347,17.0,21.0,25.0,7,39602.98429117548,36045.0068208625,44702.91870988411,9,1
348,17.0,21.0,25.0,8,45626.0816124755,39892.30732116361,49485.36995871176,9,1
349,17.0,21.0,25.0,9,39602.98429117548,34559.00841118068,43892.5280221272,9,1
350,17.0,21.0,25.0,10,45626.0816124755,39572.07209195592,50440.056668771336,9,1
351,17.0,21.0,25.0,11,45626.0816124755,39926.50966629993,50384.81845473227,9,1
352,17.0,21.0,25.0,12,45626.0816124755,37737.90789814862,47536.62240568738,9,1
353,17.0,21.0,25.0,13,39602.98429117548,37919.89569462561,47036.76280610132,9,1
354,17.0,21.0,25.0,14,39602.98429117548,37919.89569462561,47029.772535948236,9,1
355,17.0,21.0,25.0,15,45626.0816124755,38729.51226358637,49252.95289016932,9,1
356,17.0,21.0,25.0,16,39602.98429117548,35804.34398694235,45480.32360708279,9,1
357,17.0,21.0,25.0,17,45626.0816124755,39351.26599252308,49778.57722644968,9,1
358,17.0,21.0,25.0,18,39602.98429117548,35845.44137953728,45186.249789622074,9,1
359,17.0,21.0,25.0,19,39602.98429117548,36749.41021432391,46636.19082109613,9,1
360,18.0,22.0,26.0,0,34984.66056321241,29732.080188033495,38095.44961051007,9,1
361,18.0,22.0,26.0,1,34569.807785497775,29427.747700605913,36501.014832192384,9,1
362,18.0,22.0,26.0,2,30389.959343810417,27701.71201850013,35412.534573683806,9,1
363,18.0,22.0,26.0,3,29248.582409528764,25610.13749849025,32898.39107288105,9,1
364,18.0,22.0,26.0,4,31499.5342467207,28031.08139637336,35577.79486329665,9,1
365,18.0,22.0,26.0,5,31146.47782736998,27833.02614533018,35320.46085163507,9,1
366,18.0,22.0,26.0,6,29692.31238938442,27972.739564821575,34714.03841899761,9,1
367,18.0,22.0,26.0,7,30293.929730585704,27669.743870839848,35419.29583090183,9,1
368,18.0,22.0,26.0,8,30298.812838685528,26444.019780994284,33580.54389520639,9,1
369,18.0,22.0,26.0,9,29942.29291394788,27619.403915800132,35543.814638841744,9,1
370,18.0,22.0,26.0,10,31142.413202433345,27833.43494452611,35320.21852939986,9,1
371,18.0,22.0,26.0,11,31788.98349778388,28691.021634098783,35586.40558248849,9,1
372,18.0,22.0,26.0,12,30725.94920182063,27842.648422190945,35066.80421945407,9,1
373,18.0,22.0,26.0,13,30454.27793311659,26447.91504098598,33579.43943721339,9,1
374,18.0,22.0,26.0,14,29248.582409528764,26589.67198992342,32994.76308862729,9,1
375,18.0,22.0,26.0,15,33123.62124516323,28558.7083023263,35967.24718962945,9,1
376,18.0,22.0,26.0,16,33145.313825877216,28557.708630189718,35967.24718962945,9,1
377,18.0,22.0,26.0,17,31142.653337251286,27785.9055845278,35346.90689848401,9,1
378,18.0,22.0,26.0,18,32388.441049158297,27105.077641306514,34453.94177952407,9,1
379,18.0,22.0,26.0,19,32358.5206599042,28344.69990737097,36409.67414979147,9,1
380,19.0,23.0,27.0,0,15930.254278632567,14255.350567843228,18083.987705111707,9,1
381,19.0,23.0,27.0,1,19851.76792792766,17017.7995227921,22062.414832248713,9,1
382,19.0,23.0,27.0,2,17350.25203431529,15109.595458814607,19240.97445933298,9,1
383,19.0,23.0,27.0,3,19088.840569120795,16314.402505181637,20724.876555237628,9,1
384,19.0,23.0,27.0,4,15930.254278632567,14021.580771421013,17795.15003551413,9,1
385,19.0,23.0,27.0,5,17204.54341399203,14972.345092233678,19325.01346972608,9,1
386,19.0,23.0,27.0,6,15126.99764578336,13514.215210258988,17388.642912223066,9,1
387,19.0,23.0,27.0,7,16960.561751642148,14720.74897917838,18765.592783529682,9,1
388,19.0,23.0,27.0,8,15930.254278632567,14239.445630223148,18368.749977197247,9,1
389,19.0,23.0,27.0,9,19147.07134945765,16720.564153965457,21295.870353104343,9,1
390,19.0,23.0,27.0,10,17270.617625326322,15801.904045070101,20206.348872335595,9,1
391,19.0,23.0,27.0,11,16978.871166847057,14812.87765312357,18769.160750474613,9,1
392,19.0,23.0,27.0,12,19535.078864982857,17279.285990339544,21455.396553010567,9,1
393,19.0,23.0,27.0,13,17844.91895935349,15403.31672974805,19893.304817784327,9,1
394,19.0,23.0,27.0,14,18109.496790597626,16391.675865546593,20776.060941755546,9,1
395,19.0,23.0,27.0,15,17321.142375053612,15899.297156259714,20291.433561900503,9,1
396,19.0,23.0,27.0,16,15126.99764578336,13456.96476321698,17081.125563934947,9,1
397,19.0,23.0,27.0,17,15930.254278632567,13884.215975894982,17908.781246839517,9,1
398,19.0,23.0,27.0,18,17038.653178484787,15221.965653266825,18895.503016485094,9,1
399,19.0,23.0,27.0,19,17946.83954629423,15485.83540361676,19799.847938484298,9,1
400,20.0,24.0,28.0,0,12012.75625886783,10322.091314045227,13197.49840146519,9,1
401,20.0,24.0,28.0,1,10074.969385108338,8859.047990892086,11305.726374404812,9,1
402,20.0,24.0,28.0,2,9649.716689235642,8429.77313650129,10724.899542499847,9,1
403,20.0,24.0,28.0,3,9649.716689235642,8382.883644268277,10720.538549763784,9,1
404,20.0,24.0,28.0,4,10066.84394854413,8868.33080215599,11282.712036188535,9,1
405,20.0,24.0,28.0,5,10603.843534434018,9326.672257595235,11889.588654569105,9,1
406,20.0,24.0,28.0,6,10120.572676676593,8969.294572863027,11385.229837493518,9,1
407,20.0,24.0,28.0,7,10294.790960804525,9100.729666098752,11615.354227530272,9,1
408,20.0,24.0,28.0,8,10331.56774414546,9101.8663849423,11586.58223317431,9,1
409,20.0,24.0,28.0,9,12035.35870077228,10312.382521894227,13164.924639829946,9,1
410,20.0,24.0,28.0,10,10133.188524667143,8866.184731681024,11392.237703377301,9,1
411,20.0,24.0,28.0,11,9649.716689235642,8354.63650756987,10786.419258990652,9,1
412,20.0,24.0,28.0,12,10524.24300659906,9277.717488720307,11864.79598802523,9,1
413,20.0,24.0,28.0,13,10197.883565759697,9008.244566320938,11590.287643369245,9,1
414,20.0,24.0,28.0,14,10917.404381229902,9627.818270220978,12291.389454395627,9,1
415,20.0,24.0,28.0,15,10329.006171693052,9094.623353064479,11590.922334559302,9,1
416,20.0,24.0,28.0,16,11356.17400672037,9964.78998208045,12892.148524190954,9,1
417,20.0,24.0,28.0,17,10120.197263024142,8957.224144068648,11391.475254946346,9,1
418,20.0,24.0,28.0,18,11915.941655867618,10651.590708915523,13502.008657519425,9,1
419,20.0,24.0,28.0,19,11076.521994327266,9763.052149499534,12481.620982159844,9,1
420,21.0,25.0,29.0,0,6139.912901886754,5418.612772654209,6881.861271199662,9,1
421,21.0,25.0,29.0,1,5318.306003940449,4691.040687175552,6032.161380404001,9,1
422,21.0,25.0,29.0,2,6267.111188534496,5437.365315664498,7050.254216901985,9,1
423,21.0,25.0,29.0,3,5360.129536128315,4695.822683788403,6009.311467663961,9,1
424,21.0,25.0,29.0,4,5777.999493134698,5117.693262818642,6545.574173322307,9,1
425,21.0,25.0,29.0,5,5351.895860174744,4735.88935200329,6006.414278899585,9,1
426,21.0,25.0,29.0,6,6099.869487320858,5381.246628987668,6872.724485247536,9,1
427,21.0,25.0,29.0,7,5266.611472080703,4554.742964462517,5903.106367816119,9,1
428,21.0,25.0,29.0,8,5541.517283449852,4791.057328830202,6211.762526765625,9,1
429,21.0,25.0,29.0,9,5777.999493134698,5110.4511477533,6480.275892839972,9,1
430,21.0,25.0,29.0,10,5630.196222605352,4966.602350767356,6320.358442218192,9,1
431,21.0,25.0,29.0,11,5531.432693393646,4805.258810425599,6192.876599978321,9,1
432,21.0,25.0,29.0,12,5496.161456397193,4822.32675944594,6160.8590246534295,9,1
433,21.0,25.0,29.0,13,5577.186094706034,4917.755355708551,6364.42271937394,9,1
434,21.0,25.0,29.0,14,6011.339096011513,5225.011673715805,6648.820563565309,9,1
435,21.0,25.0,29.0,15,5978.993996267028,5165.590017813937,6704.446023861083,9,1
436,21.0,25.0,29.0,16,5516.217773559795,4803.272298512959,6209.746955940042,9,1
437,21.0,25.0,29.0,17,5286.220698390264,4532.76717670706,5911.54901889268,9,1
438,21.0,25.0,29.0,18,5891.469268680151,5160.219297138225,6534.08748662138,9,1
439,21.0,25.0,29.0,19,5891.469268680151,5029.08699017194,6537.563257562191,9,1
440,22.0,26.0,30.0,0,2898.512659361224,2514.4012458519396,3289.718720887881,9,1
441,22.0,26.0,30.0,1,2731.2151375357657,2330.244814245279,3105.068479024837,9,1
442,22.0,26.0,30.0,2,2897.3084788291,2514.4012458519396,3289.6475786414067,9,1
443,22.0,26.0,30.0,3,2753.816223482984,2342.271533350186,3182.6430263525135,9,1
444,22.0,26.0,30.0,4,2656.1434314425046,2271.906945052451,3050.2685919944047,9,1
445,22.0,26.0,30.0,5,2920.9405455283327,2514.4012458519396,3395.871338786637,9,1
446,22.0,26.0,30.0,6,3120.1795200126626,2645.188373829267,3521.066905735906,9,1
447,22.0,26.0,30.0,7,2724.798191485142,2330.244814245279,3104.425043086637,9,1
448,22.0,26.0,30.0,8,2672.5967113426486,2271.906945052451,3019.958139417366,9,1
449,22.0,26.0,30.0,9,2868.79567845237,2451.453005357173,3336.538193197951,9,1
450,22.0,26.0,30.0,10,2564.2727709236797,2185.571831991589,2965.0699180293213,9,1
451,22.0,26.0,30.0,11,2911.533528750855,2514.4012458519396,3295.953653995992,9,1
452,22.0,26.0,30.0,12,2842.997900434281,2451.453005357173,3304.1095919881154,9,1
453,22.0,26.0,30.0,13,2637.7573074444695,2271.906945052451,3018.0833916714287,9,1
454,22.0,26.0,30.0,14,2860.6192445226657,2451.453005357173,3328.361322361892,9,1
455,22.0,26.0,30.0,15,3011.2298410696903,2578.9658669066134,3484.8153809692476,9,1
456,22.0,26.0,30.0,16,2979.5456134937253,2526.342087116338,3440.515254679676,9,1
457,22.0,26.0,30.0,17,2732.320932153137,2334.974232770924,3101.428283477924,9,1
458,22.0,26.0,30.0,18,2827.219521612147,2404.8569936580825,3258.218089920018,9,1
459,22.0,26.0,30.0,19,2437.5056362964838,2065.5088013513946,2798.406576032926,9,1
460,23.0,27.0,31.0,0,1600.9690961708939,1305.6421831014081,1919.3905371418105,9,1
461,23.0,27.0,31.0,1,1764.2565294892763,1476.5705604023983,2088.461672703778,9,1
462,23.0,27.0,31.0,2,1418.3571055017921,1205.355805242766,1722.5329102093021,9,1
463,23.0,27.0,31.0,3,1552.001445939528,1303.2619195440752,1872.157401059481,9,1
464,23.0,27.0,31.0,4,1777.9285054043348,1514.3085100150508,2137.441131940011,9,1
465,23.0,27.0,31.0,5,1632.5700179231342,1371.4075860393714,1925.2833621598966,9,1
466,23.0,27.0,31.0,6,1347.3613068359355,1145.7589063911778,1637.175324161087,9,1
467,23.0,27.0,31.0,7,1971.3338301592157,1675.9397705429037,2393.743973918287,9,1
468,23.0,27.0,31.0,8,1781.3078741773263,1514.3085100150508,2139.244828651269,9,1
469,23.0,27.0,31.0,9,1805.6989600833997,1477.891224159241,2139.1586978262235,9,1
470,23.0,27.0,31.0,10,1659.1275615848347,1346.0392569210376,1995.1893145607366,9,1
471,23.0,27.0,31.0,11,1819.6715183326132,1553.1928190609042,2217.3133978967867,9,1
472,23.0,27.0,31.0,12,1506.6796039693415,1271.2555213041258,1736.942538036081,9,1
473,23.0,27.0,31.0,13,1563.3763147329048,1334.0106842832447,1904.7729980798426,9,1
474,23.0,27.0,31.0,14,1710.8431768107173,1440.2540521607193,2010.5168580592033,9,1
475,23.0,27.0,31.0,15,1466.9235658029272,1183.0360970491547,1775.8635708712934,9,1
476,23.0,27.0,31.0,16,1783.8299104660184,1450.9895940383826,2140.9387163428023,9,1
477,23.0,27.0,31.0,17,1620.4910756847348,1331.0605880836104,1943.9247260270513,9,1
478,23.0,27.0,31.0,18,1414.740873381577,1205.355805242766,1720.4662014741168,9,1
479,23.0,27.0,31.0,19,1896.5867334610427,1532.4291650808414,2293.6507801894318,9,1
480,24.0,28.0,32.0,0,1062.935024967332,820.1995944356829,1344.1967372380393,9,1
481,24.0,28.0,32.0,1,995.3165781411806,764.508807912771,1273.2051393312072,9,1
482,24.0,28.0,32.0,2,1085.9426807424156,829.5559204686188,1375.2567212971794,9,1
483,24.0,28.0,32.0,3,1197.6741936540598,915.4615304772881,1498.1392934832425,9,1
484,24.0,28.0,32.0,4,1118.9582415806299,845.836208327577,1443.1777491015482,9,1
485,24.0,28.0,32.0,5,1108.3548249627358,851.6681762471068,1387.6763099943187,9,1
486,24.0,28.0,32.0,6,1003.6027631703487,768.3222989854663,1274.7076669711157,9,1
487,24.0,28.0,32.0,7,1503.5686191841576,1152.8612432122864,1946.8361906271853,9,1
488,24.0,28.0,32.0,8,821.240757764341,627.1404165630788,1040.7408494853767,9,1
489,24.0,28.0,32.0,9,1046.7052233501088,803.7635351005121,1333.8924291355604,9,1
490,24.0,28.0,32.0,10,1059.2344497861995,797.5922117029652,1341.8433000422049,9,1
491,24.0,28.0,32.0,11,992.8632429669493,754.0678783848895,1281.592369809881,9,1
492,24.0,28.0,32.0,12,1736.0051507473695,1311.1768649652458,2232.4991282127253,9,1
493,24.0,28.0,32.0,13,898.1564275597437,705.5557217298779,1155.7542731488475,9,1
494,24.0,28.0,32.0,14,941.2023045066871,712.4927906619124,1215.5532261281098,9,1
495,24.0,28.0,32.0,15,1370.2307204759745,1055.8678568617634,1733.3488455039817,9,1
496,24.0,28.0,32.0,16,986.7784282676505,759.5161631665127,1246.4942120632354,9,1
497,24.0,28.0,32.0,17,1024.4036540350644,777.1532362635508,1313.9795058113025,9,1
498,24.0,28.0,32.0,18,965.4223239283007,747.8540536906488,1226.0514278869643,9,1
499,24.0,28.0,32.0,19,1579.4570797104368,1210.0813739569573,1979.9393322573476,9,1
500,25.0,29.0,33.0,0,606.7385142426599,406.74908163519336,853.8118582891746,9,1
501,25.0,29.0,33.0,1,1304.101517297058,870.0346070998331,1831.0490742370368,9,1
502,25.0,29.0,33.0,2,482.20745632599267,322.7732023714745,678.9833121618516,9,1
503,25.0,29.0,33.0,3,638.6166335324036,427.7093493042982,898.4396006771216,9,1
504,25.0,29.0,33.0,4,586.435206898465,395.039974170272,837.5205644983199,9,1
505,25.0,29.0,33.0,5,593.6145390931534,396.35589702210694,834.4519468189344,9,1
506,25.0,29.0,33.0,6,685.9859712682227,463.18086160210964,977.8387261521439,9,1
507,25.0,29.0,33.0,7,592.7578667374057,395.53425675232256,833.5754808615944,9,1
508,25.0,29.0,33.0,8,597.2765081501643,401.9163129520729,845.9933259381592,9,1
509,25.0,29.0,33.0,9,702.1035536770768,470.6139450952452,1007.7796370011816,9,1
510,25.0,29.0,33.0,10,929.7517776377155,628.2542802402805,1317.797453200935,9,1
511,25.0,29.0,33.0,11,1059.772867662104,710.4295675793996,1491.521265386701,9,1
512,25.0,29.0,33.0,12,984.3946457541074,657.0104356946265,1383.8112681472217,9,1
513,25.0,29.0,33.0,13,604.5398904391855,408.06077992060716,861.3264783764467,9,1
514,25.0,29.0,33.0,14,601.5911288367066,407.17991283274466,859.1740970692164,9,1
515,25.0,29.0,33.0,15,671.4330617426689,449.4939534999765,945.6824217863976,9,1
516,25.0,29.0,33.0,16,589.5700382782447,397.6914588647681,840.2544038471632,9,1
517,25.0,29.0,33.0,17,661.6983743999849,444.2397010085579,944.0883560294446,9,1
518,25.0,29.0,33.0,18,967.8279166345867,646.8250991517696,1380.1393768182936,9,1
519,25.0,29.0,33.0,19,1012.5824725009253,689.0956254696329,1444.2735844807048,9,1
520,26.0,30.0,34.0,0,374.30083661571126,221.1095959098718,589.7777165139041,9,1
521,26.0,30.0,34.0,1,553.0183522308477,292.20728507101745,931.2908006116347,9,1
522,26.0,30.0,34.0,2,386.6999828181714,203.55998340388055,643.1514216444451,9,1
523,26.0,30.0,34.0,3,516.2651274170837,302.03497336476715,808.7246965627456,9,1
524,26.0,30.0,34.0,4,242.87378493717173,142.64383557598399,382.46123255962283,9,1
525,26.0,30.0,34.0,5,416.53867263831074,222.4662878124589,701.965414722374,9,1
526,26.0,30.0,34.0,6,275.2723331903399,145.7110273209268,466.2844686505033,9,1
527,26.0,30.0,34.0,7,749.757909515305,430.4035405875523,1193.1840208719216,9,1
528,26.0,30.0,34.0,8,716.636301759152,385.9392387563241,1201.3112172750455,9,1
529,26.0,30.0,34.0,9,976.103292873183,566.8890674538566,1528.3327679034776,9,1
530,26.0,30.0,34.0,10,299.3822775756079,159.78437006935096,499.4498065224657,9,1
531,26.0,30.0,34.0,11,472.6476732588438,276.61182504471213,744.8069305549456,9,1
532,26.0,30.0,34.0,12,416.2483635304065,221.72838447830543,701.125572919478,9,1
533,26.0,30.0,34.0,13,529.2110568925094,310.21686738028654,832.552490080253,9,1
534,26.0,30.0,34.0,14,353.69544489044966,187.6979320681621,596.1416495144078,9,1
535,26.0,30.0,34.0,15,550.1023367457009,293.4937693845499,918.0232012561877,9,1
536,26.0,30.0,34.0,16,929.2045755050751,492.80806357491707,1568.5990567857098,9,1
537,26.0,30.0,34.0,17,309.1835249606743,163.26821297961138,516.5219909630794,9,1
538,26.0,30.0,34.0,18,461.75552913350634,243.01797621496746,768.1452888526,9,1
539,26.0,30.0,34.0,19,380.37274771818954,223.29045927995267,598.3564367237353,9,1
540,27.0,31.0,35.0,0,239.46557831892036,108.28525188030261,440.7463351915104,9,1
541,27.0,31.0,35.0,1,826.3519555812804,373.05142106396175,1547.4756354677681,9,1
542,27.0,31.0,35.0,2,938.57773083071,428.15926088869355,1727.2868551932877,9,1
543,27.0,31.0,35.0,3,342.4887367348306,154.76335728436538,630.9196976727762,9,1
544,27.0,31.0,35.0,4,363.1376395971692,163.52869421341137,681.4098031415925,9,1
545,27.0,31.0,35.0,5,682.7043656883694,309.67437629842345,1278.427142912713,9,1
546,27.0,31.0,35.0,6,149.13041998741366,67.64567546208313,279.2682421156455,9,1
547,27.0,31.0,35.0,7,532.0256967461046,239.89888783377566,990.8434932495561,9,1
548,27.0,31.0,35.0,8,317.3783857514261,143.52892115047626,584.5368805307446,9,1
549,27.0,31.0,35.0,9,324.99220091503076,147.58514540703445,598.3577107078573,9,1
550,27.0,31.0,35.0,10,770.195410122231,346.3924161122843,1416.4422755589162,9,1
551,27.0,31.0,35.0,11,394.0508082261391,177.83155811008473,741.7760347288648,9,1
552,27.0,31.0,35.0,12,258.7541184310379,117.29510227787617,476.6305830642576,9,1
553,27.0,31.0,35.0,13,425.0914179254084,191.70720813255156,800.8604453793109,9,1
554,27.0,31.0,35.0,14,406.07513148035076,183.6193734728133,766.9585986441049,9,1
555,27.0,31.0,35.0,15,285.47324191293046,129.50542245970666,534.9888051463852,9,1
556,27.0,31.0,35.0,16,391.82086078813944,177.29979939996235,735.4864961245362,9,1
557,27.0,31.0,35.0,17,743.1591417518935,335.5581345800102,1397.1609748559833,9,1
558,27.0,31.0,35.0,18,297.1125298580085,133.4273534189561,552.287419320414,9,1
559,27.0,31.0,35.0,19,416.4924928904292,188.03749315890087,780.6667588864592,9,1
560,28.0,32.0,36.0,0,,,,9,1
561,28.0,32.0,36.0,1,,,,9,1
562,28.0,32.0,36.0,2,,,,9,1
563,28.0,32.0,36.0,3,,,,9,1
564,28.0,32.0,36.0,4,,,,9,1
565,28.0,32.0,36.0,5,,,,9,1
566,28.0,32.0,36.0,6,,,,9,1
567,28.0,32.0,36.0,7,,,,9,1
568,28.0,32.0,36.0,8,,,,9,1
569,28.0,32.0,36.0,9,,,,9,1
570,28.0,32.0,36.0,10,,,,9,1
571,28.0,32.0,36.0,11,,,,9,1
572,28.0,32.0,36.0,12,,,,9,1
573,28.0,32.0,36.0,13,,,,9,1
574,28.0,32.0,36.0,14,,,,9,1
575,28.0,32.0,36.0,15,,,,9,1
576,28.0,32.0,36.0,16,,,,9,1
577,28.0,32.0,36.0,17,,,,9,1
578,28.0,32.0,36.0,18,,,,9,1
579,28.0,32.0,36.0,19,,,,9,1
580,29.0,33.0,37.0,0,,,,9,1
581,29.0,33.0,37.0,1,,,,9,1
582,29.0,33.0,37.0,2,,,,9,1
583,29.0,33.0,37.0,3,,,,9,1
584,29.0,33.0,37.0,4,,,,9,1
585,29.0,33.0,37.0,5,,,,9,1
586,29.0,33.0,37.0,6,,,,9,1
587,29.0,33.0,37.0,7,,,,9,1
588,29.0,33.0,37.0,8,,,,9,1
589,29.0,33.0,37.0,9,,,,9,1
590,29.0,33.0,37.0,10,,,,9,1
591,29.0,33.0,37.0,11,,,,9,1
592,29.0,33.0,37.0,12,,,,9,1
593,29.0,33.0,37.0,13,,,,9,1
594,29.0,33.0,37.0,14,,,,9,1
595,29.0,33.0,37.0,15,,,,9,1
596,29.0,33.0,37.0,16,,,,9,1
597,29.0,33.0,37.0,17,,,,9,1
598,29.0,33.0,37.0,18,,,,9,1
599,29.0,33.0,37.0,19,,,,9,1
600,30.0,34.0,38.0,0,,,,9,1
601,30.0,34.0,38.0,1,,,,9,1
602,30.0,34.0,38.0,2,,,,9,1
603,30.0,34.0,38.0,3,,,,9,1
604,30.0,34.0,38.0,4,,,,9,1
605,30.0,34.0,38.0,5,,,,9,1
606,30.0,34.0,38.0,6,,,,9,1
607,30.0,34.0,38.0,7,,,,9,1
608,30.0,34.0,38.0,8,,,,9,1
609,30.0,34.0,38.0,9,,,,9,1
610,30.0,34.0,38.0,10,,,,9,1
611,30.0,34.0,38.0,11,,,,9,1
612,30.0,34.0,38.0,12,,,,9,1
613,30.0,34.0,38.0,13,,,,9,1
614,30.0,34.0,38.0,14,,,,9,1
615,30.0,34.0,38.0,15,,,,9,1
616,30.0,34.0,38.0,16,,,,9,1
617,30.0,34.0,38.0,17,,,,9,1
618,30.0,34.0,38.0,18,,,,9,1
619,30.0,34.0,38.0,19,,,,9,1
620,31.0,35.0,39.0,0,,,,9,1
621,31.0,35.0,39.0,1,,,,9,1
622,31.0,35.0,39.0,2,,,,9,1
623,31.0,35.0,39.0,3,,,,9,1
624,31.0,35.0,39.0,4,,,,9,1
625,31.0,35.0,39.0,5,,,,9,1
626,31.0,35.0,39.0,6,,,,9,1
627,31.0,35.0,39.0,7,,,,9,1
628,31.0,35.0,39.0,8,,,,9,1
629,31.0,35.0,39.0,9,,,,9,1
630,31.0,35.0,39.0,10,,,,9,1
631,31.0,35.0,39.0,11,,,,9,1
632,31.0,35.0,39.0,12,,,,9,1
633,31.0,35.0,39.0,13,,,,9,1
634,31.0,35.0,39.0,14,,,,9,1
635,31.0,35.0,39.0,15,,,,9,1
636,31.0,35.0,39.0,16,,,,9,1
637,31.0,35.0,39.0,17,,,,9,1
638,31.0,35.0,39.0,18,,,,9,1
639,31.0,35.0,39.0,19,,,,9,1
640,32.0,36.0,40.0,0,,,,9,1
641,32.0,36.0,40.0,1,,,,9,1
642,32.0,36.0,40.0,2,,,,9,1
643,32.0,36.0,40.0,3,,,,9,1
644,32.0,36.0,40.0,4,,,,9,1
645,32.0,36.0,40.0,5,,,,9,1
646,32.0,36.0,40.0,6,,,,9,1
647,32.0,36.0,40.0,7,,,,9,1
648,32.0,36.0,40.0,8,,,,9,1
649,32.0,36.0,40.0,9,,,,9,1
650,32.0,36.0,40.0,10,,,,9,1
651,32.0,36.0,40.0,11,,,,9,1
652,32.0,36.0,40.0,12,,,,9,1
653,32.0,36.0,40.0,13,,,,9,1
654,32.0,36.0,40.0,14,,,,9,1
655,32.0,36.0,40.0,15,,,,9,1
656,32.0,36.0,40.0,16,,,,9,1
657,32.0,36.0,40.0,17,,,,9,1
658,32.0,36.0,40.0,18,,,,9,1
659,32.0,36.0,40.0,19,,,,9,1
660,33.0,37.0,41.0,0,,,,9,1
661,33.0,37.0,41.0,1,,,,9,1
662,33.0,37.0,41.0,2,,,,9,1
663,33.0,37.0,41.0,3,,,,9,1
664,33.0,37.0,41.0,4,,,,9,1
665,33.0,37.0,41.0,5,,,,9,1
666,33.0,37.0,41.0,6,,,,9,1
667,33.0,37.0,41.0,7,,,,9,1
668,33.0,37.0,41.0,8,,,,9,1
669,33.0,37.0,41.0,9,,,,9,1
670,33.0,37.0,41.0,10,,,,9,1
671,33.0,37.0,41.0,11,,,,9,1
672,33.0,37.0,41.0,12,,,,9,1
673,33.0,37.0,41.0,13,,,,9,1
674,33.0,37.0,41.0,14,,,,9,1
675,33.0,37.0,41.0,15,,,,9,1
676,33.0,37.0,41.0,16,,,,9,1
677,33.0,37.0,41.0,17,,,,9,1
678,33.0,37.0,41.0,18,,,,9,1
679,33.0,37.0,41.0,19,,,,9,1
680,34.0,38.0,42.0,0,,,,9,1
681,34.0,38.0,42.0,1,,,,9,1
682,34.0,38.0,42.0,2,,,,9,1
683,34.0,38.0,42.0,3,,,,9,1
684,34.0,38.0,42.0,4,,,,9,1
685,34.0,38.0,42.0,5,,,,9,1
686,34.0,38.0,42.0,6,,,,9,1
687,34.0,38.0,42.0,7,,,,9,1
688,34.0,38.0,42.0,8,,,,9,1
689,34.0,38.0,42.0,9,,,,9,1
690,34.0,38.0,42.0,10,,,,9,1
691,34.0,38.0,42.0,11,,,,9,1
692,34.0,38.0,42.0,12,,,,9,1
693,34.0,38.0,42.0,13,,,,9,1
694,34.0,38.0,42.0,14,,,,9,1
695,34.0,38.0,42.0,15,,,,9,1
696,34.0,38.0,42.0,16,,,,9,1
697,34.0,38.0,42.0,17,,,,9,1
698,34.0,38.0,42.0,18,,,,9,1
699,34.0,38.0,42.0,19,,,,9,1
