,lineage,17,18,19,20,21,22,23,24,25,26,27,28,29,30,31,32,33,34,35,36,37,38,39,40,41,42,43,44,45,46,47,48,49,50,51,52,53,54,55,56,57
0,A,0,0,1,0,0,0,1,5,1,0,0,0,0,1,0,0,0,0,1,5,1,1,0,0,0,0,0,0,0,0,1,1,0,12,14,13,4,6,23,12,3
1,A.1,0,0,0,0,0,0,0,0,0,0,0,0,1,0,0,0,0,0,0,0,0,0,0,0,0,0,0,0,0,0,0,0,0,0,0,0,0,0,0,0,0
2,A.12,0,0,0,0,0,0,0,0,0,0,0,0,0,0,0,0,0,0,0,0,0,0,0,0,0,0,0,0,0,0,0,0,0,1,0,0,0,0,0,0,0
3,A.2,0,0,1,0,0,0,0,1,0,0,0,0,0,0,0,0,0,0,0,0,0,0,0,0,0,0,0,0,0,0,0,0,0,0,0,0,0,0,0,0,0
4,B,0,0,6,0,0,0,3,4,2,1,0,0,0,0,0,0,1,0,0,0,2,1,0,0,1,0,0,0,1,0,0,0,0,0,0,0,0,0,0,0,0
5,B.1,1,1,27,15,10,0,16,62,59,19,16,3,44,12,7,3,9,12,16,23,16,20,40,32,28,32,47,19,33,95,55,23,5,38,25,11,15,17,15,5,1
6,B.1.1.1,0,2,46,30,13,14,16,170,154,84,98,7,110,73,43,84,105,37,74,97,79,55,87,36,103,98,89,49,72,88,43,24,9,38,16,14,11,4,6,2,0
7,B.1.1.10,0,0,4,2,0,0,0,4,2,0,1,4,1,2,0,0,0,0,0,0,0,0,0,0,0,0,0,0,0,0,0,0,0,4,0,2,2,4,1,0,0
8,B.1.1.101,0,0,0,0,0,0,0,0,0,0,0,0,0,0,0,0,0,0,0,0,0,0,0,0,0,1,0,0,0,0,0,1,0,0,0,0,0,0,0,0,0
9,B.1.1.102,0,0,1,2,0,0,0,0,1,0,0,0,0,0,0,0,0,0,1,1,2,0,4,0,0,1,1,0,1,3,2,1,0,2,0,1,0,0,0,0,0
10,B.1.1.103,0,0,0,0,0,0,0,0,0,0,0,0,0,0,0,0,0,2,0,0,0,1,0,2,0,1,4,1,0,2,0,1,0,3,1,1,0,2,0,0,2
11,B.1.1.104,0,0,1,0,0,0,0,5,4,0,0,0,0,0,0,0,0,0,0,0,0,0,0,0,0,0,0,0,0,0,0,0,0,0,0,0,0,0,0,0,0
12,B.1.1.105,0,0,0,0,0,0,0,0,0,0,0,0,0,0,0,0,0,0,1,1,1,0,1,0,0,1,1,0,1,0,1,0,0,4,0,2,0,1,0,0,0
13,B.1.1.106,0,0,0,0,1,0,0,1,2,0,0,0,0,0,0,0,0,0,0,0,0,0,0,0,0,0,0,0,0,0,0,0,0,0,0,0,0,0,0,0,0
14,B.1.1.107,0,0,0,0,0,0,1,5,2,6,5,0,8,5,2,1,5,0,1,0,0,0,0,0,0,0,0,0,0,1,0,1,0,0,0,0,0,0,0,0,0
15,B.1.1.109,0,0,0,0,0,0,2,10,9,0,2,0,0,0,0,0,0,0,0,0,0,0,0,0,0,0,0,0,0,0,0,0,0,0,0,0,0,0,0,0,0
16,B.1.1.114,0,2,8,6,1,0,0,5,3,1,0,1,2,2,1,2,1,3,10,8,1,0,0,1,1,3,7,3,0,3,1,0,1,1,1,0,1,0,0,0,0
17,B.1.1.115,0,0,2,0,0,0,2,13,4,0,3,8,15,2,1,0,0,0,2,6,0,1,0,0,0,0,0,0,0,0,0,0,0,0,0,0,0,0,0,0,0
18,B.1.1.119,0,14,60,59,31,6,41,324,229,138,132,14,42,37,6,21,16,18,13,18,19,16,27,19,18,19,51,9,25,30,14,3,4,16,9,3,2,7,2,3,3
19,B.1.1.12,0,0,0,0,0,0,2,4,3,0,0,0,2,1,1,3,1,3,4,9,6,2,4,4,2,3,10,1,2,2,1,0,0,1,3,0,0,3,0,0,0
20,B.1.1.120,0,0,0,0,0,0,2,9,19,0,0,0,1,1,0,0,0,0,0,0,0,0,0,0,0,0,0,0,0,0,0,0,0,0,0,0,0,0,0,0,0
21,B.1.1.123,0,0,0,0,1,0,7,12,18,9,3,0,1,0,0,0,0,0,0,0,0,0,0,0,0,0,0,0,0,0,0,1,0,0,2,0,0,0,0,0,0
22,B.1.1.125,0,0,0,0,0,0,2,35,25,1,4,0,5,0,0,0,0,0,0,0,0,0,0,0,0,0,0,0,0,0,0,0,0,0,0,0,0,0,0,0,0
23,B.1.1.126,0,0,0,0,0,0,0,0,0,0,0,0,0,0,0,0,0,0,0,0,0,0,1,0,0,0,0,0,0,0,0,0,0,0,0,0,0,0,0,0,0
24,B.1.1.127,0,0,1,0,0,0,0,0,0,0,0,0,0,0,0,0,0,0,1,0,0,0,0,0,0,0,0,0,0,0,0,0,0,1,0,0,0,0,0,0,0
25,B.1.1.128,0,0,0,0,0,0,0,0,0,0,0,0,1,0,0,0,0,0,0,0,0,0,0,0,0,0,0,0,0,0,0,0,0,0,0,0,0,0,0,0,0
26,B.1.1.130,0,0,2,0,0,0,0,0,3,0,3,0,1,0,1,3,1,1,17,10,2,0,5,1,6,5,1,0,3,2,1,0,0,2,1,0,0,0,0,0,0
27,B.1.1.131,0,1,0,0,0,0,0,0,0,0,0,0,0,0,0,0,0,0,0,0,0,0,0,0,0,0,0,0,0,0,0,0,0,0,0,0,0,0,0,0,0
28,B.1.1.132,0,0,0,0,0,0,0,1,0,0,0,0,0,0,0,0,0,0,0,0,0,0,0,0,0,0,0,0,1,0,0,0,0,0,0,1,0,0,0,0,0
29,B.1.1.133,0,0,2,0,0,0,2,5,10,13,5,0,0,0,1,0,1,2,3,0,2,1,3,1,0,1,1,1,0,0,0,0,0,0,0,0,0,0,0,0,0
30,B.1.1.134,0,0,2,0,2,1,0,1,5,0,0,0,0,0,0,0,0,0,0,0,0,0,0,0,0,0,0,0,0,0,0,0,0,0,0,0,0,0,0,0,0
31,B.1.1.135,0,0,0,1,0,0,0,1,0,0,0,0,0,0,0,0,1,1,3,0,0,1,0,0,0,0,1,4,3,0,1,0,0,3,1,0,1,1,1,0,0
32,B.1.1.136,0,0,0,0,0,0,0,1,0,0,0,0,1,0,0,0,0,0,0,0,0,0,0,0,0,0,0,0,0,0,0,0,0,0,0,0,0,0,0,0,0
33,B.1.1.138,0,0,0,0,0,0,0,0,0,1,8,1,6,1,3,12,8,13,1,0,3,3,10,4,9,13,4,5,12,18,9,3,0,1,1,0,0,0,0,0,0
34,B.1.1.140,0,0,0,0,0,0,0,0,0,0,0,0,0,0,0,0,0,0,0,0,0,0,0,0,0,0,0,1,0,0,0,0,0,0,0,0,0,0,0,0,0
35,B.1.1.141,0,0,0,0,0,0,0,16,15,4,20,2,2,2,2,1,5,2,0,0,0,0,1,0,0,0,0,0,1,2,0,0,1,0,0,2,0,0,1,0,0
36,B.1.1.144,0,0,0,0,0,0,0,0,0,0,0,0,0,0,0,0,0,0,0,2,1,0,0,0,0,0,1,0,1,0,1,0,0,0,0,0,0,0,0,0,0
37,B.1.1.145,0,0,0,0,1,1,0,3,3,11,1,0,1,0,0,0,0,0,0,0,0,0,0,0,0,0,0,0,0,0,0,0,0,0,0,0,0,0,0,0,0
38,B.1.1.147,0,0,0,0,0,0,0,0,4,1,2,1,0,0,0,0,0,0,0,0,0,0,0,0,0,0,0,0,0,0,0,0,0,0,0,0,0,0,0,0,0
39,B.1.1.148,0,0,0,0,0,0,0,0,0,0,0,0,0,0,0,0,0,1,1,0,0,0,0,0,0,0,0,0,0,0,0,0,0,0,0,0,0,0,0,0,0
40,B.1.1.149,0,0,0,0,0,0,1,6,6,0,0,0,0,0,0,0,0,0,0,0,0,0,0,0,0,0,0,0,0,0,0,0,0,0,0,0,0,0,0,0,0
41,B.1.1.15,0,0,0,0,0,0,0,1,0,2,20,0,10,1,2,0,1,0,1,0,1,0,0,0,0,0,0,3,0,0,0,0,0,0,0,0,0,0,0,0,0
42,B.1.1.151,0,0,1,1,0,0,0,1,7,1,0,0,4,30,21,24,44,12,7,1,12,6,8,2,6,3,8,1,3,0,0,0,0,0,0,0,0,0,0,0,0
43,B.1.1.152,0,0,0,0,0,0,1,0,0,0,0,0,1,0,0,0,0,0,0,0,1,1,4,0,1,0,0,0,0,0,0,0,0,0,0,0,0,0,0,0,0
44,B.1.1.153,0,0,0,0,0,0,0,0,0,0,0,0,0,0,0,0,0,0,0,0,0,0,0,2,1,2,6,1,4,4,0,0,0,1,0,0,0,2,0,3,0
45,B.1.1.154,0,0,0,0,0,0,0,1,0,0,0,0,0,0,0,0,0,0,0,0,0,0,0,0,0,0,0,0,0,0,0,0,0,0,0,0,0,0,0,0,0
46,B.1.1.155,0,0,0,1,0,0,2,8,4,1,0,0,0,0,0,0,0,0,0,0,0,0,0,0,0,0,0,0,0,0,0,0,0,0,0,0,0,0,0,0,0
47,B.1.1.159,0,0,1,0,0,0,0,1,0,0,0,0,0,0,0,0,0,0,0,0,0,0,0,0,2,0,1,0,3,0,0,0,0,0,1,1,0,1,0,0,0
48,B.1.1.161,0,0,0,0,0,0,0,0,0,0,0,0,0,0,0,0,0,0,1,1,0,0,0,0,0,0,0,0,0,0,0,0,0,0,0,0,0,0,0,0,0
49,B.1.1.162,0,0,0,0,0,0,0,1,0,0,0,0,1,0,0,0,0,0,0,0,0,0,0,0,0,0,0,0,0,0,0,0,0,0,0,0,0,0,0,0,0
50,B.1.1.163,0,0,0,0,0,0,0,0,0,0,0,0,0,0,0,0,0,0,0,0,0,0,0,4,3,5,3,0,0,2,1,0,0,0,0,0,0,0,0,0,0
51,B.1.1.164,0,0,1,0,0,0,0,2,1,0,0,0,0,0,0,0,1,0,0,0,0,0,0,0,0,0,0,0,0,0,0,0,0,0,0,0,0,0,0,0,0
52,B.1.1.165,0,0,0,0,0,0,0,0,0,0,0,0,0,0,0,0,0,1,6,1,6,2,7,0,7,11,13,2,8,4,0,0,0,0,0,0,0,0,0,0,0
53,B.1.1.166,0,0,1,0,0,0,0,1,0,0,0,0,0,1,0,0,0,0,0,0,1,0,0,0,0,0,0,0,0,0,0,0,0,0,0,0,0,0,0,0,0
54,B.1.1.168,0,0,0,0,1,0,0,2,2,0,0,0,0,0,0,0,0,0,0,0,0,0,0,0,0,0,0,0,0,0,0,0,0,0,0,0,0,0,0,0,0
55,B.1.1.170,0,0,0,0,0,0,0,0,0,0,0,0,0,0,0,0,0,1,1,1,0,0,0,1,5,5,6,1,8,12,1,3,0,2,3,0,1,2,0,2,0
56,B.1.1.171,0,0,1,0,1,0,1,21,29,10,24,1,29,17,6,11,14,6,3,2,0,0,1,0,0,1,0,0,2,1,3,1,0,0,0,0,0,2,0,0,0
57,B.1.1.175,0,0,0,0,0,0,2,1,5,1,1,0,2,0,1,0,0,0,1,0,0,3,0,0,0,1,0,0,1,1,1,0,0,0,0,0,0,0,0,0,0
58,B.1.1.178,0,0,0,0,0,0,0,1,2,1,1,2,2,1,1,0,0,0,0,0,0,0,0,0,0,0,0,0,0,0,0,0,0,0,0,0,0,0,0,0,0
59,B.1.1.182,0,0,0,0,0,0,0,0,1,0,0,0,0,0,0,0,0,0,0,0,2,2,1,2,2,0,4,1,2,8,6,3,2,5,2,0,0,0,0,0,0
60,B.1.1.184,0,0,0,0,0,0,0,0,0,0,0,0,0,0,0,0,0,0,0,1,2,0,1,2,7,3,6,4,5,13,6,0,0,1,4,3,0,2,1,1,0
61,B.1.1.186,0,0,0,0,0,0,0,0,0,0,0,0,0,0,0,0,0,0,0,0,0,0,0,0,0,1,0,0,0,0,0,0,0,0,0,0,0,0,0,0,0
62,B.1.1.187,0,0,0,0,0,0,0,0,0,0,0,0,0,0,0,0,0,0,0,2,6,0,0,0,0,0,0,0,3,1,0,0,0,0,0,0,0,0,0,0,0
63,B.1.1.189,0,0,0,0,0,0,0,1,0,0,2,3,0,0,2,0,9,7,5,5,7,7,19,4,5,1,4,1,6,2,1,1,1,0,2,0,1,0,0,0,0
64,B.1.1.192,0,0,0,0,0,0,0,0,0,0,0,0,0,0,0,0,0,1,0,0,0,0,1,0,0,0,0,0,0,0,0,0,0,0,0,0,0,0,0,0,0
65,B.1.1.193,0,0,0,3,0,0,0,2,0,1,0,0,0,0,0,0,0,0,0,0,0,0,0,2,2,0,1,0,3,1,1,0,0,0,0,0,0,0,0,0,0
66,B.1.1.194,0,1,0,0,0,0,0,0,0,0,0,0,0,0,0,0,0,0,0,0,0,0,0,0,0,0,0,0,0,0,0,0,0,0,0,0,0,0,0,0,0
67,B.1.1.195,0,0,1,9,0,0,1,2,2,0,3,0,0,1,0,0,0,2,0,0,0,0,0,0,0,0,0,0,0,0,0,0,0,0,0,0,0,1,0,0,0
68,B.1.1.196,0,0,0,0,0,0,0,0,0,0,0,0,0,0,0,0,0,0,2,1,4,4,27,3,10,10,15,9,19,16,9,1,1,3,1,0,0,0,0,0,0
69,B.1.1.197,0,0,0,0,0,0,0,0,0,0,0,0,0,0,0,0,1,1,0,0,0,0,0,0,0,0,0,0,1,0,3,0,0,0,0,0,0,0,0,0,0
70,B.1.1.198,0,0,0,0,0,0,1,8,0,0,2,0,6,4,1,1,2,1,21,34,18,6,6,7,7,11,11,10,33,27,15,10,0,1,1,0,0,0,0,0,0
71,B.1.1.199,0,1,0,0,0,0,0,1,0,0,0,0,0,0,0,0,0,0,0,0,0,0,0,0,0,0,0,0,0,0,0,0,0,0,0,0,0,0,0,0,0
72,B.1.1.2,0,0,0,0,0,0,0,0,0,0,0,0,1,0,0,0,0,0,0,0,0,0,0,0,0,0,0,0,0,2,0,0,0,1,0,0,0,0,0,0,0
73,B.1.1.200,0,0,0,0,0,0,3,52,20,20,11,3,4,2,0,0,0,0,0,0,0,0,1,0,0,0,0,0,0,0,0,0,0,0,0,0,0,0,0,0,0
74,B.1.1.201,0,0,0,0,0,0,0,0,0,0,0,0,0,2,0,0,0,0,0,0,0,0,0,0,0,0,0,0,0,0,0,0,0,0,0,0,0,0,0,0,0
75,B.1.1.203,0,0,0,0,0,0,0,9,5,2,1,0,0,0,0,0,0,0,0,0,0,0,0,0,0,0,0,0,0,0,0,0,0,0,0,0,0,0,0,0,0
76,B.1.1.204,0,0,0,0,0,0,0,0,0,0,3,0,0,0,0,1,0,0,0,0,0,8,1,0,6,2,15,1,4,15,9,4,1,3,0,0,0,0,0,0,0
77,B.1.1.206,0,0,0,0,0,0,0,0,0,0,0,0,0,0,0,0,0,0,0,0,0,0,0,0,0,0,1,0,0,0,0,0,0,0,0,0,0,0,0,0,0
78,B.1.1.208,0,0,3,0,0,0,0,19,8,3,5,0,0,0,0,0,0,0,0,0,1,0,0,0,0,0,0,0,0,1,2,0,0,0,1,0,0,0,0,0,0
79,B.1.1.209,0,0,0,0,0,0,0,0,0,0,0,0,0,0,0,0,0,0,0,0,1,0,2,1,3,4,0,1,1,2,0,0,0,0,0,0,0,0,0,0,0
80,B.1.1.210,0,0,0,0,0,0,0,0,0,0,0,0,0,0,0,0,0,0,0,0,0,0,0,0,0,0,1,0,0,0,0,0,0,0,0,0,0,0,0,0,0
81,B.1.1.211,0,0,0,0,0,0,0,0,0,0,0,0,0,0,0,0,0,0,0,0,0,0,0,0,0,0,0,0,0,1,0,0,0,0,0,0,0,0,0,0,0
82,B.1.1.212,0,0,0,0,0,0,0,0,0,0,0,0,0,0,0,0,0,0,0,0,0,0,0,0,0,0,0,0,0,0,0,0,0,1,0,0,0,0,0,0,0
83,B.1.1.213,0,0,0,0,0,0,1,1,1,3,2,1,2,1,0,0,0,0,0,0,1,0,0,0,0,0,0,0,0,0,0,0,0,0,0,0,0,0,0,0,0
84,B.1.1.216,0,0,0,0,0,0,1,0,0,0,0,0,0,0,0,0,0,0,2,0,0,1,1,2,0,3,1,2,4,0,0,1,4,6,4,1,3,0,3,0,0
85,B.1.1.217,0,1,1,1,5,2,3,50,21,20,27,16,19,9,2,2,5,17,11,1,0,2,5,0,1,0,1,0,1,0,0,1,1,3,0,0,0,0,0,0,0
86,B.1.1.218,0,0,0,0,0,0,0,0,0,0,0,0,0,1,0,2,1,6,1,4,5,0,1,0,3,0,0,0,0,0,0,0,0,0,0,0,0,0,0,0,0
87,B.1.1.219,0,0,0,0,0,0,0,0,0,0,0,0,0,0,0,0,0,1,1,0,1,0,0,0,0,0,0,3,0,1,0,0,0,0,0,0,0,0,0,0,0
88,B.1.1.220,0,0,0,0,0,0,2,7,5,0,3,2,11,5,2,0,0,0,0,0,1,0,0,1,0,0,0,0,0,0,0,0,0,0,0,1,0,0,1,0,0
89,B.1.1.222,0,0,0,0,0,0,0,0,0,0,0,0,0,0,0,0,1,0,0,0,0,0,0,0,0,0,0,2,0,1,0,0,0,3,0,0,0,0,5,0,0
90,B.1.1.224,0,0,0,0,0,0,0,0,0,0,0,0,0,0,0,0,0,0,0,0,0,0,0,1,0,1,1,0,4,0,1,0,0,0,0,0,0,0,0,0,0
91,B.1.1.225,0,0,0,0,0,0,0,0,0,2,0,0,0,0,0,0,0,0,1,0,0,0,0,0,0,0,0,0,0,0,0,0,0,0,0,0,0,0,0,0,0
92,B.1.1.226,0,0,0,0,0,0,0,0,0,0,0,0,2,0,0,0,0,0,0,0,0,0,0,0,0,0,0,0,0,0,0,0,0,0,1,0,0,0,0,0,0
93,B.1.1.227,0,0,0,0,0,0,0,1,8,15,20,2,13,29,34,8,10,43,17,11,3,2,1,0,0,0,0,0,0,0,0,0,0,0,0,0,0,0,0,0,0
94,B.1.1.232,0,0,0,0,0,0,1,0,1,1,1,0,0,1,1,0,4,3,3,2,3,4,7,0,3,1,2,0,7,1,0,0,0,0,1,0,0,0,0,0,0
95,B.1.1.234,0,0,0,0,0,0,0,0,0,0,0,0,0,0,0,0,1,1,0,2,0,0,1,0,1,2,1,0,0,0,1,3,1,0,0,0,0,0,0,0,0
96,B.1.1.235,0,0,0,0,0,0,0,0,0,0,0,0,0,1,2,0,9,12,20,7,1,0,0,0,0,0,0,0,0,0,0,0,0,0,0,0,0,0,0,0,0
97,B.1.1.236,0,0,0,0,0,0,0,0,0,0,0,0,0,0,0,0,0,0,0,0,4,1,4,2,7,4,23,3,14,16,2,0,1,1,0,0,0,0,0,0,0
98,B.1.1.237,0,0,4,1,4,0,1,2,1,0,0,0,0,1,1,3,0,0,0,0,1,0,0,0,1,1,0,0,0,1,0,0,0,0,0,0,0,0,0,0,0
99,B.1.1.239,0,0,0,0,0,0,0,0,0,0,0,0,0,0,0,1,6,0,0,0,0,0,0,0,0,0,0,0,0,0,0,0,0,0,0,0,0,0,0,0,0
100,B.1.1.240,0,0,0,0,0,0,0,0,0,0,0,0,0,0,0,0,0,0,3,6,12,3,9,3,2,5,12,5,18,16,5,4,3,7,7,1,0,0,1,0,0
101,B.1.1.241,0,0,0,0,0,0,0,0,0,0,0,0,0,0,0,1,2,2,3,9,7,5,4,0,0,2,5,2,3,8,3,3,1,1,0,0,0,0,0,0,0
102,B.1.1.242,0,0,0,0,0,0,0,0,0,0,0,0,0,0,0,0,0,1,1,0,0,0,0,0,0,0,0,0,0,0,1,0,0,0,0,0,0,0,0,0,0
103,B.1.1.243,0,0,0,0,0,0,0,0,0,0,0,0,0,0,0,0,0,0,11,0,3,1,2,1,1,2,0,0,2,0,0,0,0,0,1,0,0,0,0,0,0
104,B.1.1.244,0,0,0,1,0,0,0,1,0,0,0,0,0,0,0,0,0,0,0,0,0,0,0,0,0,0,0,0,0,2,0,0,0,1,0,0,0,0,0,0,0
105,B.1.1.247,0,0,0,2,0,0,0,3,1,2,1,0,1,0,0,0,0,0,0,0,0,0,0,0,0,0,0,0,0,0,0,0,0,0,0,0,0,0,0,0,0
106,B.1.1.25,0,0,0,0,0,0,0,0,0,0,0,0,0,0,0,0,0,2,4,3,2,0,0,0,0,2,0,0,0,0,0,0,0,0,0,0,2,0,0,0,0
107,B.1.1.250,0,0,1,4,0,0,1,0,1,0,0,0,0,0,0,0,0,0,0,0,0,0,0,0,0,0,0,2,4,1,3,0,1,0,1,0,1,1,0,1,0
108,B.1.1.251,0,0,1,0,0,0,0,0,0,0,0,0,0,0,0,0,0,0,0,0,0,0,0,0,0,0,0,0,0,1,0,0,0,0,0,0,0,0,1,0,0
109,B.1.1.253,0,0,1,0,1,0,12,39,51,20,19,0,12,15,5,14,34,12,20,13,23,14,13,1,6,7,3,6,2,1,0,0,0,0,0,0,3,0,0,0,0
110,B.1.1.254,0,0,0,0,0,0,0,1,3,0,0,0,0,0,0,0,0,0,0,0,0,0,0,0,0,0,0,0,0,0,0,0,0,0,0,0,0,0,0,0,0
111,B.1.1.255,0,0,0,0,0,0,0,4,3,2,24,0,30,30,6,14,26,3,3,6,19,10,17,1,4,7,6,5,6,13,13,3,0,2,1,0,1,0,0,0,0
112,B.1.1.256,0,0,1,0,1,0,5,16,24,9,8,0,0,0,0,0,0,0,0,0,0,0,0,0,0,0,0,0,0,0,0,0,0,0,0,0,0,0,0,0,0
113,B.1.1.257,0,0,5,0,1,0,2,5,9,1,0,0,0,0,0,0,0,0,0,0,0,0,0,0,0,0,0,0,0,0,0,0,0,0,0,0,0,0,0,0,0
114,B.1.1.259,0,0,0,0,0,0,0,1,3,0,1,1,0,0,0,0,0,0,0,0,0,0,0,0,0,0,0,0,0,0,0,0,0,0,0,0,0,0,0,0,0
115,B.1.1.260,0,0,0,0,0,0,0,2,0,4,1,0,0,0,0,0,0,0,0,0,0,0,0,0,0,0,0,0,0,0,0,0,0,0,0,0,0,0,0,0,0
116,B.1.1.261,0,0,0,0,0,0,0,0,1,0,0,0,0,0,0,0,0,0,0,0,0,0,0,0,0,0,0,0,0,0,0,0,0,0,0,0,0,0,0,0,0
117,B.1.1.263,0,0,0,0,0,0,0,0,0,1,0,0,0,0,0,0,0,0,0,0,1,0,0,0,0,0,0,0,0,0,0,0,0,0,0,0,0,0,0,0,0
118,B.1.1.264,0,0,0,1,0,0,0,1,2,2,0,0,0,0,0,0,0,0,0,0,0,0,0,0,0,0,0,0,0,0,0,0,0,0,2,0,0,0,0,0,0
119,B.1.1.265,0,0,0,0,0,0,0,0,0,0,0,0,0,0,0,0,0,0,0,0,0,0,0,0,0,0,0,0,0,0,0,0,0,2,0,0,0,0,0,0,0
120,B.1.1.266,0,0,0,0,0,0,0,0,0,0,0,0,0,0,0,0,0,1,3,0,2,7,1,0,1,0,0,0,0,0,0,0,0,0,0,0,0,0,0,0,0
121,B.1.1.269,0,0,2,1,3,2,1,12,2,1,0,0,6,1,8,14,17,17,31,20,4,3,4,2,2,1,2,3,2,1,2,0,1,0,0,0,0,0,0,0,0
122,B.1.1.27,0,0,0,0,0,0,0,0,0,0,0,0,0,0,0,0,0,0,0,0,0,0,0,0,0,0,0,0,0,1,0,0,0,0,0,0,0,0,0,0,0
123,B.1.1.270,0,0,1,0,0,0,1,11,3,4,0,0,2,0,0,0,0,0,0,0,0,0,0,0,0,0,0,0,0,0,0,0,0,0,0,0,0,0,0,0,0
124,B.1.1.272,0,0,0,0,0,0,0,0,0,0,0,0,0,0,0,0,0,0,0,0,0,0,0,3,1,0,1,1,1,0,0,0,0,1,0,0,0,1,0,0,0
125,B.1.1.273,0,0,0,0,0,0,0,0,0,0,0,0,0,0,0,0,0,0,0,3,0,0,0,0,0,0,0,1,0,0,0,0,0,0,0,0,0,0,0,0,0
126,B.1.1.274,0,0,1,0,0,0,0,2,1,0,1,2,5,3,2,1,0,0,0,0,1,0,0,0,0,2,4,1,3,3,3,0,1,7,6,1,0,2,0,0,0
127,B.1.1.277,0,0,0,0,0,0,0,0,0,0,0,0,0,0,3,4,9,13,10,18,6,5,9,5,3,7,6,2,4,3,7,1,0,0,1,0,0,0,0,1,0
128,B.1.1.279,0,0,2,0,1,0,6,87,85,56,70,2,18,26,24,36,22,3,10,6,32,20,46,35,32,41,34,8,18,14,7,2,0,2,1,1,0,0,0,0,0
129,B.1.1.28,0,0,0,0,0,0,0,0,0,1,0,0,0,0,0,0,0,0,0,3,0,0,0,0,1,0,5,0,0,0,2,0,2,1,3,2,0,2,1,0,0
130,B.1.1.280,0,0,0,0,0,0,0,0,0,0,0,0,0,0,0,0,0,3,0,0,1,0,0,0,0,0,0,0,0,0,1,0,0,0,0,0,0,0,0,0,0
131,B.1.1.281,0,0,0,0,0,0,0,0,0,0,0,0,1,1,0,0,0,0,0,1,0,0,1,0,0,1,0,0,0,0,0,0,0,3,0,0,0,0,0,0,0
132,B.1.1.282,0,0,0,0,0,0,0,0,0,0,0,0,0,0,0,0,0,6,1,4,0,0,0,0,0,0,0,0,0,0,0,0,0,0,0,0,0,0,0,0,0
133,B.1.1.286,0,0,0,0,0,0,1,1,10,6,6,5,2,2,1,10,17,2,12,5,24,31,31,8,11,27,22,12,18,17,11,3,0,6,4,1,0,0,0,0,0
134,B.1.1.288,0,0,0,0,0,0,0,0,0,0,0,0,0,0,0,0,1,0,0,2,5,1,1,0,0,2,1,0,3,0,2,1,0,4,0,3,1,3,1,0,0
135,B.1.1.289,0,0,0,0,0,0,1,2,0,2,0,0,0,0,0,0,0,0,1,1,0,0,0,0,0,0,0,0,0,0,0,0,0,0,0,0,0,0,0,0,0
136,B.1.1.29,0,1,0,0,0,0,0,1,0,0,1,0,1,0,0,0,0,0,0,0,0,2,3,0,0,0,0,1,0,0,0,0,0,0,1,0,0,0,0,0,0
137,B.1.1.292,0,0,1,6,2,0,11,11,4,1,0,0,0,0,0,2,1,2,0,4,1,0,0,0,1,6,5,2,2,1,0,0,0,0,0,0,0,0,0,0,0
138,B.1.1.293,0,0,0,0,0,0,0,0,0,0,0,0,0,0,0,0,0,0,0,0,0,0,0,0,0,0,0,0,0,0,0,0,1,1,0,0,1,0,1,0,0
139,B.1.1.294,0,0,0,0,0,0,0,0,0,0,0,1,4,0,0,0,2,0,3,5,4,1,1,0,9,1,14,3,14,10,4,4,4,3,3,3,2,1,0,0,0
140,B.1.1.296,0,0,0,1,0,0,0,0,0,0,0,0,0,0,0,0,0,0,0,0,0,0,0,0,0,0,0,0,0,0,0,0,0,0,0,0,0,0,0,0,0
141,B.1.1.297,0,0,0,0,0,0,0,0,0,0,1,0,0,1,0,0,1,1,2,4,4,4,3,6,1,0,1,0,0,0,0,0,0,0,1,0,0,0,0,0,0
142,B.1.1.299,0,0,0,0,2,0,0,5,22,19,21,1,3,0,0,0,0,0,0,0,0,0,0,0,0,0,0,0,0,0,0,0,0,0,0,0,0,0,0,0,0
143,B.1.1.3,0,0,0,0,0,0,0,0,0,0,0,0,0,0,0,0,0,0,0,1,0,0,0,0,0,0,0,0,0,0,0,0,0,0,0,0,0,0,0,0,0
144,B.1.1.300,0,0,0,0,0,0,0,3,36,27,17,0,4,1,0,0,0,0,0,0,0,0,0,0,0,0,0,0,0,0,0,0,0,0,0,0,0,0,0,0,0
145,B.1.1.301,0,0,0,0,2,10,15,117,108,56,74,10,21,8,9,10,24,11,8,16,50,20,39,10,8,11,14,7,8,13,23,1,5,10,2,3,7,0,0,3,0
146,B.1.1.302,0,0,0,0,0,0,0,0,0,0,0,0,1,0,0,0,0,1,6,0,0,2,0,1,0,3,1,0,3,0,0,0,0,0,0,0,0,0,0,0,0
147,B.1.1.303,0,0,0,0,0,0,0,1,0,3,7,0,11,1,4,4,14,2,9,19,28,31,54,30,23,18,18,10,17,12,3,0,0,0,0,0,0,0,0,0,0
148,B.1.1.304,0,0,0,0,0,0,2,0,0,0,0,0,0,0,0,0,0,1,1,1,1,2,5,7,12,13,20,3,18,19,12,3,2,4,1,0,0,1,0,0,0
149,B.1.1.305,0,0,0,0,0,0,0,0,0,0,0,0,2,0,2,3,1,9,10,12,9,2,9,2,0,5,1,0,0,2,3,0,0,2,2,0,0,0,0,0,0
150,B.1.1.306,0,0,0,0,0,0,0,0,0,0,0,0,0,1,1,0,0,1,1,0,2,2,1,0,0,2,2,0,0,1,1,0,0,0,0,0,0,0,0,0,0
151,B.1.1.307,0,0,0,0,0,0,0,0,0,0,0,0,0,0,1,2,15,21,21,54,111,111,174,215,218,152,155,75,145,105,58,22,6,18,8,3,2,2,9,1,0
152,B.1.1.308,0,0,0,0,0,0,0,0,0,0,0,0,0,0,0,0,0,0,0,1,6,15,14,7,15,6,1,3,4,2,1,1,0,0,0,0,0,0,0,0,0
153,B.1.1.309,0,0,0,0,0,0,0,0,0,0,0,0,0,0,0,0,7,9,10,25,15,11,6,15,7,5,15,3,8,1,0,0,0,0,0,0,0,0,0,0,0
154,B.1.1.31,0,0,0,0,0,0,0,0,0,0,0,0,0,0,0,0,0,0,1,0,8,4,1,0,1,2,0,1,1,0,0,0,0,0,0,0,0,0,0,0,0
155,B.1.1.310,0,0,0,0,0,0,0,0,0,0,0,0,0,0,0,0,0,0,0,0,3,1,1,0,0,0,0,0,0,0,0,0,0,0,0,0,0,0,0,0,0
156,B.1.1.311,0,0,0,0,0,0,1,0,0,0,0,0,0,0,2,6,13,10,47,52,168,189,210,103,104,209,156,78,204,169,52,49,9,39,25,17,5,9,15,6,0
157,B.1.1.312,0,0,0,0,0,0,0,0,0,0,0,0,0,0,0,0,0,0,0,0,0,0,0,0,0,0,0,0,0,0,0,0,0,0,0,0,0,0,0,1,0
158,B.1.1.313,0,0,0,0,0,0,1,1,3,0,0,0,0,0,0,0,0,0,0,0,0,0,0,0,0,0,0,0,0,0,0,0,0,0,0,0,0,0,0,0,0
159,B.1.1.315,0,0,0,0,0,0,0,0,0,0,0,0,0,0,0,0,28,15,123,223,206,197,233,218,205,230,308,170,291,292,110,71,11,47,23,16,8,7,11,1,1
160,B.1.1.316,0,0,0,1,0,0,0,1,3,1,0,0,0,0,0,1,0,0,1,0,0,0,2,1,0,0,0,0,0,1,0,0,0,0,0,0,0,0,0,1,0
161,B.1.1.32,0,0,0,0,0,0,0,0,0,0,0,0,1,0,0,0,0,0,0,0,0,0,1,0,0,0,0,0,0,0,0,0,1,0,0,0,0,0,0,0,0
162,B.1.1.33,0,0,0,0,0,0,0,0,0,0,0,0,0,0,0,0,0,0,0,1,5,0,0,2,1,0,0,0,0,0,0,0,0,1,0,1,1,0,0,0,0
163,B.1.1.34,0,0,0,0,0,0,0,0,0,0,0,0,0,0,0,0,0,0,0,0,0,0,0,0,0,0,0,0,0,0,0,0,0,0,1,0,0,0,0,0,0
164,B.1.1.35,0,0,1,0,0,0,0,0,0,0,1,0,0,0,0,0,0,0,0,0,0,0,0,0,0,0,0,0,0,0,0,0,0,0,0,0,0,0,0,0,0
165,B.1.1.37,0,0,0,0,0,0,13,142,127,45,70,2,18,9,16,24,74,33,63,162,209,173,271,392,203,199,252,130,239,189,58,50,21,38,40,17,11,6,4,3,0
166,B.1.1.38,0,0,0,0,0,0,0,1,0,0,0,0,1,0,0,0,0,0,0,0,0,0,0,0,0,0,0,0,0,0,0,0,0,0,0,0,0,0,0,0,0
167,B.1.1.39,0,0,0,0,0,0,0,0,0,0,0,0,1,0,0,1,1,4,7,8,2,1,2,4,5,2,4,0,0,7,2,0,2,2,0,0,1,0,0,0,0
168,B.1.1.4,0,1,1,1,1,0,1,120,68,15,50,5,20,7,6,11,20,2,5,15,5,0,2,6,5,2,9,1,9,11,7,7,1,0,3,0,3,0,2,0,0
169,B.1.1.41,0,0,12,1,1,2,3,15,10,13,2,0,0,0,0,1,1,0,0,0,0,0,0,0,0,0,0,0,0,0,0,0,0,0,0,0,0,0,0,0,0
170,B.1.1.44,0,1,0,0,0,0,1,9,2,4,5,0,4,5,0,1,0,4,1,12,29,10,12,0,5,3,4,1,6,4,2,2,1,0,3,0,1,1,0,0,0
171,B.1.1.45,0,0,0,0,1,4,0,26,14,7,3,0,0,0,0,0,0,0,0,0,0,0,0,0,0,0,0,0,0,0,0,0,0,0,0,0,0,0,0,0,0
172,B.1.1.46,0,0,0,0,0,0,0,0,0,0,0,0,0,0,0,0,1,0,0,2,1,1,2,0,1,2,9,2,3,2,3,2,5,3,1,0,0,0,0,0,0
173,B.1.1.47,0,0,0,0,0,0,0,0,0,0,0,0,5,0,1,0,1,0,0,0,0,0,0,0,0,0,0,0,1,1,0,0,0,0,0,0,0,0,0,0,0
174,B.1.1.50,0,0,0,0,0,0,0,0,0,0,0,0,2,6,0,0,0,2,0,2,2,0,4,0,7,11,3,2,7,0,1,0,0,0,0,0,0,0,0,0,0
175,B.1.1.51,0,0,0,1,1,0,4,61,55,35,25,0,16,10,10,10,34,11,9,13,6,7,12,3,5,5,1,0,1,0,0,0,0,0,0,0,0,1,4,0,0
176,B.1.1.54,0,0,0,0,0,0,2,3,0,0,0,1,0,0,0,0,0,0,4,3,5,2,2,1,0,0,0,0,0,0,1,0,0,0,0,0,1,0,0,0,0
177,B.1.1.55,0,0,0,0,0,0,1,6,4,2,0,0,0,0,0,0,0,0,0,0,0,0,0,0,0,0,0,0,0,0,0,0,0,0,0,0,0,0,0,0,0
178,B.1.1.58,0,0,0,0,0,0,0,0,0,0,0,0,0,0,0,0,0,0,0,1,1,0,0,0,0,0,0,0,0,0,0,0,0,0,0,0,0,0,0,0,0
179,B.1.1.59,0,0,0,0,0,0,2,7,5,4,6,0,0,0,0,0,0,0,0,0,0,0,0,0,0,0,0,0,0,0,0,0,0,0,0,0,0,0,0,0,0
180,B.1.1.61,0,0,0,0,0,0,0,0,1,0,0,0,0,0,0,0,0,0,0,0,0,0,1,0,0,0,0,0,0,0,0,0,0,0,0,0,0,0,0,0,0
181,B.1.1.63,0,0,0,0,0,1,0,0,0,0,0,0,0,0,0,0,0,0,2,2,0,0,0,0,0,0,0,0,1,0,0,0,0,0,0,0,0,0,0,0,0
182,B.1.1.64,0,1,1,0,0,0,0,1,4,0,1,1,1,1,0,0,0,0,1,2,0,0,0,0,2,0,0,0,0,0,0,1,0,1,0,0,0,0,1,0,0
183,B.1.1.67,0,0,0,0,0,0,0,6,7,4,5,0,4,4,1,12,16,9,9,0,9,8,5,2,13,11,10,1,11,10,0,3,0,0,0,2,1,3,2,3,4
185,B.1.1.70,0,0,0,0,4,3,4,33,23,15,11,3,13,0,1,2,2,26,29,17,1,0,7,0,0,5,5,0,3,2,2,0,3,3,1,0,0,0,1,1,0
186,B.1.1.71,0,1,1,0,0,0,0,0,0,0,0,0,0,0,0,0,0,0,0,0,0,0,0,0,0,0,0,0,0,0,0,0,0,0,0,0,0,0,0,0,0
187,B.1.1.74,0,0,0,0,0,0,0,0,0,0,0,0,1,0,0,2,1,0,0,0,0,0,0,0,0,0,0,0,0,0,0,0,0,0,0,0,0,0,1,0,0
188,B.1.1.8,0,0,2,1,0,0,0,1,0,0,0,0,0,0,0,0,1,2,0,0,0,0,0,1,0,0,0,0,0,0,0,0,0,0,0,0,0,0,0,0,0
189,B.1.1.80,0,0,0,0,0,0,0,0,0,0,0,0,2,1,0,2,2,0,0,2,0,0,0,0,0,0,0,0,0,0,0,0,0,0,0,1,0,2,2,7,0
190,B.1.1.86,0,0,0,0,1,0,2,13,6,1,0,0,0,0,0,0,0,0,0,0,0,0,0,0,0,0,0,0,0,0,0,0,0,0,0,0,0,0,0,0,0
191,B.1.1.89,0,0,1,0,0,0,0,16,12,2,2,0,2,0,0,2,11,1,0,0,0,0,0,0,0,0,0,0,0,0,0,2,0,0,0,0,0,0,0,0,0
192,B.1.1.91,0,0,0,0,0,0,0,0,1,0,0,0,0,0,4,7,9,4,1,0,0,0,3,0,0,0,0,0,0,0,0,0,0,0,0,0,0,0,0,0,0
193,B.1.1.92,0,0,0,0,0,0,0,13,8,4,0,0,0,0,0,0,0,0,0,0,0,0,0,0,0,0,0,0,0,0,0,0,0,0,0,0,0,0,0,0,0
194,B.1.1.94,0,0,0,0,0,0,0,0,0,0,0,0,0,0,0,0,0,0,0,0,0,0,0,0,0,1,0,0,0,0,0,0,0,0,0,0,0,0,0,0,0
195,B.1.1.95,0,0,0,0,0,0,0,4,3,4,1,0,0,0,0,0,0,0,0,0,0,0,0,0,0,0,0,0,0,0,0,0,0,0,0,0,0,0,0,0,0
196,B.1.1.97,0,0,2,0,0,0,0,0,1,3,3,1,19,3,1,0,0,0,0,0,0,0,0,0,0,0,0,0,0,0,0,0,0,0,0,0,0,0,0,0,0
197,B.1.104,0,0,1,0,0,0,1,13,3,3,11,7,2,0,0,0,0,0,0,0,0,0,0,0,0,0,0,0,0,0,0,0,0,0,0,0,0,0,0,0,0
198,B.1.105,0,0,0,0,0,0,0,1,0,0,0,0,0,0,0,0,0,0,0,0,0,0,0,0,0,0,0,0,0,0,0,0,0,0,0,0,0,0,0,0,0
199,B.1.108,0,0,0,0,1,0,0,0,0,0,0,0,0,0,0,0,0,0,0,0,0,0,0,0,0,0,0,0,0,0,0,0,0,0,0,0,0,0,0,0,0
200,B.1.110.3,0,0,0,0,0,0,0,0,0,0,0,0,0,0,0,0,0,1,1,0,0,0,0,0,0,0,0,0,0,0,0,0,0,0,0,0,0,0,0,0,0
201,B.1.115,0,0,0,0,0,0,0,0,0,0,0,0,8,2,0,0,0,0,0,0,0,0,0,0,0,0,0,0,0,0,0,0,0,0,0,0,0,0,0,0,0
202,B.1.12,0,0,0,0,0,0,2,8,1,2,0,0,0,0,0,0,0,0,0,0,0,0,0,0,0,0,0,0,0,0,0,0,0,0,0,0,0,0,0,0,0
203,B.1.127,0,0,0,0,0,0,0,0,0,0,0,0,0,0,0,0,0,0,0,0,0,0,0,0,0,0,0,0,0,0,0,1,0,0,0,0,0,0,0,0,0
204,B.1.13,0,0,1,1,0,0,1,0,0,0,0,0,0,0,0,0,0,0,0,0,0,0,0,0,0,0,0,0,0,0,0,0,0,0,0,0,0,0,0,0,0
205,B.1.131,0,0,0,0,0,0,0,0,0,0,0,0,0,0,0,0,0,0,0,0,0,0,0,0,0,4,6,2,2,2,3,1,1,0,0,1,0,0,0,0,0
206,B.1.143,0,0,0,0,0,0,0,1,0,0,0,0,0,0,0,0,0,0,0,0,0,0,0,0,0,0,0,0,0,0,0,0,0,0,0,0,0,0,0,0,0
207,B.1.146,0,0,0,0,0,0,0,0,0,0,1,5,9,5,5,13,7,3,1,8,7,2,7,4,13,10,12,5,9,10,3,1,0,0,0,0,0,0,0,0,0
208,B.1.149,0,0,0,0,0,0,0,0,0,0,0,0,0,0,0,0,0,0,2,2,4,2,1,0,1,0,0,1,1,0,0,0,0,0,0,0,0,0,0,0,0
209,B.1.150,0,0,1,0,0,0,0,0,0,0,0,0,0,0,0,0,0,0,0,0,0,0,0,0,0,0,0,0,0,0,0,0,0,0,0,0,0,0,0,0,0
210,B.1.152,0,0,4,0,0,0,1,6,3,0,1,0,0,0,0,0,0,0,0,0,0,0,0,0,0,0,0,0,0,0,0,0,0,0,0,0,0,0,0,0,0
211,B.1.157,0,0,0,0,0,0,0,0,0,1,0,0,0,0,0,0,0,0,0,0,0,0,0,0,0,0,0,0,0,0,0,0,0,0,0,0,0,0,0,0,0
212,B.1.160,0,0,0,0,0,0,0,0,0,0,0,0,0,0,0,2,6,61,69,128,89,86,121,132,100,123,166,83,141,127,69,31,14,45,36,18,13,14,6,4,0
213,B.1.160.7,0,0,0,0,0,0,0,0,0,0,0,0,0,0,0,0,0,0,0,0,0,0,0,0,19,15,20,20,26,43,18,9,3,12,11,2,1,2,4,0,0
214,B.1.162,0,0,0,0,0,0,0,0,0,0,0,0,0,0,0,0,0,0,0,0,0,0,0,1,0,0,0,0,0,0,0,0,0,0,0,0,0,0,0,0,0
215,B.1.165,0,0,1,0,0,0,3,1,0,0,0,0,0,0,0,0,0,0,0,0,0,0,0,0,0,0,0,0,0,0,0,0,0,0,0,0,0,0,0,0,0
216,B.1.166,0,0,0,0,0,0,0,0,0,0,0,0,0,0,0,0,0,0,0,0,0,0,0,0,0,0,0,0,0,1,0,0,0,0,0,0,0,0,0,0,0
217,B.1.173,0,0,0,0,0,0,2,9,7,8,2,0,0,0,0,0,0,0,0,0,0,0,0,0,0,0,0,0,0,0,0,0,0,0,0,0,0,0,0,0,0
243,B.1.179,0,0,0,0,1,1,0,2,2,1,0,0,0,0,0,0,0,0,0,0,0,0,0,0,0,0,0,0,0,0,1,0,0,0,0,0,0,0,0,0,0
244,B.1.180,0,0,0,0,0,0,0,0,0,0,0,0,0,0,1,0,0,0,0,1,0,0,0,0,0,0,0,0,0,0,0,0,0,0,0,0,0,0,0,0,0
245,B.1.189,0,0,0,0,0,0,0,0,0,0,0,0,0,0,0,0,0,0,0,0,0,0,0,0,0,2,0,0,0,0,0,0,0,0,0,0,0,0,0,0,0
246,B.1.195,0,0,0,0,0,0,0,0,0,0,0,0,0,0,0,0,0,0,0,0,0,0,0,0,0,0,0,0,0,0,0,1,0,0,0,2,1,2,1,0,0
247,B.1.2,0,0,0,0,0,0,0,0,2,0,2,0,1,0,1,0,0,0,2,1,0,3,1,0,0,3,3,0,4,1,0,1,0,5,2,1,4,2,1,1,0
248,B.1.201,0,0,1,0,0,0,0,0,1,0,0,0,0,0,0,0,0,0,0,0,0,0,0,0,0,0,0,0,0,0,0,0,0,0,0,0,0,0,0,0,0
249,B.1.208,0,0,0,0,0,0,0,0,0,0,0,0,0,0,0,0,0,0,0,0,0,0,0,0,0,0,0,0,0,0,0,0,0,0,0,0,0,0,1,0,0
250,B.1.209,0,0,0,0,0,0,0,0,0,1,0,0,0,0,0,0,0,0,0,0,0,0,0,0,0,0,0,0,0,0,0,0,0,0,0,0,0,0,0,0,0
251,B.1.210,0,0,0,0,0,0,0,0,0,0,0,1,0,0,1,0,0,1,5,0,1,0,2,0,0,0,0,0,0,0,0,0,0,0,0,0,0,0,0,0,0
252,B.1.213,0,0,0,0,0,0,0,0,0,0,0,0,0,0,0,1,1,0,0,0,0,0,0,1,0,0,0,0,0,0,0,0,0,0,0,0,0,0,0,0,0
253,B.1.214,0,0,0,0,0,0,0,0,0,0,0,0,0,0,0,0,0,0,0,0,0,0,0,0,0,0,0,0,0,0,0,0,1,0,0,0,2,2,1,0,0
254,B.1.218,0,0,0,0,0,0,0,0,0,0,0,0,0,0,0,0,0,2,4,8,2,0,0,1,2,0,0,1,3,0,0,1,0,0,0,0,0,0,0,0,0
255,B.1.22,0,0,0,0,0,0,0,0,0,0,0,0,0,0,0,0,4,2,1,0,0,2,3,2,0,0,1,0,0,0,0,0,0,0,0,0,0,0,0,0,0
256,B.1.220,0,0,0,0,0,0,0,3,4,1,5,0,0,0,0,0,0,0,0,0,0,0,0,0,0,0,0,0,0,0,0,0,0,0,0,0,0,0,0,0,0
257,B.1.221,0,0,0,0,0,0,0,0,0,0,0,0,0,0,0,3,8,40,22,27,18,8,26,19,15,28,21,11,18,27,17,9,5,11,5,3,3,6,2,3,0
258,B.1.221.1,0,0,0,0,0,0,0,0,0,0,0,0,0,0,0,0,0,5,10,18,28,14,22,14,23,16,19,7,25,22,19,7,2,5,6,1,5,4,0,0,0
259,B.1.221.2,0,0,0,0,0,0,0,0,0,0,0,0,0,0,0,0,0,0,0,0,0,0,0,0,0,0,0,0,0,0,0,0,0,1,0,0,0,0,1,0,0
260,B.1.222,0,0,0,0,0,0,0,0,0,0,0,0,0,0,0,0,0,0,0,0,0,0,0,0,0,0,0,1,0,0,0,0,0,0,0,0,1,1,2,6,0
261,B.1.223,0,0,0,0,2,0,5,27,15,5,0,0,2,4,0,1,1,0,0,0,0,0,0,0,0,0,0,0,0,0,0,0,0,0,0,0,0,0,0,0,0
262,B.1.229,0,0,0,1,1,0,0,0,0,0,0,0,0,0,0,0,0,0,0,0,0,0,0,0,0,0,0,0,0,0,0,0,0,0,0,0,0,0,0,0,0
263,B.1.231,0,0,0,0,0,0,0,9,2,1,3,2,3,1,0,0,0,0,0,0,0,0,0,0,0,0,0,0,0,0,0,0,0,0,0,0,0,0,0,0,0
264,B.1.232,0,0,0,0,0,0,0,0,0,0,0,0,0,0,0,0,0,0,0,0,0,0,0,0,0,0,0,0,0,1,0,0,0,0,0,0,0,0,0,0,0
265,B.1.234,0,0,0,0,0,0,0,0,0,0,0,0,0,0,0,0,0,0,0,0,0,0,0,0,0,0,0,0,0,0,0,0,0,0,0,0,0,1,0,0,0
266,B.1.235,0,0,5,1,2,0,2,61,69,50,21,2,26,8,4,39,43,20,29,45,38,30,46,20,43,37,34,12,35,38,6,6,0,2,1,3,0,0,2,1,0
267,B.1.236,0,0,0,0,0,0,0,0,0,0,0,0,1,1,1,0,0,3,1,1,0,2,6,4,12,13,3,0,2,0,1,0,0,1,4,2,0,0,1,0,0
268,B.1.238,0,0,0,1,0,0,1,20,8,5,5,0,2,1,1,1,1,0,0,0,0,0,0,0,0,0,0,0,0,0,0,0,0,0,0,0,0,0,0,0,0
269,B.1.240,0,0,0,0,0,0,0,0,0,0,0,0,0,0,0,0,2,1,0,2,1,1,2,4,6,11,1,0,7,4,0,1,0,3,1,0,1,0,0,0,0
270,B.1.243,0,0,0,0,0,0,0,0,0,0,0,0,0,0,0,0,0,0,1,0,0,0,0,0,0,0,0,0,0,1,0,0,0,0,0,0,0,0,0,0,0
271,B.1.249,0,0,0,0,0,0,0,0,4,2,0,0,0,0,0,0,0,0,0,0,0,0,0,0,0,0,0,0,0,0,0,0,0,0,0,0,0,0,0,0,0
272,B.1.251,0,0,0,0,0,0,6,5,22,9,0,1,1,0,0,0,0,0,0,0,0,0,0,0,0,0,0,0,0,0,0,0,0,0,0,0,0,0,0,0,0
273,B.1.252,0,0,0,0,1,0,0,1,0,0,0,0,0,0,0,0,0,0,0,0,0,0,0,0,0,0,0,0,0,0,0,0,0,0,0,0,0,0,0,0,0
274,B.1.258,0,0,0,0,0,0,0,0,0,0,0,0,1,0,2,4,6,64,94,84,47,33,94,55,56,75,134,77,122,173,94,30,18,79,56,28,14,30,37,17,4
275,B.1.258.10,0,0,0,0,0,0,0,0,0,0,0,0,0,0,0,0,0,0,0,0,0,0,0,0,2,0,0,0,0,0,0,0,0,0,0,0,0,0,0,0,0
276,B.1.258.11,0,0,0,0,0,0,0,0,0,0,0,0,0,0,0,0,0,0,0,0,0,0,0,0,0,0,0,0,0,0,0,0,0,0,0,1,0,0,0,0,0
277,B.1.258.12,0,0,0,0,0,0,0,0,0,0,0,0,0,0,0,0,0,0,0,0,0,0,0,0,6,21,23,1,10,6,3,0,0,1,2,1,2,0,0,0,0
278,B.1.258.14,0,0,0,0,0,0,0,0,0,0,0,0,0,0,0,0,0,0,0,0,0,0,0,0,0,1,0,0,1,0,0,0,0,0,0,0,0,0,0,0,0
279,B.1.258.16,0,0,0,0,0,0,0,0,0,0,0,0,0,0,0,0,0,0,0,1,0,0,0,0,0,0,0,0,0,0,0,0,0,0,0,0,0,0,1,0,0
280,B.1.258.17,0,0,0,0,0,0,0,0,0,0,0,0,0,0,0,0,0,0,0,0,0,0,0,0,0,0,0,0,0,0,0,0,0,0,0,0,1,0,0,0,0
281,B.1.258.2,0,0,0,0,0,0,0,0,0,0,1,3,2,1,0,0,0,0,0,0,1,0,0,0,1,0,0,0,0,0,0,0,0,0,0,0,0,0,0,0,0
282,B.1.258.3,0,0,0,0,0,0,0,0,0,0,0,1,2,0,0,5,10,10,13,12,35,24,43,8,40,36,32,14,23,13,2,3,0,4,2,1,1,0,0,0,1
283,B.1.258.4,0,0,0,0,0,0,0,0,0,0,0,0,0,0,0,0,0,0,0,1,3,2,10,13,21,22,25,8,30,26,13,9,0,7,4,1,2,0,0,1,0
284,B.1.258.5,0,0,0,0,0,0,0,0,0,0,0,0,0,0,0,0,0,0,0,0,2,4,3,1,12,12,14,0,14,8,2,3,0,1,0,0,0,0,0,0,0
285,B.1.258.6,0,0,0,0,0,0,0,0,0,0,0,0,0,0,0,0,0,0,0,0,1,0,8,2,10,7,7,1,2,1,1,1,0,0,0,0,0,0,0,0,0
286,B.1.258.7,0,0,0,0,0,0,0,0,0,0,0,0,0,0,0,0,0,0,1,2,0,3,14,2,8,5,6,1,1,6,1,0,0,0,2,0,1,0,0,0,0
287,B.1.260,0,0,0,0,0,0,0,0,0,0,0,0,0,0,0,0,0,0,0,0,0,0,0,0,0,0,0,0,0,1,0,0,0,0,0,0,0,0,0,0,0
288,B.1.282,0,0,0,0,0,0,1,3,6,1,6,9,5,0,2,0,3,6,2,7,1,0,0,0,0,0,0,0,0,0,0,0,0,0,0,0,0,0,0,0,0
289,B.1.293,0,0,0,0,0,0,0,0,0,0,0,0,0,0,0,0,0,0,0,0,1,0,0,1,3,0,0,0,0,0,0,0,0,0,0,0,0,0,0,0,0
290,B.1.302,0,0,0,1,0,0,0,10,4,2,1,0,0,5,5,1,3,1,0,0,1,1,0,0,0,0,0,0,0,0,0,0,0,0,0,0,0,0,0,0,0
291,B.1.349,0,0,0,0,0,0,0,0,0,0,0,0,0,0,0,0,0,0,0,0,1,0,0,0,0,0,0,0,0,0,0,0,0,0,0,0,0,0,0,0,0
292,B.1.351,0,0,0,0,0,0,0,0,0,0,0,0,0,0,0,0,0,0,0,0,0,0,0,0,0,0,0,0,0,0,0,0,0,4,8,3,10,7,10,6,0
293,B.1.356,0,0,1,0,0,0,0,0,0,0,0,0,0,0,0,0,0,0,0,0,0,0,0,0,0,0,0,0,0,0,0,0,0,0,0,0,0,0,0,0,0
294,B.1.36,0,0,0,0,0,0,0,0,1,0,1,5,2,0,0,1,6,7,7,12,13,5,21,13,27,22,39,23,51,91,44,16,14,37,27,16,11,12,27,14,3
295,B.1.36.1,0,0,0,0,0,0,0,0,0,0,0,0,0,0,0,0,0,0,0,0,0,0,0,0,0,1,1,0,0,0,0,0,0,0,2,1,3,1,0,1,0
296,B.1.36.10,0,0,0,0,0,0,0,0,0,0,0,0,0,0,0,0,0,0,0,0,0,0,0,0,0,0,0,0,0,0,0,0,0,1,1,0,0,0,0,0,0
297,B.1.36.12,0,0,0,0,0,0,0,1,0,0,0,0,2,3,11,4,4,26,13,13,6,0,8,2,1,0,0,0,0,0,0,0,0,0,0,0,0,0,0,0,0
298,B.1.36.13,0,0,0,0,0,0,0,0,0,0,0,0,0,0,0,0,0,0,0,0,0,0,0,0,0,0,0,0,0,0,0,0,0,0,0,0,1,0,0,0,0
299,B.1.36.16,0,0,0,0,0,0,0,0,0,0,0,0,0,0,0,0,1,0,3,9,14,1,2,3,8,2,9,1,2,1,2,1,0,0,0,0,0,0,0,0,0
300,B.1.36.17,0,0,0,0,0,0,0,0,0,0,0,0,2,6,3,15,32,13,46,64,132,103,174,50,115,100,160,65,151,154,72,27,13,36,30,11,6,2,1,1,0
301,B.1.36.20,0,0,0,0,0,0,0,0,0,0,0,0,0,0,0,0,0,0,0,1,0,0,0,1,0,1,0,0,0,0,0,5,0,0,0,0,0,0,0,0,0
302,B.1.36.21,0,0,0,0,0,0,0,0,0,0,0,0,0,0,0,0,0,0,0,0,0,0,0,0,0,0,0,0,0,0,0,0,1,0,0,0,0,0,0,0,0
303,B.1.36.23,0,0,0,0,0,0,0,0,0,0,0,0,0,0,2,5,6,3,4,0,2,0,3,0,1,0,0,0,0,0,0,0,0,0,0,0,0,0,0,0,0
304,B.1.36.24,0,0,0,0,0,0,0,0,0,0,0,0,0,0,0,0,0,0,0,0,0,0,0,0,0,0,0,0,0,0,0,0,0,0,1,0,0,1,0,0,0
305,B.1.36.26,0,0,0,0,0,0,0,0,0,0,0,0,0,0,0,0,0,0,0,0,0,0,0,0,0,0,0,0,0,1,0,0,0,0,0,0,0,0,0,0,0
306,B.1.36.28,0,0,0,0,0,0,0,0,0,0,0,0,0,0,0,0,0,0,0,0,13,2,13,8,4,9,15,1,13,31,7,1,1,4,3,0,1,3,0,0,0
307,B.1.36.9,0,0,0,0,0,0,0,0,0,0,0,0,0,0,0,0,0,0,0,0,6,6,12,6,14,16,7,27,28,25,9,4,0,9,0,2,1,1,0,0,0
308,B.1.361,0,0,0,0,0,0,0,0,0,0,0,0,0,0,3,0,0,0,0,0,0,0,0,0,0,0,0,0,0,0,0,0,0,0,0,0,0,0,0,0,0
309,B.1.362,0,0,0,0,0,0,0,0,0,0,0,0,0,0,0,0,0,0,0,0,6,6,14,6,23,21,23,8,35,25,18,2,2,2,1,2,1,2,2,0,1
310,B.1.367,0,0,0,0,0,0,0,0,0,0,0,0,0,2,2,3,16,29,56,37,17,4,19,9,5,4,3,1,4,4,0,2,1,0,0,0,1,0,0,0,0
311,B.1.369,0,0,0,0,0,0,0,0,0,0,0,0,0,0,0,0,0,0,1,0,0,0,0,0,0,0,0,0,0,0,0,0,0,0,0,0,0,0,0,0,0
312,B.1.375,0,0,0,0,0,0,0,0,0,0,0,0,0,0,0,0,0,0,0,0,0,0,0,0,0,0,0,0,0,0,0,0,1,0,0,0,0,0,0,0,0
313,B.1.377,0,0,0,0,0,0,0,0,0,0,0,0,0,0,0,0,0,0,0,0,0,0,0,3,0,5,2,0,2,0,0,0,0,0,0,0,0,0,0,0,0
314,B.1.378,0,0,0,0,0,0,0,1,1,0,0,0,0,0,0,0,0,0,0,0,0,0,0,0,0,0,0,0,0,0,0,0,0,0,0,0,0,0,0,0,0
315,B.1.389,0,0,0,0,0,0,0,0,0,0,0,0,0,0,0,6,13,31,54,49,48,67,48,44,15,22,32,39,77,60,10,11,1,7,3,2,0,0,0,2,0
316,B.1.390,0,0,0,0,0,0,0,1,0,0,0,0,0,0,0,0,0,0,0,0,0,0,0,0,0,0,0,0,0,0,0,0,0,0,0,0,0,0,0,0,0
317,B.1.391,0,1,3,0,0,0,6,41,15,2,2,0,1,0,0,0,0,0,0,0,0,0,0,0,0,0,0,0,0,0,0,0,0,0,0,0,0,0,0,0,0
318,B.1.392,0,0,3,0,0,0,0,0,0,0,0,0,0,0,0,0,0,0,0,0,0,0,0,0,0,0,0,0,0,0,0,0,0,0,0,0,0,0,0,0,0
319,B.1.396,0,0,0,0,0,0,0,0,0,0,0,0,0,0,0,0,0,0,0,0,0,0,0,0,0,0,0,0,0,0,1,0,0,0,0,0,0,0,0,0,0
320,B.1.398,0,0,0,0,0,0,0,0,1,0,0,0,0,0,0,0,0,0,0,0,0,0,0,0,0,0,1,0,6,5,2,1,0,3,0,0,0,0,0,0,0
321,B.1.400,0,0,0,0,0,0,0,0,0,0,0,0,0,0,0,0,0,0,0,0,0,0,0,1,0,0,0,0,0,0,0,0,0,0,0,0,0,0,0,0,0
322,B.1.401,0,0,0,0,0,0,0,0,0,0,0,0,0,0,0,0,0,0,0,0,1,0,0,0,0,0,0,0,0,0,0,0,0,0,0,0,0,0,0,0,0
323,B.1.404,0,0,0,0,0,0,0,0,0,0,0,0,0,0,0,0,0,0,0,0,0,0,0,0,0,0,0,0,0,0,0,0,0,0,0,0,0,1,0,0,0
324,B.1.406,0,0,0,0,0,0,0,0,0,0,0,0,0,2,0,0,0,0,0,0,0,0,0,0,0,1,1,0,3,0,0,0,0,0,0,0,0,0,0,0,0
325,B.1.407,0,0,0,0,0,0,0,1,1,0,1,0,13,2,4,0,0,0,0,0,0,0,0,0,0,0,0,0,0,0,0,0,0,0,0,0,0,0,0,0,0
326,B.1.408,0,0,0,0,0,0,0,0,0,0,0,0,0,0,0,0,3,3,0,0,1,0,1,0,0,2,0,0,2,8,2,3,9,7,10,1,2,1,3,1,0
327,B.1.416,0,0,0,0,0,0,0,0,0,0,0,0,0,0,0,2,0,2,0,1,2,0,0,0,0,1,0,0,3,0,0,0,0,1,1,0,0,0,0,0,0
328,B.1.416.1,0,0,0,0,0,0,0,0,0,0,0,0,0,0,1,0,1,1,7,10,5,7,10,3,2,1,0,0,0,3,0,0,0,0,0,0,0,0,0,1,0
329,B.1.419,0,0,0,0,0,0,0,1,0,0,0,0,0,0,0,0,0,0,0,0,0,0,0,0,0,0,0,0,0,0,0,0,0,0,0,0,0,0,0,0,0
330,B.1.420,0,0,0,0,0,0,0,0,0,0,0,0,0,0,0,0,0,0,0,0,0,0,0,0,0,0,0,0,0,0,0,0,0,1,0,0,0,0,0,0,0
331,B.1.429,0,0,0,0,0,0,0,0,0,0,0,0,0,0,0,0,0,0,0,0,0,0,0,0,0,0,0,0,0,0,0,0,0,2,0,0,0,2,1,0,0
332,B.1.438,0,0,0,0,0,0,0,0,1,0,0,0,0,0,0,0,0,0,0,2,0,0,4,1,6,2,0,0,1,0,2,0,0,1,2,0,1,0,0,0,0
333,B.1.441,0,0,0,0,0,0,0,0,0,0,0,0,0,0,0,0,0,0,1,0,0,0,1,0,2,2,1,0,2,1,0,0,0,0,0,0,0,0,0,0,0
334,B.1.457,0,0,0,0,0,0,0,0,0,0,1,0,0,2,0,0,3,1,1,0,2,0,1,0,2,0,0,0,0,0,0,0,0,0,0,0,0,0,0,0,0
335,B.1.457.1,0,0,0,0,0,0,0,0,0,0,0,0,0,0,0,0,0,0,0,0,0,0,0,0,1,0,0,0,0,0,0,0,0,0,0,0,0,0,0,0,0
336,B.1.459,0,0,0,0,0,0,0,0,0,0,0,0,0,0,0,0,0,0,0,0,0,0,0,0,0,0,0,0,0,0,0,0,1,0,0,0,0,0,0,0,0
337,B.1.460,0,0,0,0,0,0,0,0,0,0,0,0,0,0,0,0,0,0,0,0,1,1,0,0,0,4,6,3,2,4,7,9,0,0,1,0,0,1,0,1,0
338,B.1.462,0,0,0,0,0,0,0,0,0,0,0,0,0,0,0,0,0,0,0,0,0,0,0,0,0,0,0,0,0,0,0,0,0,0,1,0,1,1,0,0,0
339,B.1.465,0,0,0,0,0,0,0,13,4,1,1,0,1,0,0,0,0,0,0,0,0,0,0,0,0,0,0,0,0,0,0,0,0,0,0,0,0,0,0,0,0
340,B.1.466,0,0,0,0,0,0,0,3,0,0,0,0,0,0,0,0,0,0,0,0,0,0,0,0,0,0,0,0,0,0,0,0,0,0,0,0,0,0,0,0,0
341,B.1.467,0,0,0,0,0,0,0,0,0,0,0,0,0,0,0,0,0,1,0,2,0,0,0,0,0,0,0,0,0,0,0,0,0,0,0,0,0,0,0,0,0
342,B.1.468,0,0,0,0,0,0,0,0,1,0,0,0,0,0,0,0,0,0,0,0,0,0,0,0,0,0,0,0,0,0,0,0,0,0,0,0,0,0,0,0,0
343,B.1.469,0,0,0,0,0,0,0,0,0,0,0,0,0,0,0,0,0,3,1,0,0,0,0,0,0,0,0,0,0,5,9,6,2,8,18,2,3,0,0,0,0
344,B.1.470,0,0,0,0,0,0,0,0,0,0,0,0,0,0,0,0,0,0,0,0,0,0,0,0,0,0,0,0,0,1,0,0,1,0,0,0,0,0,0,0,0
345,B.1.471,0,0,0,0,0,0,0,0,0,0,1,0,1,3,1,8,5,6,1,2,16,7,19,6,10,7,16,18,14,2,2,1,0,0,0,0,0,0,0,0,0
346,B.1.472,0,0,0,0,0,0,0,0,0,0,0,0,0,0,0,0,0,0,0,0,0,0,0,2,2,0,0,0,1,2,2,1,0,0,4,2,1,0,0,0,0
347,B.1.474,0,0,0,0,0,0,0,0,0,0,0,0,0,0,0,0,0,0,0,0,0,0,0,0,0,0,0,0,0,4,1,0,0,0,0,0,0,0,0,0,0
348,B.1.477,0,0,0,0,0,0,0,0,4,0,1,0,0,0,0,0,0,0,0,0,0,0,0,0,0,0,0,0,0,0,0,0,0,0,0,0,0,0,0,0,0
349,B.1.480,0,0,0,0,0,0,0,0,0,0,0,0,0,0,1,0,1,0,1,0,1,0,0,0,0,0,0,0,0,11,1,1,0,0,0,0,0,0,0,0,0
350,B.1.491,0,0,0,0,1,0,0,0,0,0,0,0,0,0,0,0,0,0,0,0,0,0,0,0,0,0,0,0,0,0,0,0,0,0,0,0,0,0,0,0,0
351,B.1.492,0,0,0,0,0,0,0,0,3,0,0,0,0,0,0,0,0,0,0,0,0,0,0,0,0,0,0,0,0,0,0,0,0,0,0,0,0,0,0,0,0
352,B.1.503,0,0,0,0,0,0,0,0,0,0,0,0,1,0,0,0,0,0,0,0,0,0,0,0,0,0,0,0,0,0,0,0,0,0,0,0,0,0,0,0,0
353,B.1.504,0,0,0,0,0,0,0,0,0,0,0,0,2,0,1,0,0,0,0,0,0,0,0,0,0,0,0,0,0,0,0,0,0,0,0,0,0,0,0,0,0
354,B.1.505,0,0,0,0,0,0,0,0,0,0,2,4,3,5,4,0,0,6,3,6,1,0,0,0,0,0,0,0,0,0,0,0,0,0,0,0,0,0,0,0,0
355,B.1.509,0,0,0,0,0,0,0,0,0,0,1,0,0,0,0,0,0,0,1,0,0,0,0,0,0,0,0,0,0,0,0,0,0,0,0,0,0,0,0,0,0
356,B.1.520,0,0,0,0,0,0,0,0,0,0,0,0,1,0,0,0,0,0,0,0,0,0,0,0,0,0,0,0,0,0,0,0,0,1,0,0,0,0,0,0,0
357,B.1.523,0,0,0,0,0,0,0,1,1,0,0,1,7,1,0,1,0,0,1,2,5,3,11,1,1,11,7,2,6,18,5,5,0,7,1,0,0,0,0,0,0
358,B.1.77,0,0,0,0,2,0,3,5,7,5,0,0,1,0,0,0,0,0,0,0,0,0,0,0,0,0,0,0,0,0,0,0,0,0,0,0,0,0,0,0,0
359,B.1.88,0,0,0,0,0,0,0,0,0,0,0,0,0,0,0,0,0,0,0,1,0,0,2,6,3,2,7,5,7,9,16,4,3,7,4,2,2,0,0,0,0
360,B.1.88.1,0,0,0,0,0,0,0,0,0,0,0,0,0,0,0,0,0,0,0,0,0,0,0,0,0,0,0,0,0,2,1,1,0,0,2,0,0,0,0,0,0
361,B.1.9,0,0,0,0,0,0,1,0,0,0,0,0,0,0,0,0,0,0,0,5,3,0,0,0,0,0,0,0,1,0,0,0,0,0,0,0,0,0,0,0,0
362,B.1.9.4,0,0,0,0,0,0,0,0,0,0,0,0,0,0,0,0,0,0,0,2,1,0,0,1,0,0,0,0,0,0,0,0,0,0,0,0,0,0,0,0,0
363,B.1.9.5,0,0,0,0,0,0,0,0,0,0,0,0,0,0,0,0,0,0,0,0,0,0,0,1,0,1,4,0,0,0,0,0,0,0,0,0,0,0,0,0,0
364,B.1.93,0,1,3,5,0,0,1,4,4,0,0,0,0,0,0,0,0,0,0,0,0,0,0,0,0,0,0,0,0,0,0,0,0,0,0,0,0,0,0,0,0
365,B.1.97,0,0,0,0,0,0,1,0,0,0,0,0,0,0,0,0,0,0,0,0,0,0,0,0,0,0,0,0,0,0,0,0,0,0,0,0,0,0,0,0,0
366,B.1.98,0,0,6,3,7,3,5,24,18,6,9,0,2,0,0,0,0,0,0,0,0,0,0,0,0,0,0,0,0,0,0,0,0,0,0,0,0,0,0,0,0
367,B.10,0,0,0,1,0,0,0,0,0,0,0,0,0,0,0,0,0,0,0,0,0,0,0,0,0,0,0,0,0,0,0,0,0,0,0,0,0,0,0,0,0
368,B.18,0,0,0,0,0,0,1,0,0,0,0,0,0,0,0,0,0,0,0,0,0,0,0,0,0,0,0,0,0,0,0,0,0,0,0,0,0,0,0,0,0
369,B.28,0,0,2,0,0,0,0,1,8,6,3,0,8,1,0,0,0,0,0,0,0,0,0,0,0,0,0,0,0,0,0,0,0,0,0,0,0,0,0,0,0
370,B.29,0,0,2,0,0,0,0,1,1,0,0,0,0,0,0,0,0,0,0,0,0,0,0,0,0,0,0,0,0,0,0,0,0,0,0,0,0,0,0,0,0
371,B.3,0,0,2,0,0,0,0,0,0,0,0,0,0,0,0,0,0,0,1,0,0,0,0,0,0,0,0,0,0,0,0,0,0,0,0,0,0,0,0,0,0
372,B.3.1,0,0,1,0,0,0,0,0,1,0,0,0,0,0,0,0,0,0,0,0,0,0,0,0,0,0,0,0,0,0,0,0,0,0,0,0,0,0,0,0,0
373,B.35,0,0,1,1,0,0,0,1,0,0,0,0,0,0,0,0,0,0,0,0,0,0,0,0,0,0,0,0,0,0,0,0,0,0,0,0,0,0,0,0,0
374,B.39,0,0,0,0,0,0,0,0,0,0,0,0,0,0,0,1,0,0,0,0,0,0,0,0,0,0,0,0,0,0,0,0,0,0,0,0,0,0,0,0,0
375,B.4,0,0,1,0,0,0,0,0,0,0,0,0,2,2,0,0,0,1,1,0,0,0,0,0,0,0,0,0,0,0,0,0,0,0,0,0,0,0,0,0,0
376,B.40,0,1,3,0,0,0,0,0,1,0,1,0,0,0,0,0,0,0,0,0,0,0,0,0,0,0,0,0,0,0,0,0,0,0,0,0,0,0,0,0,0
377,B.45,0,0,2,0,0,0,0,0,0,0,0,0,0,0,0,0,0,0,0,0,0,0,0,0,0,0,0,0,0,0,0,0,0,0,0,0,0,0,0,0,0
378,B.52,0,0,1,0,0,0,0,0,0,0,0,0,0,0,0,0,0,0,0,0,0,0,0,0,0,0,0,0,0,0,0,0,0,0,0,0,0,0,0,0,0
379,B.54,0,0,0,0,0,0,0,0,1,0,0,0,1,0,0,0,0,0,0,0,0,0,0,0,0,0,0,0,0,0,0,0,0,0,0,0,0,0,0,0,0
380,B.6,0,0,0,0,0,0,0,0,0,0,0,0,0,0,0,1,0,0,0,0,0,0,0,0,0,0,0,0,0,0,0,0,0,0,0,0,0,0,0,0,0
381,C.1,0,0,0,0,0,0,0,0,0,0,1,0,0,0,0,0,0,0,0,0,0,0,0,0,0,0,2,0,0,0,3,0,0,0,0,0,0,0,0,0,0
382,C.14,0,0,0,0,0,0,0,0,0,0,0,0,0,0,0,0,0,0,0,0,0,0,0,0,0,0,0,0,0,1,0,0,0,0,0,0,0,0,0,0,0
383,C.2,0,0,0,0,0,0,0,0,0,0,0,0,0,0,0,0,1,0,0,0,0,0,0,0,0,0,0,0,0,0,0,0,0,1,0,0,0,0,0,0,0
384,C.3,0,0,0,0,2,3,8,19,24,13,26,2,4,2,0,0,0,0,0,0,0,0,0,0,0,0,0,0,0,0,0,0,0,0,0,0,0,0,0,0,0
385,C.6,0,0,0,0,0,0,0,0,0,0,0,0,0,0,0,0,0,0,0,0,0,0,0,0,0,0,0,0,0,0,0,0,0,0,0,0,0,0,0,0,1
386,G.1,0,0,0,0,0,0,0,0,0,0,0,0,0,0,0,0,0,0,0,0,1,1,4,0,3,3,1,1,2,1,3,0,0,0,0,0,0,0,0,0,0
387,H.1,0,0,0,0,0,0,0,3,5,0,0,0,0,0,0,0,1,0,1,0,0,0,4,0,1,1,2,1,1,2,0,0,0,0,0,0,0,0,0,0,0
388,I.1,0,0,0,0,0,0,0,0,0,0,0,0,0,0,0,0,1,1,0,0,0,0,0,0,0,0,0,0,1,0,0,0,0,0,1,0,0,0,0,0,1
389,M.1,0,0,0,0,0,0,0,0,0,0,0,0,0,0,0,0,0,0,0,0,0,0,0,0,0,0,0,0,1,0,0,0,0,0,1,0,0,0,0,0,0
390,P.2,0,0,0,0,0,0,0,0,0,0,0,0,0,0,0,0,0,0,0,0,0,0,0,0,0,0,0,0,0,1,0,0,0,2,2,1,2,1,0,2,0
