,Epiweek,Netau_HMM_median,Netau_HMM_95%_ci_lower,Netau_HMM_95%_ci_upper,Netau_MSD_median,Netau_MSD_95%_ci_lower,Netau_MSD_95%_ci_upper,c_median,c_95%_ci_lower,c_95%_ci_upper,c_MSD_median,c_MSD_95%_ci_lower,c_MSD_95%_ci_upper,T,variant,sequences_analyzed,sequences_total,Rt_date,Rt_lower,Rt_upper,Rt_estimate_certainty_criteria_met,Rt_estimate_based_on_fewer_days_or_lower_quality_data,I_date,I_method,I,I_lower,I_upper,Rt,date,Netau SIR,Netau SIR upper,Netau SIR lower,Netau SIR error criteria met,E,E_upper,E_lower,Netau SEIR,Netau SEIR upper,Netau SEIR lower,Netau SEIR error criteria met,frac_variant,Rt_variant,Rt_variant_lower,Rt_variant_upper,Netau SIR variant,Netau SIR variant upper,Netau SIR variant lower,Netau SIR variant error criteria met,Netau SEIR variant,Netau SEIR variant upper,Netau SEIR variant lower,Netau SEIR variant error criteria met,Netau_HMM_assigned_median,Netau_HMM_assigned_95%_ci_lower,Netau_HMM_assigned_95%_ci_upper,Netau_MSD_assigned_median,Netau_MSD_assigned_95%_ci_lower,Netau_MSD_assigned_95%_ci_upper,frac_assigned
0,29.0,,,,,,,1.0,1.0,5.7507768952319225,1.0,1.0,5.51998832302314,9,pre-B.1.177,78,79,,,,,,,,,,,,2020-07-15,,,,,,,,,,,,,,,,,,,,,,,,,,,,,,
1,30.0,,,,,,,1.563949069063301,1.0,10.438896501953884,1.0,1.0,9.007524575650605,9,pre-B.1.177,66,71,,,,,,,,,,,,2020-07-22,,,,,,,,,,,,,,,,,,,,,,,,,,,,,,
2,31.0,,,,,,,1.0,1.0,7.169610699946744,1.0,1.0,5.154150197288706,9,pre-B.1.177,48,52,,,,,,,,,,,,2020-07-29,,,,,,,,,,,,,,,,,,,,,,,,,,,,,,
3,32.0,,,,,,,1.0,1.0,3.203071436015636,1.0,1.0,2.4422742890770426,9,pre-B.1.177,32,45,,,,,,,,,,,,2020-08-05,,,,,,,,,,,,,,,,,,,,,,,,,,,,,,
4,33.0,274.9469841299357,86.07010297665596,730.5589450393774,781.4089521769961,145.39737827127306,12296.398856019498,1.0,1.0,5.903564009287468,1.0,1.0,5.624500101122476,9,pre-B.1.177,94,117,,,,,,,,,,,,2020-08-12,,,,,,,,,,,,,,,,,,,,,,,,,,,,,,
5,34.0,478.6768189790817,137.59984779138432,1177.2431422151772,391.1588899937683,188.5322173270828,23135.471248348436,1.0029971110456175,1.0,8.21658991262941,1.0,1.0,8.565886553695341,9,pre-B.1.177,232,289,,,,,,,,,,,,2020-08-19,,,,,,,,,,,,,,,,,,,,,,,,,,,,,,
6,35.0,407.1205538421247,129.7556066600158,1075.5480663564929,914.8599513143575,252.74788512537205,2294.762460755379,1.0,1.0,5.603310549785691,1.0026234513575305,1.0,6.1588591777126735,9,pre-B.1.177,290,425,,,,,,,,,,,,2020-08-26,,,,,,,,,,,,,,,,,,,,,,,,,,,,,,
7,36.0,,,,,,,1.0,1.0,6.187169904274575,1.0,1.0,5.060249126245569,9,pre-B.1.177,417,592,,,,,,,,,,,,2020-09-02,,,,,,,,,,,,,,,,,,,,,,,,,,,,,,
8,37.0,375.0083451766972,108.84633523559827,956.1596618989632,576.218429261998,155.82876539001194,8333.441503158227,1.342380976528144,1.0,7.262349295857752,1.0,1.0,6.567259125563809,9,pre-B.1.177,282,439,11-Sep-20,1.1,1.3,1.0,0.0,Interpolated,Interpolated,23541.33948,14822.32486,35312.00922,1.2000000000000002,2020-09-09,7706.986139285714,12611.431864285712,4479.273996153846,True,15363.01699831169,26921.37307053896,2573.2416544480525,21048.381640583168,93319.51026339406,2589.6795417640283,False,0.642369020501139,1.2000000000000002,1.1,1.3,4950.729137308817,8101.193133778066,2877.3468494655685,True,12600.48047682391,60232.8370680812,910.4334412718084,False,,,,,,,
9,38.0,364.8237441869444,141.86868155991257,703.6889403921984,470.70645007592975,200.22318655823807,1205.8406924209542,1.7556897150490245,1.0,5.522185974794394,1.6682597077308206,1.0,5.40517262105153,9,pre-B.1.177,103,151,18-Sep-20,1.1,1.4,1.0,0.0,10 September 2020 to 23 September 2020,Non-overlapping 14-day weighted estimates,27900.84679,19181.83217,39235.5658,1.25,2020-09-16,8768.837562571429,14012.702071428568,5382.656986479593,True,17460.67603470779,27660.224633376616,8407.621243344158,23178.34954524316,83320.03835053592,5443.934503199457,False,0.6821192052980133,1.25,1.1,1.4,5981.392509568591,9558.33320104068,3671.6137060092583,True,15801.14787211848,56473.27927985445,3769.7655494408345,False,,,,,,,
10,39.0,537.4983057493596,180.37080538930505,980.6891948759842,710.2131533565214,332.79231130635145,5562.368878165895,1.7154038313806923,1.0,5.371146818704282,1.49280633027752,1.0,4.763669110601019,9,pre-B.1.177,360,551,25-Sep-20,1.2,1.5,1.0,0.0,Interpolated,Interpolated,34004.157025,25721.093135000003,44031.02384,1.35,2020-09-23,9895.389610449734,14414.918519047618,6736.476773452381,True,21163.42640006493,30369.34703240259,12534.998943116883,26045.745532335302,70455.38406510038,8705.341623757758,True,0.6533575317604355,1.3470691435477546,1.1973947942646703,1.4967434928308383,6479.293909736738,9438.586801189298,4410.903930980165,True,16214.108070662956,44248.02117619066,5329.296811831353,True,,,,,,,
11,40.0,1042.675718218267,306.59707725447066,2390.8650404836726,1441.8003467510262,381.88931878016734,15565.925831785336,1.903128965197885,1.0,4.6557472041089705,1.7454005179721048,1.0,4.634189093594907,9,pre-B.1.177,244,429,02-Oct-20,1.2,1.6,1.0,0.0,24 September 2020 to 07 October 2020,Non-overlapping 14-day weighted estimates,40107.46726,32260.3541,48826.48188,1.4,2020-09-30,11254.646425,15984.860139285716,7921.069087053571,True,26080.61094506493,34666.5756675,17876.810823603897,30650.73711255524,70743.25011690738,12640.922922573636,True,0.5687645687645687,1.3959520644099628,1.1965303409228252,1.5953737878971006,6419.806236330809,9117.985668666815,4518.287541269756,True,16980.003107447592,39703.93488300766,6841.801049337418,True,,,,,,,
12,41.0,845.978475354826,332.8397985104778,1808.5834719600884,910.3829700910812,413.5610913778429,5923.330745639256,1.5374887385958085,1.0,5.272778300669812,1.3061133759073151,1.0,4.572846027476081,9,pre-B.1.177,238,414,09-Oct-20,1.2,1.4,1.0,0.0,Interpolated,Interpolated,53621.939925,45338.876035,63212.85601,1.2999999999999998,2020-10-07,16204.432394917583,20694.68500327381,12722.643785331633,True,35040.24772461039,44195.21307896104,26785.49232409091,44302.23796120812,83302.20101947358,23092.19685701309,True,0.5748792270531401,1.296571780101784,1.1968354893247235,1.3963080708788445,9340.22259846032,11928.4008118804,7333.322272564529,True,24688.05049989981,46465.61910222391,12849.466640892815,True,,,,,,,
13,42.0,1178.859310790868,338.99020306994737,2742.5143740769986,1627.3116149587686,525.4417893279065,14541.480960170098,1.0000000031248129,1.0,3.668147530751544,1.0,1.0,3.358846350780928,9,pre-B.1.177,365,713,16-Oct-20,1.1,1.4,1.0,0.0,08 October 2020 to 21 October 2020,Non-overlapping 14-day weighted estimates,67136.41259,58417.39797,77599.23014,1.25,2020-10-14,21100.01538542857,27714.01076428571,16392.637185459185,True,41010.508062370136,50921.31007470779,32050.87128457792,54751.34918775527,100982.20387775345,29596.59634123998,True,0.511921458625526,1.25,1.1,1.4,10801.550653129636,14187.396814816668,8391.742738699302,True,26212.813687941667,48783.50151137139,13993.942777834198,True,,,,,,,
14,43.0,1150.0614019801706,367.3158124279949,2344.020806338642,1155.2821107139432,470.3532437753324,11523.593023646665,1.0,1.0,2.870015750151279,1.0,1.0,2.9058176868125893,9,pre-B.1.177,556,1256,23-Oct-20,1.1,1.3,1.0,0.0,Interpolated,Interpolated,74111.62429,64084.757475000006,85446.34330000001,1.2000000000000002,2020-10-21,24262.73414255952,30516.55117857143,19366.27286332418,True,43413.89878285714,54080.53745045455,33273.79801051948,61014.275909493976,108493.31873131394,33523.24592577102,True,0.4426751592356688,1.19651629147429,1.096806600518099,1.2962259824304807,10771.781154922308,13548.2509500836,8597.928487553054,True,25560.670012371924,45958.33799421494,13815.461224673489,True,,,,,,,
15,44.0,1453.4515217686917,413.8461011006125,3315.573104011917,1720.8968820435584,366.8549079079588,56992.02080386608,1.7880399691751565,1.0,4.551474163573512,1.5830013150687183,1.0,4.586256699483672,9,pre-B.1.177,150,362,30-Oct-20,1.1,1.3,1.0,0.0,22 October 2020 to 04 November 2020,Non-overlapping 14-day weighted estimates,81086.83599,69752.11698,93293.45646,1.2000000000000002,2020-10-28,26546.285591964283,33319.09159285714,21078.93645,True,47872.48580405845,59388.37914905843,36832.17508217532,67144.2047061316,119360.14036081776,36798.19595048158,True,0.4143646408839779,1.1673081472419755,1.070032468305144,1.2645838261788065,11307.905754387852,14192.913967138797,8978.982236651726,True,27668.18346207407,49442.78371539859,15046.508881506228,True,,,,,,,
16,45.0,1654.6735289816706,503.4026005478852,3449.666064996416,12265.331931462151,12265.331931462151,12265.331931462151,1.4637041638788462,1.0,8.71714824140172,1.0,1.0,5.974731613441932,9,pre-B.1.177,463,1180,06-Nov-20,1.1,1.3,1.0,0.0,Interpolated,Interpolated,91113.702795,79778.98379500001,103756.27403,1.2000000000000002,2020-11-04,29828.890795982137,37055.81215357142,24109.03356442308,True,53995.61197344156,66122.96870766234,42768.46523201298,75658.94723431834,129191.54778942405,43740.67539521794,True,0.3923728813559322,1.1423418904647555,1.047146732926026,1.237537048003485,12294.793277178234,15273.56659897915,9937.19765895752,True,29180.78130968645,50105.975139946175,16739.165208119175,True,,,,,,,
17,46.0,1082.389651118521,318.44243502482675,2400.0482300522635,1576.7959438639089,519.3442875888765,10073.427782788383,1.0292757343989611,1.0,6.047886943040046,1.0,1.0,4.708871406038199,9,pre-B.1.177,508,1567,13-Nov-20,1.0,1.2,1.0,0.0,05 November 2020 to 18 November 2020,Non-overlapping 14-day weighted estimates,101140.5696,89805.85061,114219.0916,1.1,2020-11-11,36121.632,44871.78598571428,29400.724902083333,True,55821.509514253245,67999.82153805193,44594.36276970779,86997.35702111758,145250.26283941077,51774.34607989117,True,0.3241863433312061,1.0193452050946563,0.9266774591769604,1.1120129510123524,12636.694329045167,15697.824602714636,10285.47031429736,True,28421.07452162564,48105.17718385362,16604.80043005538,True,,,,,,,
18,47.0,1148.4187432546714,350.7692013324658,2630.1283284835654,1501.1508745973128,367.8661662947238,11968.996818046431,1.0,1.0,3.604587905462706,1.0,1.0,2.7971331134872286,9,pre-B.1.177,236,773,20-Nov-20,1.0,1.2,1.0,0.0,Interpolated,Interpolated,94165.35791,83266.589645,106371.978415,1.1,2020-11-18,33630.48496785713,41788.99152017857,27259.89541949405,True,48373.546057792206,59889.43941116883,37384.19060922079,77057.98302689016,130420.79273401485,44800.86927289939,True,0.3053040103492885,0.9714909076467526,0.8831735524061386,1.0598082628873664,11625.71263904492,14446.024413665686,9423.465377331067,True,23980.48977620836,40891.35087596633,13801.361183076537,True,,,,,,,
19,48.0,1404.826350834925,462.66626707653984,3974.21772532352,2223.2498041544213,2223.2498041544213,2223.2498041544213,1.291321286685093,1.0,5.034143239355115,1.0,1.0,4.278567307214122,9,pre-B.1.177,94,452,27-Nov-20,1.0,1.1,1.0,0.0,19 November 2020 to 02 December 2020,Non-overlapping 14-day weighted estimates,87190.14622,76727.32868,98524.86523,1.05,2020-11-25,32622.16355170068,38706.19705464286,27402.61738571429,True,53630.43247811687,65044.41525214285,42598.61429444805,85096.20611809552,136989.7465642509,51613.804123391084,True,0.2079646017699115,0.8577335557673976,0.8168891007308549,0.8985780108039404,8304.989313522008,9853.869820633883,6976.191023940388,True,18089.97145336492,30205.7952224139,10416.104112447469,True,,,,,,,
20,49.0,1771.305447173219,500.9814304224138,3755.0111498763954,372.8366905705168,372.8366905705168,372.8366905705168,1.0,1.0,3.78351924574722,1.0,1.0,3.720458626053502,9,pre-B.1.177,53,284,04-Dec-20,0.9,1.1,1.0,0.0,Interpolated,Interpolated,122502.15546,109859.58424,136016.628115,1.0,2020-12-02,48125.84678785714,59372.33766924603,39235.5658,True,81953.07576935065,94929.68713129868,69452.04699331168,134056.34596529396,211922.10942513525,84424.18700971136,True,0.1866197183098591,0.81988738721762,0.737898648495858,0.901876125939382,10954.2262888714,13514.11072297858,8930.653589113517,True,26717.76039513065,42575.27861970336,16653.855349528025,True,,,,,,,
21,50.0,,,,,,,1.0,1.0,3.354714309179505,1.0,1.0,2.529676892896694,9,pre-B.1.177,156,1239,11-Dec-20,0.9,1.1,1.0,0.0,03 December 2020 to 16 December 2020,Non-overlapping 14-day weighted estimates,157814.1647,142991.8398,173508.391,1.0,2020-12-09,61998.42184642857,75737.78972222222,51068.51421428571,True,112050.66130987012,127617.49942616884,96959.40577860388,181293.08449900424,276807.01035318675,118513.41252737508,True,0.1259079903147699,0.681939833468255,0.6137458501214296,0.7501338168150806,11446.89943931033,13983.627919649229,9428.88753158792,True,25206.254249025704,39537.43406327025,15922.224049742294,True,,,,,,,
22,51.0,,,,,,,1.0,1.0,4.25003004092315,1.0,1.0,3.598601644696511,9,pre-B.1.177,151,2145,18-Dec-20,1.1,1.3,1.0,0.0,Interpolated,Interpolated,243696.4587,224514.6265,263750.19235,1.2000000000000002,2020-12-16,79781.57874107143,94196.49726785716,67847.82668956045,True,157774.53277694806,176092.95604967533,139931.69212402598,216527.2352626304,307746.4073913796,152182.82852252433,True,0.0703962703962704,0.7818827399309691,0.7167258449367216,0.8470396349252164,8619.694953532788,10177.099588055971,7330.358443046241,True,15817.251345106182,23248.351123202905,10663.65943755433,True,,,,,,,
23,52.0,,,,,,,1.0,1.0,1.921936561485964,1.0,1.0,1.839558344458008,9,pre-B.1.177,42,925,,,,,,,,,,,,2020-12-23,,,,,,,,,,,,,,,,,,,,,,,,,,,,,,
24,53.0,,,,,,,1.0,1.0,3.152832529205983,1.0,1.0,3.393691707567267,9,pre-B.1.177,48,1910,,,,,,,,,,,,2020-12-30,,,,,,,,,,,,,,,,,,,,,,,,,,,,,,
25,35.0,,,,,,,1.0,1.0,1.3608176043042892,1.0,1.0,6.5804410464988585,9,B.1.177,54,311,,,,,,,,,,,,2020-08-26,,,,,,,,,,,,,,,,,,,,,,,,,,,,,,10.8
26,36.0,,,,,,,1.0,1.0,6.737381122126501,1.0,1.0,9.95223186112664,9,B.1.177,77,434,,,,,,,,,,,,2020-09-02,,,,,,,,,,,,,,,,,,,,,,,,,,,,,,7.0
27,37.0,,,,,,,1.0,1.0,5.634586954598053,1.0,1.0,4.319990990081663,9,B.1.177,45,284,11-Sep-20,1.1,1.3,1.0,0.0,Interpolated,Interpolated,23541.33948,14822.32486,35312.00922,1.2000000000000002,2020-09-09,7706.986139285714,12611.431864285712,4479.273996153846,True,15363.01699831169,26921.37307053896,2573.2416544480525,21048.381640583168,93319.51026339406,2589.6795417640283,False,0.380281690140845,1.2000000000000002,1.1,1.3,2930.825714939637,4795.896624446679,1703.3858858613214,True,9143.77873994315,35564.4832208157,2157.7083929489345,False,,,,,,,5.625
28,38.0,,,,,,,1.0,1.0,2.0658887510061423,1.0,1.0,1.744725589903039,9,B.1.177,20,102,18-Sep-20,1.1,1.4,1.0,0.0,10 September 2020 to 23 September 2020,Non-overlapping 14-day weighted estimates,27900.84679,19181.83217,39235.5658,1.25,2020-09-16,8768.837562571429,14012.702071428568,5382.656986479593,True,17460.67603470779,27660.224633376616,8407.621243344158,23178.34954524316,83320.03835053592,5443.934503199457,False,0.3529411764705882,1.25,1.1,1.4,3094.8838456134454,4945.659554621847,1899.7612893457383,True,7776.398107929015,28353.3044696046,1764.6867289529112,False,,,,,,,20.0
29,39.0,14.308533654074097,3.5914047550107018,29.63724972171409,37.73815766617868,9.940447921598173,3064.935433511901,1.0,1.0,4.696895773530013,1.0,1.0,4.009588434796737,9,B.1.177,66,426,25-Sep-20,1.2,1.5,1.0,0.0,Interpolated,Interpolated,34004.157025,25721.093135000003,44031.02384,1.35,2020-09-23,9895.389610449734,14414.918519047618,6736.476773452381,True,21163.42640006493,30369.34703240259,12534.998943116883,26045.745532335302,70455.38406510038,8705.341623757758,True,0.3169014084507042,1.3470691435477546,1.1973947942646703,1.4967434928308383,3142.685690374069,4578.046943182485,2139.443720044076,True,8571.314498961912,23327.248116453007,2820.915792656998,True,85.85120192444458,21.54842853006421,177.82349833028454,226.42894599707208,59.64268752958903,18389.612601071403,6.0
30,40.0,50.94410373029996,16.526780736631167,126.15098899375228,49.90952249085223,11.982996920743316,257.35068430788385,1.0,1.0,3.5070822275866167,1.0,1.0,2.656017962590896,9,B.1.177,66,325,02-Oct-20,1.2,1.6,1.0,0.0,24 September 2020 to 07 October 2020,Non-overlapping 14-day weighted estimates,40107.46726,32260.3541,48826.48188,1.4,2020-09-30,11254.646425,15984.860139285716,7921.069087053571,True,26080.61094506493,34666.5756675,17876.810823603897,30650.73711255524,70743.25011690738,12640.922922573636,True,0.3784615384615384,1.3959520644099628,1.1965303409228252,1.5953737878971006,4271.802215289632,6067.197349035838,3006.512972133433,True,12146.04751553993,27627.780550064657,5139.051564063032,True,258.63929586152284,83.90519450905053,640.45886719905,253.386806492019,60.83675359761991,1306.5496280246412,5.076923076923077
31,41.0,216.22474443867537,109.4241992033468,616.8545969542929,,,,1.0,1.0,2.555213112978304,1.0,1.0,1.6796625109797154,9,B.1.177,88,336,09-Oct-20,1.2,1.4,1.0,0.0,Interpolated,Interpolated,53621.939925,45338.876035,63212.85601,1.2999999999999998,2020-10-07,16204.432394917583,20694.68500327381,12722.643785331633,True,35040.24772461039,44195.21307896104,26785.49232409091,44302.23796120812,83302.20101947358,23092.19685701309,True,0.3869047619047619,1.296571780101784,1.1968354893247235,1.3963080708788445,6286.149212799301,8028.042863337874,4935.466745566013,True,18781.94818881505,35134.01570817777,9866.226686937718,True,1119.281030035496,566.4311488173246,3193.129678351634,,,,5.176470588235294
32,42.0,,,,,,,1.0,1.0,4.689545196562581,1.0,1.0,3.7638508192682094,9,B.1.177,224,708,16-Oct-20,1.1,1.4,1.0,0.0,08 October 2020 to 21 October 2020,Non-overlapping 14-day weighted estimates,67136.41259,58417.39797,77599.23014,1.25,2020-10-14,21100.01538542857,27714.01076428571,16392.637185459185,True,41010.508062370136,50921.31007470779,32050.87128457792,54751.34918775527,100982.20387775345,29596.59634123998,True,0.4901129943502825,1.25,1.1,1.4,10341.39172138943,13582.99680114003,8034.244496263187,True,29111.52898519072,52970.58387230736,16034.232526133026,True,,,,,,,10.181818181818182
33,43.0,117.5650755018535,36.72469053816985,306.45037206957005,91.99904038207448,80.56991754248023,103.4281632216687,1.0264112786012147,1.0,9.722936048680136,1.0,1.0,20.101405507138207,9,B.1.177,492,1283,23-Oct-20,1.1,1.3,1.0,0.0,Interpolated,Interpolated,74111.62429,64084.757475000006,85446.34330000001,1.2000000000000002,2020-10-21,24262.73414255952,30516.55117857143,19366.27286332418,True,43413.89878285714,54080.53745045455,33273.79801051948,61014.275909493976,108493.31873131394,33523.24592577102,True,0.5541699142634451,1.19651629147429,1.096806600518099,1.2962259824304807,13484.8249659971,16960.592684692267,10763.45304990086,True,34824.870354552375,61466.16939541383,19344.599388424347,True,1014.7722306475775,316.99206569788714,2645.1505799689207,794.0969801400112,695.445604050882,892.7483562291403,8.631578947368421
34,44.0,199.95894336536904,52.72915279609363,480.1223967736955,,,,1.0,1.0,2.997289128202104,1.0,1.0,3.0379777706062328,9,B.1.177,132,341,30-Oct-20,1.1,1.3,1.0,0.0,22 October 2020 to 04 November 2020,Non-overlapping 14-day weighted estimates,81086.83599,69752.11698,93293.45646,1.2000000000000002,2020-10-28,26546.285591964283,33319.09159285714,21078.93645,True,47872.48580405845,59388.37914905843,36832.17508217532,67144.2047061316,119360.14036081776,36798.19595048158,True,0.5513196480938416,1.1673081472419755,1.070032468305144,1.2645838261788065,15045.37309913235,18883.928698877768,11946.69824237673,True,37994.59838491887,67565.80080378849,20811.9773501584,True,1649.6612827642946,435.0155105677724,3961.009773382988,,,,8.25
35,45.0,177.47564073001135,57.18485855191119,453.48539325054617,305.3203634873709,242.7465914936493,459.4672295629255,1.0,1.0,3.647889356502677,1.0,1.0,2.42973294196678,9,B.1.177,468,1113,06-Nov-20,1.1,1.3,1.0,0.0,Interpolated,Interpolated,91113.702795,79778.98379500001,103756.27403,1.2000000000000002,2020-11-04,29828.890795982137,37055.81215357142,24109.03356442308,True,53995.61197344156,66122.96870766234,42768.46523201298,75658.94723431834,129191.54778942405,43740.67539521794,True,0.550763701707098,1.1423418904647555,1.047146732926026,1.237537048003485,17257.884473722304,21439.111819485755,13948.588262086852,True,43931.412831393216,75009.76553243186,25400.8424248556,True,1628.5999972871628,524.7551725940085,4161.395373357953,2801.763335531168,2227.5569572358404,4216.287518342139,9.176470588235292
36,46.0,190.25194073200933,64.03245773777427,451.29117128216336,316.757259070989,60.90300490808835,10889.175188233155,1.0,1.0,3.7565324810887,1.0,1.0,2.695790594694612,9,B.1.177,641,1400,13-Nov-20,1.0,1.2,1.0,0.0,05 November 2020 to 18 November 2020,Non-overlapping 14-day weighted estimates,101140.5696,89805.85061,114219.0916,1.1,2020-11-11,36121.632,44871.78598571428,29400.724902083333,True,55821.509514253245,67999.82153805193,44594.36276970779,86997.35702111758,145250.26283941077,51774.34607989117,True,0.5578571428571428,1.0193452050946563,0.9266774591769604,1.1120129510123524,21745.11770336384,27012.68502540276,17699.151122519113,True,51009.38588529644,85166.13250550379,30359.561227865404,True,1524.3936751152246,513.0600676239162,3615.9705098983336,2538.0175383062992,487.9853268260579,87249.51619571816,8.0125
37,47.0,238.56327418728213,80.27713584146022,481.7982010791305,344.4656322924486,126.89723685606306,6303.398161033156,1.0,1.0,4.471589384266774,1.0,1.0,3.923692198870623,9,B.1.177,298,771,20-Nov-20,1.0,1.2,1.0,0.0,Interpolated,Interpolated,94165.35791,83266.589645,106371.978415,1.1,2020-11-18,33630.48496785713,41788.99152017857,27259.89541949405,True,48373.546057792206,59889.43941116883,37384.19060922079,77057.98302689016,130420.79273401485,44800.86927289939,True,0.4941634241245136,0.9714909076467526,0.8831735524061386,1.0598082628873664,18817.31576020047,23382.25718383522,15252.770222877532,True,40665.719188945724,69532.7380207939,23307.19335189604,True,1204.946706912035,405.4675674704262,2433.4892190098453,1739.843363104232,640.9385861543524,31837.50257606577,5.050847457627119
38,48.0,205.0727661166772,55.20322036451381,585.3402572467031,,,,1.0,1.0,2.832856022366177,1.0,1.0,2.428125323748446,9,B.1.177,178,455,27-Nov-20,1.0,1.1,1.0,0.0,19 November 2020 to 02 December 2020,Non-overlapping 14-day weighted estimates,87190.14622,76727.32868,98524.86523,1.05,2020-11-25,32622.16355170068,38706.19705464286,27402.61738571429,True,53630.43247811687,65044.41525214285,42598.61429444805,85096.20611809552,136989.7465642509,51613.804123391084,True,0.4593406593406593,0.8577335557673976,0.8168891007308549,0.8985780108039404,18343.59902898754,21764.680248202985,15408.623185634804,True,44154.168572488736,71651.47546295746,26487.26408362745,True,1351.9611988432794,363.9323416623503,3858.9098440708576,,,,6.592592592592593
39,49.0,269.52999607302894,71.25463062163566,709.5191494916603,243.1591232938472,243.1591232938472,243.1591232938472,1.0,1.0,3.6781421558739953,1.0,1.0,3.236468957752678,9,B.1.177,125,383,04-Dec-20,0.9,1.1,1.0,0.0,Interpolated,Interpolated,122502.15546,109859.58424,136016.628115,1.0,2020-12-02,48125.84678785714,59372.33766924603,39235.5658,True,81953.07576935065,94929.68713129868,69452.04699331168,134056.34596529396,211922.10942513525,84424.18700971136,True,0.3890339425587467,0.81988738721762,0.737898648495858,0.901876125939382,22835.560354691468,28171.98430235784,18617.15046440355,True,51983.580896150976,83229.94772571592,32203.97736629544,True,1684.562475456431,445.3414413852229,4434.494684322877,1519.7445205865451,1519.7445205865451,1519.7445205865451,6.25
40,50.0,234.64874405764357,61.90904305370898,603.6753905283354,,,,1.0,1.0,3.7336752061679808,1.0,1.0,3.3892811027444503,9,B.1.177,228,1237,11-Dec-20,0.9,1.1,1.0,0.0,03 December 2020 to 16 December 2020,Non-overlapping 14-day weighted estimates,157814.1647,142991.8398,173508.391,1.0,2020-12-09,61998.42184642857,75737.78972222222,51068.51421428571,True,112050.66130987012,127617.49942616884,96959.40577860388,181293.08449900424,276807.01035318675,118513.41252737508,True,0.2021018593371059,0.681939833468255,0.6137458501214296,0.7501338168150806,18374.049609924637,22445.89239947428,15134.827399360323,True,39922.85121325957,63688.177163367705,24658.240133716445,True,1304.8759425644566,344.2746784450158,3357.02412293806,,,,5.560975609756097
41,51.0,,,,,,,1.0,1.0,4.005011162065576,1.0,1.0,2.4126072577773208,9,B.1.177,244,1777,18-Dec-20,1.1,1.3,1.0,0.0,Interpolated,Interpolated,243696.4587,224514.6265,263750.19235,1.2000000000000002,2020-12-16,79781.57874107143,94196.49726785716,67847.82668956045,True,157774.53277694806,176092.95604967533,139931.69212402598,216527.2352626304,307746.4073913796,152182.82852252433,True,0.1519414743950478,0.7818827399309691,0.7167258449367216,0.8470396349252164,18604.52482358656,21965.98637640869,15821.654519635478,True,36292.76950146932,52502.14897628891,24961.627571706256,True,,,,,,,4.979591836734694
42,52.0,,,,,,,1.0,1.0,2.5764874345945943,1.0,1.0,2.482888615964523,9,B.1.177,58,849,,,,,,,,,,,,2020-12-23,,,,,,,,,,,,,,,,,,,,,,,,,,,,,,4.142857142857143
43,53.0,,,,,,,1.0,1.0,1.9462061141496008,1.0,1.0,1.5175691706551404,9,B.1.177,83,1989,,,,,,,,,,,,2020-12-30,,,,,,,,,,,,,,,,,,,,,,,,,,,,,,2.9642857142857144
44,54.0,,,,,,,1.0,1.0,4.571780786842375,1.0,1.0,3.2765196371838505,9,B.1.177,56,1535,,,,,,,,,,,,2021-01-06,,,,,,,,,,,,,,,,,,,,,,,,,,,,,,3.294117647058824
45,46.0,,,,,,,1.0,1.0,4.471724451659786,1.0,1.0,4.779466183321038,9,Alpha,55,1400,13-Nov-20,1.0,1.2,1.0,0.0,05 November 2020 to 18 November 2020,Non-overlapping 14-day weighted estimates,101140.5696,89805.85061,114219.0916,1.1,2020-11-11,36121.632,44871.78598571428,29400.724902083333,True,55821.509514253245,67999.82153805193,44594.36276970779,86997.35702111758,145250.26283941077,51774.34607989117,True,0.125,1.732886848660916,1.5753516806008323,1.890422016720999,2866.156208547618,3560.4578439749066,2332.8699604133803,True,8852.787137450472,14327.684217349635,5486.900846928306,True,,,,,,,2.2
46,47.0,,,,,,,1.0,1.0,4.671267398851211,1.0,1.0,2.71860682233198,9,Alpha,49,771,20-Nov-20,1.0,1.2,1.0,0.0,Interpolated,Interpolated,94165.35791,83266.589645,106371.978415,1.1,2020-11-18,33630.48496785713,41788.99152017857,27259.89541949405,True,48373.546057792206,59889.43941116883,37384.19060922079,77057.98302689016,130420.79273401485,44800.86927289939,True,0.191958495460441,1.6515345429994792,1.5013950390904356,1.8016740469085228,4299.7726300905815,5342.865621750213,3485.2709479479317,True,12963.194708383584,21347.521461017903,7821.233507867125,True,,,,,,,2.7222222222222223
47,48.0,,,,,,,4.173866493095325,1.0,20.66382540624179,3.775773304506777,1.0,9.918756618153289,9,Alpha,61,455,27-Nov-20,1.0,1.1,1.0,0.0,19 November 2020 to 02 December 2020,Non-overlapping 14-day weighted estimates,87190.14622,76727.32868,98524.86523,1.05,2020-11-25,32622.16355170068,38706.19705464286,27402.61738571429,True,53630.43247811687,65044.41525214285,42598.61429444805,85096.20611809552,136989.7465642509,51613.804123391084,True,0.3296703296703296,1.458147044804576,1.388711471242453,1.5275826183666985,7744.272035879907,9188.578770702075,6505.188510681735,True,24544.994735963053,38363.01232332624,15498.99548011933,True,,,,,,,2.3461538461538463
48,49.0,,,,,,,1.0,1.0,5.597082779661473,1.0,1.0,3.6119767800668496,9,Alpha,52,383,04-Dec-20,0.9,1.1,1.0,0.0,Interpolated,Interpolated,122502.15546,109859.58424,136016.628115,1.0,2020-12-02,48125.84678785714,59372.33766924603,39235.5658,True,81953.07576935065,94929.68713129868,69452.04699331168,134056.34596529396,211922.10942513525,84424.18700971136,True,0.4046997389033943,1.393808558269954,1.2544277024429586,1.5331894140969495,13973.595953324828,17239.074484269502,11392.25551513048,True,49272.7809760879,76977.58572919318,31499.33429227952,True,,,,,,,2.6
49,50.0,116.61686111475514,33.46134470675812,354.0765581409355,292.983756557601,44.13085401311751,5044.856736816631,4.984715689149927,1.0,35.973268791309565,1.200545338642342,1.0,12.11379465203527,9,Alpha,331,1237,11-Dec-20,0.9,1.1,1.0,0.0,03 December 2020 to 16 December 2020,Non-overlapping 14-day weighted estimates,157814.1647,142991.8398,173508.391,1.0,2020-12-09,61998.42184642857,75737.78972222222,51068.51421428571,True,112050.66130987012,127617.49942616884,96959.40577860388,181293.08449900424,276807.01035318675,118513.41252737508,True,0.6693613581244947,1.1592977168960337,1.0433679452064302,1.275227488585637,35796.971945923746,43729.87978062283,29486.204909812583,True,119176.7896234986,179108.20132782334,79462.67963004907,True,338.5980792016136,97.1553078766398,1028.0643924969268,850.6809071979467,128.1343217398412,14647.78578847636,2.9035087719298245
50,51.0,132.40465583615128,35.56937971179337,312.4898444046975,358.88844068750086,45.60039310082879,18609.565713135136,2.40969524965574,1.0,18.159333594274727,2.9922753444026755,1.0,11.34002421074032,9,Alpha,568,1777,18-Dec-20,1.1,1.3,1.0,0.0,Interpolated,Interpolated,243696.4587,224514.6265,263750.19235,1.2000000000000002,2020-12-16,79781.57874107143,94196.49726785716,67847.82668956045,True,157774.53277694806,176092.95604967533,139931.69212402598,216527.2352626304,307746.4073913796,152182.82852252433,True,0.7681485649971863,1.3292006578826474,1.2184339363924268,1.4399673793728678,55327.18166491431,65323.68497559451,47051.32553224931,True,164714.58922148903,232913.403612805,116485.07148897626,True,548.9477701819995,147.4701290240776,1295.5783330063373,1487.9462358430694,189.0585640968668,77154.98777416612,4.145985401459854
51,52.0,50.588059383933086,333.8464920098487,427.4366101323911,953.845635531851,145.63813451730852,6426.753692533031,1.0,1.0,2.798556928985005,1.0,1.0,2.304803730777979,9,Alpha,288,849,,,,,,,,,,,,2020-12-23,,,,,,,,,,,,,,,,,,,,,,,,189.21248185159388,1248.672593491382,1598.7239443912808,3567.630429002248,544.7244511816215,24037.72809674692,3.74025974025974
52,53.0,718.308547810542,231.4960507958622,2047.4701953845768,874.357202466318,121.90455614052054,6637.775465840001,1.0,1.0,3.909235319418843,1.0,1.0,4.339173092262154,9,Alpha,766,1989,,,,,,,,,,,,2020-12-30,,,,,,,,,,,,,,,,,,,,,,,,2710.4647666151486,873.5269699981795,7725.922018052147,3299.298606350737,459.99453203762926,25046.9754031204,3.773399014778325
53,54.0,617.8258591110491,281.5463355547385,1211.3541416781718,743.0921848875092,306.76203950884667,9160.292168865266,1.0,1.0,2.270953964707835,1.0,1.0,2.5636008954961067,9,Alpha,619,1535,,,,,,,,,,,,2021-01-06,,,,,,,,,,,,,,,,,,,,,,,,1762.369616542578,803.1206530340237,3455.4295562156144,2119.696140301236,875.0493200736227,26130.050011647927,2.8525345622119818
54,55.0,555.550781453138,264.0498066511649,967.555623134748,756.8668610793924,390.93709157731513,3721.474738041246,1.0,1.0,2.304450302439238,1.0,1.0,2.7670344043137822,9,Alpha,676,1504,15-Jan-21,0.9,1.2,1.0,0.0,Interpolated,Interpolated,273777.05915,255031.1777,293394.84205,1.05,2021-01-13,102433.5935595238,128069.17708531744,83492.34984226192,True,152042.06375454544,170963.4578376623,133596.25229123374,247798.47126923825,369067.0665313881,168526.35760289713,True,0.9601063829787234,1.0674206769224748,0.9149320087906928,1.219909345054257,96742.08734279968,120953.28382976876,78853.27381589946,True,245772.8481845216,363334.42442971736,168640.17749954396,True,1877.7616413116064,892.4883464809373,3270.3380061954485,2558.209990448346,1321.367369531325,12578.584614579411,3.38
55,56.0,973.3807785963788,378.38573747892303,1865.9329470665068,1611.7720163528188,586.369004854838,11968.577781991256,1.0,1.0,2.409104645476251,1.0,1.0,2.4499381102976847,9,Alpha,871,2003,22-Jan-21,0.7,0.9,1.0,0.0,14 January 2021 to 27 January 2021,Non-overlapping 14-day weighted estimates,256339.0299,238029.0992,275520.8621,0.8,2021-01-20,125880.77361160712,154629.0552602041,103901.59092063492,True,124127.06271136364,142063.32139285715,106572.9686698052,277307.6476725741,411144.6491429474,188136.65325016924,True,0.962056914628058,0.815353719855383,0.71343450487346,0.9172729348373058,118823.98102581128,145960.65309359864,98076.93672266036,True,262773.24731059815,389539.1111164617,178306.48132361006,True,3151.727353745152,1225.1820719113084,6041.738278419804,5218.785971164703,1898.614881890572,38753.27601529511,3.2379182156133828
56,57.0,924.7213981771604,431.8856034211663,1657.9050373451903,1226.2160797600054,659.121886062426,5648.390548254089,1.0004244977794103,1.0,3.3212063041254734,1.0,1.0,2.9549802030188044,9,Alpha,1392,2855,29-Jan-21,0.6,0.9,1.0,0.0,Interpolated,Interpolated,200537.3363,184843.11,216667.5134,0.75,2021-01-27,105043.36663333332,141865.63377380953,80685.48452380951,True,85468.99007532466,100993.36550064936,69995.56998116882,213663.0520958899,357443.6636662352,130836.53648568544,True,0.975831873905429,0.7620129549716049,0.609610363977284,0.914415545965926,100888.7033688558,136254.58039631014,77494.22143627184,True,206086.75484946693,344470.57772412803,126335.01879056654,True,2715.637523760775,1268.3222784014,4868.7844134694205,3601.039626636978,1935.649083120036,16587.678572087956,2.9367088607594938
57,58.0,961.7874767050783,417.7705881720149,1681.7024121803163,1202.450850537106,526.2270117837371,6949.035437315456,1.1297987231255888,1.0,2.902727730542708,1.1464110333934707,1.0,3.0318991107843907,9,Alpha,1213,2244,05-Feb-21,0.6,0.8,1.0,0.0,28 January 2021 to 10 February 2021,Non-overlapping 14-day weighted estimates,144735.6427,131657.1208,157814.1647,0.7,2021-02-03,81229.18722959184,103330.70307738095,64653.050392857134,True,58861.84123071428,71880.91537558442,45936.18514860389,160733.32661705994,262387.07372611697,98141.31425073608,True,0.9705882352941176,0.7212121212121212,0.6181818181818183,0.8242424242424243,76521.26720849957,97341.8128471175,60905.85802579708,True,151286.40675194436,247063.1160448431,92326.7306567883,True,3030.2550889435324,1316.248632344556,5298.45461292136,3788.500991432493,1657.9567929705795,21893.973988217265,3.1506493506493505
58,59.0,1073.0456180184733,425.00006559305433,2074.526694320542,1339.8701486154337,701.7827780986629,8132.157443569388,1.9086191497251657,1.0,4.143784404088294,1.892570705971076,1.0,4.130260754022166,9,Alpha,999,1931,12-Feb-21,0.6,0.8,1.0,0.0,Interpolated,Interpolated,106807.92911,95909.160845,118578.59888,0.7,2021-02-10,59943.22552091837,77640.74926666668,47098.24862924107,True,42004.13602792207,53469.07409415584,31388.45263149352,116361.52556149212,202078.87627936967,67108.70772053207,True,0.9766960124287932,0.7167020148462355,0.6143160127253448,0.8190880169671264,57181.946873238725,74064.23596967898,44928.67254866051,True,111520.03354261736,193562.08317188325,64365.2211655414,True,3268.2090621965085,1294.4361753886014,6318.451730567749,4080.8849953256654,2137.4420589041592,24768.36977477384,3.0457317073170733
59,60.0,680.8528105270314,273.826924050538,1246.269801045246,778.7040868544319,403.4287691963042,4891.135604294274,1.258652758872632,1.0,2.92875811278769,1.2038920356455391,1.0,3.051876276927322,9,Alpha,558,912,19-Feb-21,0.6,0.8,1.0,0.0,11 February 2021 to 24 February 2021,Non-overlapping 14-day weighted estimates,68880.21552,60161.20089,79343.03306,0.7,2021-02-17,38657.2638122449,51950.79545595239,29543.446865625,True,24866.176772629868,34776.97877522727,16093.376009025971,71606.3016040569,141739.37805618325,35988.82768218014,True,0.986842105263158,0.7093333333333333,0.608,0.8106666666666666,37646.66013571288,50592.66351103396,28771.10260026673,True,69446.67373959455,137318.2050498831,34951.839742935495,True,2261.4039778219258,909.4965691678584,4139.396124900282,2586.4100027665063,1339.9598405448678,16245.557542834556,3.321428571428572
60,61.0,591.1487954518287,276.12003989703896,1166.9707309717587,633.0239915210838,293.8116234980392,3045.132675968584,1.1944628734221858,1.0,3.0423986428382706,1.1502968934994988,1.0,3.086901687150078,9,Alpha,551,932,26-Feb-21,0.6,0.8,1.0,0.0,Interpolated,Interpolated,47518.629695,40543.41799,56237.64431,0.7,2021-02-24,26668.61870637755,36822.2671077381,19909.71419151785,True,16764.287207337657,24883.161858116884,9596.577780194806,48804.94814473916,106274.1305313361,21952.608493485703,True,0.9452789699570816,0.7405221339387059,0.634733257661748,0.846311010215664,23829.80641078385,32902.622608411824,17790.37152623309,True,42540.454688537735,93215.40036527532,18946.53566515675,True,2061.5378879364407,962.9249492611928,4069.6257769964495,2207.5710084058046,1024.6215477684784,10619.418382649936,3.4873417721518987
61,62.0,513.0448978535956,209.4284108948442,980.8805503380828,577.9058044641733,228.2003133572865,5618.952618536999,1.1145956434470334,1.0,3.045349672723509,1.0725401623943986,1.0,3.062604452658185,9,Alpha,532,848,05-Mar-21,0.6,0.8,1.0,0.0,25 February 2021 to 10 March 2021,Non-overlapping 14-day weighted estimates,26157.04387,20925.63509,33132.25556,0.7,2021-03-03,14679.973600510206,21693.73875952381,10275.981517410712,True,9596.577783116883,16390.615147792207,3753.7056442207777,27427.61427808282,76739.04302897897,9027.360218639356,True,0.920990566037736,0.7600512163892444,0.651472471190781,0.868629961587708,12451.900389013006,18401.14168117255,8716.33026980987,True,22752.79178491284,64069.08186867334,7399.4139856585025,True,1559.6564894749306,636.6623691203264,2981.876873027772,1756.8336455710871,693.7289526061509,17081.615960352476,3.04
62,63.0,373.7756025021623,131.88595742671475,744.2366316997886,521.0351631684915,176.10556397754436,11383.64325795056,1.9229226574761795,1.0,4.56072935099736,1.9009511062718016,1.0,4.574006497624865,9,Alpha,533,838,12-Mar-21,0.6,0.8,1.0,0.0,Interpolated,Interpolated,25721.093135000003,20489.68436,32696.30483,0.7,2021-03-10,14435.307371683675,21408.29482916667,10061.898569642855,True,13842.851135259742,20263.216448376625,8373.651055519482,34154.3759634457,89626.45861298706,12512.35407733441,True,0.8997613365155132,0.7767902350109445,0.6658202014379524,0.8877602685839366,11704.3593081506,17358.1599895066,8158.335195015011,True,27272.024632303182,71789.19635937338,9934.03386118648,True,1293.6519229457956,456.4624370677855,2575.8319785453723,1803.3229997974413,609.5082181820204,39399.23283433538,3.461038961038961
63,64.0,568.6388501600358,182.0207523899194,1171.3255176654873,812.404414540013,236.65052592675977,10883.416469031508,1.0160830984074465,1.0,2.976656193721022,1.0189206046523025,1.0,2.983135667858204,9,Alpha,347,553,19-Mar-21,0.6,0.9,1.0,0.0,11 March 2021 to 24 March 2021,Non-overlapping 14-day weighted estimates,25285.1424,20053.73363,32260.3541,0.75,2021-03-17,13244.5984,21122.850898809527,8753.61388611111,True,13324.805785616882,19745.17109931818,7762.187692889607,30882.07150505117,88305.3740964517,10469.1136133525,True,0.8716094032549728,0.8604771784232366,0.6883817427385893,1.032572614107884,10061.960500448318,16047.092179154384,6650.14630856802,True,23604.35083493412,67710.13351150724,7952.366725930326,True,1553.6825276026173,497.3322919630082,3200.3933435427093,2219.7191483888546,646.5963188707531,29736.578856330187,2.732283464566929
64,65.0,372.1607060552342,122.0194220532376,707.224623782527,466.25411584943,206.09145661661364,4199.559618717121,1.9782344259691416,1.0,5.14087270979927,1.8223364286708952,1.0,5.0052695237282405,9,Alpha,381,595,26-Mar-21,0.7,0.9,1.0,0.0,Interpolated,Interpolated,23541.33948,17873.979975,30516.551175,0.8,2021-03-24,11560.479208928571,17126.63586352041,7802.134116071427,True,9290.846101597404,15150.703328571428,4144.362794727273,22486.045468741737,65482.485031427954,6934.672419675011,True,0.9226890756302522,0.8670309653916211,0.7586520947176684,0.9754098360655736,9842.073283102269,14580.849306972434,6642.386906907831,True,18644.75552819201,53673.84531065017,5835.057481944847,True,1050.3202148669943,344.3659244613595,1995.9450493417985,1315.8727269528358,581.6358886735541,11852.090479490544,2.8222222222222224
65,66.0,427.0292134579323,136.00655678837066,860.5600535933428,613.1420014273156,176.08891274428436,3103.1974815724443,1.2825130456568887,1.0,3.820316575398778,1.227448901464844,1.0,3.861273118988656,9,Alpha,240,377,,,,,,,,,,,,2021-03-31,,,,,,,,,,,,,,,,,,,,,,,,1004.7746199010172,320.01542773734275,2024.8471849255125,1442.687062181919,414.3268535159632,7301.641133111634,2.3529411764705883
66,67.0,277.4094728123249,102.6107820538912,540.564874268587,379.51927101178734,129.63984582982974,2806.13906843565,1.410657180491938,1.0,3.729930421223071,1.3135075114435577,1.0,3.563049468989344,9,Alpha,239,378,,,,,,,,,,,,2021-04-07,,,,,,,,,,,,,,,,,,,,,,,,669.7056969913701,247.7169384937373,1305.0000500019423,916.2131896143148,312.9689207407,6774.416538950712,2.414141414141414
67,68.0,247.044675285393,86.12659970596684,491.89759834043866,335.57524466720434,123.2100090900624,4017.9669793965104,1.0,1.0,2.725296511859195,1.0,1.0,2.449240018824576,9,Alpha,273,451,,,,,,,,,,,,2021-04-14,,,,,,,,,,,,,,,,,,,,,,,,618.74492066892,215.7115754103573,1232.0004068526582,840.4774476527227,308.59020625309205,10063.348489681168,2.5045871559633026
68,69.0,189.1424428237873,76.16015854351984,371.9361635733167,255.4464712632393,99.19428780918744,2114.909963835078,1.389647470250542,1.0,4.246106266451163,1.371753850268556,1.0,4.317755836281151,9,Alpha,289,496,,,,,,,,,,,,2021-04-21,,,,,,,,,,,,,,,,,,,,,,,,437.29732780859626,176.08228655261786,859.9164101815082,590.5922415606092,229.33719341484127,4889.6718363867,2.312
69,70.0,174.6728193624532,55.77434321444648,362.2614787103029,320.8073131227744,100.97548016218384,5080.943815434769,2.25489027903708,1.0,6.278405337328908,2.2594289336839672,1.0,6.048010061539162,9,Alpha,217,420,30-Apr-21,0.8,1.1,1.0,0.0,22 April 2021 to 05 May 2021,Non-overlapping 14-day weighted estimates,8719.014622,6103.310236,13078.52193,0.95,2021-04-28,3605.607550451128,6422.488447767857,2179.7536557142857,True,2140.121771025974,7040.3212199025975,-1715.4944345259742,5592.863480706931,32567.560635343303,525.7509659925184,False,0.5619047619047619,1.0319488817891374,0.8690095846645368,1.1948881789137382,1865.1191774280387,3322.243534031625,1127.549321010524,True,1202.2367698537626,11615.623151743082,0.5228610836295378,False,403.2340617197058,128.75566465462646,836.2844774482525,740.5870951876813,233.1029701616372,11729.412850524946,2.3085106382978724
70,71.0,,,,,,,1.0498745165665668,1.0,4.319425211701285,1.001366209763055,1.0,3.859311030250253,9,Alpha,172,383,,,,,,,,,,,,2021-05-05,,,,,,,,,,,,,,,,,,,,,,,,,,,,,,2.0476190476190474
71,72.0,,,,,,,2.5057104520441165,1.0,8.1027939427045,2.5232765401050963,1.0,7.396785909972455,9,Alpha,219,552,14-May-21,0.8,1.0,1.0,0.0,06 May 2021 to 19 May 2021,Non-overlapping 14-day weighted estimates,11334.71901,6975.211698,17438.02924,0.9,2021-05-12,4947.694805952381,8563.317930357141,2740.2617385,True,7490.426199311688,12874.700809655842,3057.316816324675,13647.655638905624,64690.03373834686,2267.556190512735,False,0.4184782608695652,0.8689961723669589,0.7724410421039636,0.9655513026299544,2144.373594721201,3711.415835707711,1187.653067767003,True,4899.865894098448,24470.103033375755,687.6343685812639,False,,,,,,,1.0478468899521531
72,73.0,,,,,,,1.3797597272479396,1.0,6.108755064119863,1.7228263140570008,1.0,5.710498309530799,9,Alpha,182,725,21-May-21,0.9,1.1,1.0,0.0,Interpolated,Interpolated,14822.32486,9590.916084,21797.536555,1.0,2021-05-19,5823.056195,9514.797702579364,3425.3271728571426,True,9579.59269051948,15999.958001922076,4110.392608090909,15782.152557596864,65021.66400546891,3075.8039921865884,False,0.28,0.9520021009701538,0.8568018908731385,1.047202311067169,1712.6598070933424,2798.463736589743,1007.4469451512992,True,3612.843395951226,16089.067494630106,555.6697621399259,False,,,,,,,0.9191919191919192
73,74.0,,,,,,,1.1182323047523544,1.0,6.158948006511472,1.369903382985885,1.0,6.214788791841694,9,Alpha,118,1382,28-May-21,1.0,1.2,1.0,0.0,20 May 2021 to 02 June 2021,Non-overlapping 14-day weighted estimates,18309.93071,12206.62047,26157.04387,1.1,2021-05-26,6539.260967857143,10275.981520357143,3996.215034821429,True,11481.923154155844,18377.87108154545,5350.304426785714,17312.122872411644,63832.29611450368,3857.994904552056,False,0.1606367583212735,0.9994469732420131,0.9085881574927392,1.090305788991287,1156.1296226797888,1816.77512125473,706.5236581113807,True,1962.3997435790584,8340.739819104676,293.1939536031893,False,,,,,,,0.5339366515837104
74,72.0,,,,,,,2.083571328077398,1.0,13.638522384833268,1.6555311110955395,1.0,8.300631463795476,9,Delta,104,552,14-May-21,0.8,1.0,1.0,0.0,06 May 2021 to 19 May 2021,Non-overlapping 14-day weighted estimates,11334.71901,6975.211698,17438.02924,0.9,2021-05-12,4947.694805952381,8563.317930357141,2740.2617385,True,7490.426199311688,12874.700809655842,3057.316816324675,13647.655638905624,64690.03373834686,2267.556190512735,False,0.532608695652174,1.0070132115075936,0.8951228546734166,1.1189035683417703,2355.149587188029,4076.220437925406,1304.3905405101373,True,7625.978322879667,34359.54340689315,1472.158366153575,False,,,,,,,0.4078431372549019
75,73.0,,,,,,,7.787477509149808,1.1638708242102271,17.034419150177726,3.58313150222436,1.0,11.14501191440371,9,Delta,163,725,21-May-21,0.9,1.1,1.0,0.0,Interpolated,Interpolated,14822.32486,9590.916084,21797.536555,1.0,2021-05-19,5823.056195,9514.797702579364,3425.3271728571426,True,9579.59269051948,15999.958001922076,4110.392608090909,15782.152557596864,65021.66400546891,3075.8039921865884,False,0.6648275862068965,1.1032024346536489,0.992882191188284,1.213522678119014,3509.17317879594,5733.943101601948,2064.219516533656,True,10589.482698209282,42422.54691214913,2227.5902480250934,False,,,,,,,0.3497854077253219
76,74.0,,,,,,,25.600743793367883,4.611734771065623,40.303801309332336,26.49261829418909,5.714391532556103,39.49665302585692,9,Delta,429,1382,28-May-21,1.0,1.2,1.0,0.0,20 May 2021 to 02 June 2021,Non-overlapping 14-day weighted estimates,18309.93071,12206.62047,26157.04387,1.1,2021-05-26,6539.260967857143,10275.981520357143,3996.215034821429,True,11481.923154155844,18377.87108154545,5350.304426785714,17312.122872411644,63832.29611450368,3857.994904552056,False,0.8111432706222865,1.1581826689922152,1.0528933354474683,1.263472002536962,5037.810906710736,7916.559995827364,3078.662219926964,True,14611.514608848816,52431.1682640723,3476.582424427226,False,,,,,,,0.3868349864743011
77,75.0,,,,,,,19.67634345355976,4.750719129978183,47.33193419535655,17.01878721574174,1.0,34.70420550982351,9,Delta,809,2529,,,,,,,,,,,,2021-06-02,,,,,,,,,,,,,,,,,,,,,,,,,,,,,,0.3571743929359823
78,76.0,691.691983927821,200.0951302929746,1465.9743525611832,532.6003574817069,209.42005568314065,4204.577888300714,10.933641481172804,1.7806438137788585,27.60100989967521,6.374877588114682,1.0,17.771603067196658,9,Delta,876,2392,11-Jun-21,1.1,1.4,1.0,0.0,03 June 2021 to 16 June 2021,Non-overlapping 14-day weighted estimates,21797.53656,15694.22632,28772.74825,1.25,2021-06-09,6850.654347428572,10275.981517857144,4403.992079591837,True,13944.761700292209,20645.381050324675,7532.888931136364,18419.683993088227,55574.38434794336,5261.575687250654,True,0.9531772575250836,1.268203935753348,1.1160194634629463,1.4203884080437497,6436.157209265524,9654.235810811371,4137.529633684208,True,18010.728233947004,53407.734434344566,5351.360220034342,True,268.2258423730727,77.59333073778032,568.4787661990246,206.53294074987835,81.20937086251935,1630.460482581419,0.3877822045152722
79,77.0,816.6682867861211,398.2557254490496,1787.074511514696,523.2719576086048,282.33398200413257,1950.6610995262613,1.645946750878987,1.0,4.920229839250507,2.51761912501642,1.0,5.998874593234301,9,Delta,574,1438,18-Jun-21,1.1,1.4,1.0,0.0,Interpolated,Interpolated,27900.846795,21361.585825,35312.00922,1.25,2021-06-16,8768.837564142857,12611.431864285712,5994.322552933673,True,17834.348092792206,24866.17676746753,11278.10203207792,23561.792365989608,60546.16815453309,8465.959422420834,True,0.9749652294853964,1.2565737179032237,1.1057848717548369,1.4073625640516103,8504.586326927241,12231.383032405714,5813.682058763789,True,23004.31104885582,58983.921415477904,8299.603966259307,True,335.0733356792234,163.40156283613615,733.2242813505616,214.6948560881624,115.83967524687068,800.3427241801816,0.4102930664760543
80,78.0,806.4625253587595,437.4784861987516,1457.7886173725967,691.46873359683,396.799915174101,1339.4522735684934,1.0,1.0,3.962797861876771,1.3635194547983986,1.0,5.182237235883384,9,Delta,1000,2472,25-Jun-21,1.1,1.3,1.0,0.0,17 June 2021 to 30 June 2021,Non-overlapping 14-day weighted estimates,34004.15703,27028.94533,41851.27019,1.2000000000000002,2021-06-23,11132.313313392857,14946.882210714286,8168.087874450549,True,25647.49106600649,33664.45516246753,18199.52759980519,34258.337930263704,75350.76491787918,14770.884680091707,True,0.9813915857605178,1.2149743649450502,1.1137265011996291,1.3162222286904708,10790.507781264329,14487.954503249452,7917.295649707798,True,33268.46802327474,73132.84738087616,14357.568032401992,True,332.97379246852165,180.62695549081403,601.8945571315428,285.49493542395953,163.8315091552853,553.03562079624,0.4128819157720891
81,79.0,946.0362515916028,539.8256154529611,1640.529005171746,807.2961223539761,552.7831612928744,1256.5546367714674,1.0,1.0,2.302976324583216,1.0,1.0,2.650039398382085,9,Delta,1198,2821,02-Jul-21,1.0,1.2,1.0,0.0,Interpolated,Interpolated,61033.10236,51442.18626999999,71931.870645,1.1,2021-06-30,21797.536557142856,28258.949181964286,16841.19193363095,True,44874.61681831169,55303.46418564935,35345.979404805184,65634.43529494524,123631.94743199152,34280.96761917885,True,0.9826302729528535,1.1159703459757864,1.0145184963416238,1.2174221956099485,21112.399009069013,27370.71728920346,16311.841613800072,True,63154.53090975831,118982.46175106252,32977.17848766282,True,410.7834104410077,234.4005390767116,712.3427865878041,350.54032424068987,240.02690367120823,545.6152427880456,0.4342152953968829
82,80.0,1312.7547407103395,749.7913789804797,2462.180889237666,1127.961381679056,813.4592696182195,1750.946465567801,1.0,1.0,2.0420713253732163,1.0,1.0,2.33205813964922,9,Delta,871,2030,09-Jul-21,1.1,1.4,1.0,0.0,01 July 2021 to 14 July 2021,Non-overlapping 14-day weighted estimates,88062.04769,75855.42721,102012.4711,1.25,2021-07-07,27676.643559714288,36433.02539285714,21285.961717091835,True,59617.67790204546,72551.82655383115,47634.69448909089,77835.48115167786,143471.6724402876,41948.63055812579,True,0.9640394088669952,1.2949145034569045,1.139524763042076,1.4503042438717328,25755.923485200063,33904.624754377786,19808.7459598,True,71916.66234795864,132712.94309874746,38696.96866735437,True,590.2991115945822,337.15451269592046,1107.1551649592193,507.2041112248105,365.78369841893095,787.3383435774675,0.4496644295302013
83,81.0,1336.8116929898083,768.897128890811,2496.737277997584,1123.5210045808617,892.9711463722149,1606.214737743304,1.0,1.0,2.257169253092366,1.0,1.0,1.0,9,Delta,935,2182,16-Jul-21,1.2,1.4,1.0,0.0,Interpolated,Interpolated,115090.992995,101140.569605,130349.2686,1.2999999999999998,2021-07-14,34780.245135851656,42673.86769642858,28381.28228711735,True,74360.73897214285,88849.02367383117,60398.9921851948,94242.57074478635,155525.76465439712,56176.6478184672,True,0.9532538955087076,1.363184446124948,1.2583241041153368,1.4680447881345595,31617.676928289504,38793.53227201485,25800.57186657573,True,85691.48568941887,141483.39629520703,51043.65245741461,True,618.159709666405,355.54837562458374,1154.5249035250945,519.5312261538604,412.9218703551043,742.7353015776405,0.4624134520276953
84,82.0,1692.071897260722,1008.3062358603484,3176.128871928332,1470.5374180018557,1055.3791549739983,2055.9411325980805,1.0,1.0,1.7402836594257638,1.0,1.0,1.8038175867863293,9,Delta,1531,3348,23-Jul-21,1.2,1.4,1.0,0.0,15 July 2021 to 28 July 2021,Non-overlapping 14-day weighted estimates,142119.9383,126425.712,158686.0661,1.2999999999999998,2021-07-21,42948.33300274726,51950.795449404766,35476.60285714286,True,81163.26888224027,96738.59956061689,66063.52084772727,106010.38566543064,168944.34786688755,65521.02872720473,True,0.9605734767025088,1.3526323096047903,1.2485836704044222,1.4566809488051595,39649.75406509682,47960.79659071492,32751.87836186441,True,98036.70827899374,156176.03717849732,60624.83406992527,True,815.6681595422435,486.05694178280646,1531.062123086359,708.8768220909449,508.74857879886383,991.0723784658884,0.4820528967254408
85,83.0,1620.707909046036,971.0404531056907,3060.147601057421,1361.9068386557146,1006.262887858301,1790.7584872608252,1.0,1.0,2.300820726390846,1.0,1.0,3.219061198017476,9,Delta,2100,4352,30-Jul-21,1.2,1.5,1.0,0.0,Interpolated,Interpolated,132093.07150000002,116834.79595,148659.19929999998,1.35,2021-07-28,38439.78271164022,48668.190247023806,30599.589415476188,True,67753.53764415585,83702.5403746753,52704.744903896106,87986.1701675,151290.07635104144,50639.98994748757,True,0.9607077205882352,1.4046342401732048,1.2485637690428486,1.5607047113035608,35493.00110521426,44937.30214825886,28253.834551820142,True,81294.30777495034,139780.2014527496,46790.17119027749,True,818.3425364262264,490.3065524217241,1545.1574806974236,687.6663527715799,508.0913836264564,904.206016650092,0.5049290694878577
86,84.0,1396.271390881324,842.3132949798978,2647.1963877508847,1172.162469308141,923.895423020895,1573.8058320550629,1.0,1.0,1.5288712832975968,1.0,1.0,2.58318137128754,9,Delta,1678,3131,06-Aug-21,0.9,1.2,1.0,0.0,29 July 2021 to 11 August 2021,Non-overlapping 14-day weighted estimates,122066.2047,107243.8799,138632.3325,1.05,2021-08-04,45671.02896938776,60514.113392857136,35109.60353869048,True,63218.517707142855,78887.26639480519,48500.93429327922,105227.47163727602,192582.3199903622,57281.7222758833,True,0.9629511338230596,1.090398009950249,0.934626865671642,1.2461691542288558,42349.59818707993,56113.217605687045,32556.253623447847,True,97239.58002046564,177956.63826248157,52936.83505790897,True,781.2415451480033,471.2909999920869,1481.158899181722,655.8481572187598,516.9378192160926,880.5755872585513,0.5595198399466489
87,85.0,1502.8672562974507,937.8104363456208,2777.463175971075,1206.477465087144,972.3830784034328,1568.647102744135,1.0,1.0,3.5318697887911994,1.0,1.0,3.834367202711461,9,Delta,1692,3276,13-Aug-21,0.8,1.0,1.0,0.0,Interpolated,Interpolated,116398.8452,102012.471105,132093.07155,0.9,2021-08-11,50809.01973015873,64867.13335044642,40076.32793410715,True,61061.41084285714,75974.32287857143,46675.03673084416,118098.85316531752,208400.8357494118,65751.1842643478,True,0.948107448107448,0.948732322588865,0.8433176200789911,1.0541470250987388,45697.99932100515,58341.96824790799,36044.93880117389,True,105947.05060854726,187161.35914188452,58894.07238926655,True,823.4622401733441,513.8520914173544,1521.8483464193844,661.0621343676968,532.7953914049897,859.504824431048,0.5479274611398963
88,86.0,1558.391366968403,970.7175623644736,2546.690633205185,1238.7323605046302,1094.8171246672398,1499.7009392359666,1.0,1.0,3.339648560726151,1.0,1.0,3.673761948443317,9,Delta,1340,2533,20-Aug-21,0.9,1.1,1.0,0.0,12 August 2021 to 25 August 2021,Non-overlapping 14-day weighted estimates,110731.4857,96781.06231,125553.8106,1.0,2021-08-18,43501.65509642857,54805.23478571428,34564.66511071428,True,57503.03377285715,71660.10915769481,43728.12300662337,100413.88054199716,175419.10453160098,56159.27620423016,True,0.9553888669561784,1.046694214876033,0.9420247933884296,1.1513636363636366,39706.913807885816,50024.458357584685,31549.516341557464,True,91851.65141379648,160370.3733959903,51411.966116534,True,867.5714298868551,540.4077829532175,1417.7671161175522,689.6141932181988,609.4952002717496,834.8979055156607,0.5567095970087246
89,87.0,1567.618847089252,970.9713303259142,2625.818043920179,1322.7871334509389,1079.9682499510077,1660.6122548048193,1.0000523923235725,1.0,2.752990216944268,1.0,1.0,3.5782059020291377,9,Delta,1544,2688,27-Aug-21,0.9,1.1,1.0,0.0,Interpolated,Interpolated,102884.37254,89805.85061,116834.79595,1.0,2021-08-25,40418.86064071429,50999.31569246032,32073.518075,True,52755.70016103896,66156.93887318182,39830.04406149351,92497.09439963604,162761.04235812716,51371.27003814897,True,0.9549851190476192,1.0471367354888974,0.9424230619400076,1.1518504090377872,36861.86257491959,46511.20137158795,29250.93871606856,True,84334.97259168717,148404.2425591802,46835.70022710681,True,944.732045240361,585.1599274095283,1582.460210699749,797.1831904950233,650.8473762390147,1000.7749107801096,0.6026541764246682
90,88.0,1748.7235596918956,1038.2085534586506,2805.3052404598125,1622.6688674288175,1326.4746402386618,2095.511032108749,1.0490890627452911,1.0,2.68391440156085,1.1002460962343363,1.0,2.9484237788117515,9,Delta,1756,3077,03-Sep-21,0.8,1.1,1.0,0.0,26 August 2021 to 08 September 2021,Non-overlapping 14-day weighted estimates,95037.25938,82830.63891,108115.7813,0.95,2021-09-01,39301.1223,53092.571174107135,29582.37103928571,True,48942.54668814935,61681.36674438311,36772.727251363634,90202.86113903669,170928.4830735091,47254.120355062965,True,0.9545011374715632,0.9949919569285316,0.8378879637292899,1.1520959501277737,35816.689164308315,48385.38971384314,26959.601310350685,True,81986.85505910803,155376.86932904532,42942.71354136205,True,1049.1146466754249,622.8541919622106,1682.9914595993955,973.490444552444,795.7941469966144,1257.1634343638414,0.5999316706525453
91,89.0,1969.926442941921,1092.6113609461438,3503.786349568265,2005.1948569876463,1377.7385923227366,2830.8584187444653,1.0,1.0,1.292025066252092,1.0,1.0,1.8657343918140816,9,Delta,1617,2661,10-Sep-21,0.8,1.0,1.0,0.0,Interpolated,Interpolated,89369.899875,77599.23014,102448.421805,0.9,2021-09-08,39010.670580357146,50309.49285066963,30485.411840714285,True,46318.349754350646,58870.33379103896,34666.575675779226,89926.01600048399,164686.11352128035,48330.84376490834,True,0.9455092070650132,0.951541682297276,0.8458148287086898,1.0572685358858622,34887.019669608184,44991.49182872764,27262.929519048757,True,80075.62258688245,146764.3822556055,42987.80142338459,True,1269.5779427011105,704.1660305499859,2258.119779693856,1292.307725687136,887.9247922622021,1824.431272662336,0.6444798724591471
92,90.0,2272.4116254529667,1292.917821746266,4227.232151553606,2271.1105325936064,1677.1160697530202,3807.4237304842,1.000001496405439,1.0,2.4160051234992617,1.0,1.0,2.5182260475117992,9,Delta,1834,3002,17-Sep-21,0.9,1.1,1.0,0.0,09 September 2021 to 22 September 2021,Non-overlapping 14-day weighted estimates,83702.54037,72367.82137,96781.06231,1.0,2021-09-15,32883.14085964286,42245.70180198412,25845.650489285712,True,45002.00501483766,57460.57104340909,33494.60422948052,77747.02588153064,143499.33124743256,41355.689423105214,True,0.9403730846102598,1.063407722281261,0.9570669500531348,1.1697484945093872,29078.6120449832,37357.9390883431,22855.348484990554,True,68476.87451152394,126457.71307377116,36396.96482597179,True,1479.9726282246947,842.0494620321917,2753.105030521773,1479.1252545371713,1092.269485769545,2479.692869924724,0.6512784090909091
93,91.0,2169.232129567362,1258.7893218883837,4074.316437446878,2175.05537491523,1665.6759025363797,3044.8310563461378,1.0,1.0,1.5835578831357684,1.0,1.0,1.5395396537436952,9,Delta,1374,2255,24-Sep-21,0.8,1.0,1.0,0.0,Interpolated,Interpolated,86318.24476,74547.575025,99396.766705,0.9,2021-09-22,37678.5989031746,48810.91222120535,29286.54733125,True,48203.695127142855,60568.84314487011,36365.085015,91511.52373372206,168563.832982455,48621.08418556687,True,0.9325942350332594,0.9650499286733236,0.8578221588207323,1.0722776985259153,32770.28345319249,42452.41266025493,25471.447594871654,True,79089.40187462654,145792.18972328483,41975.37623372697,True,1424.725117603038,826.7574226934223,2675.9611783231408,1428.549753887919,1093.9955497538172,1999.807777925236,0.6567877629063098
94,92.0,2184.8205256773936,1297.657119732694,4081.087167300406,2110.6524874774464,1667.1539456605135,2784.514618829608,1.1271917204620707,1.0,2.427298231556433,1.1613928296849163,1.0,2.6729080353900483,9,Delta,1755,2808,01-Oct-21,0.8,1.0,1.0,0.0,23 September 2021 to 06 October 2021,Non-overlapping 14-day weighted estimates,88933.94915,76727.32868,102012.4711,0.9,2021-09-29,38820.37462896825,50095.40991517856,30142.87912428572,True,50564.623108733766,63023.1891491883,38581.63970337663,95513.35316844462,174321.18865823618,51204.43276231942,True,0.9191595441595442,0.979155366137156,0.87036032545525,1.0879504068190624,32797.55917587474,42323.32085499088,25466.340066493965,True,79770.17305121293,145785.68212826012,42678.98591030526,True,1490.2293130834923,885.1100836109124,2783.6408778127525,1439.6405423719077,1137.1376504602415,1899.270562007758,0.6820831713952584
95,93.0,2166.2791539485484,1322.859015546858,3896.091782804006,2060.649920129565,1729.3492224410877,2599.098714922478,1.0,1.0,2.251750310325084,1.0,1.0,2.376103365018236,9,Delta,1257,1979,08-Oct-21,0.9,1.1,1.0,0.0,Interpolated,Interpolated,95909.160825,84138.491105,108987.6828,1.0,2021-10-06,37678.59889553572,47573.98852380952,30049.461108928564,True,55303.464154870126,67855.44822896102,43651.69008448051,93659.24832369752,162245.9318453029,53513.02743870461,True,0.8954017180394138,1.1168171557562077,1.0051354401805868,1.2284988713318286,30208.59951021854,38142.17111427073,24091.982259060704,True,74589.59390970092,129439.0791269264,42515.30101497531,True,1543.6581045993908,942.6495365886624,2776.296695569521,1468.3882934256594,1232.3083744945843,1852.078846177752,0.7125850340136054
96,94.0,2209.070803067028,1312.451912241526,4037.9141544295135,2234.1232354236777,1731.3156485874651,2724.793509379368,1.6263503933698171,1.0,2.6036942360917683,1.6617535092262468,1.0,2.762892164473055,9,Delta,1125,1721,15-Oct-21,0.9,1.1,1.0,0.0,07 October 2021 to 20 October 2021,Non-overlapping 14-day weighted estimates,102884.3725,91549.65353,115962.8945,1.0,2021-10-13,40418.860625,50618.72378968253,32696.30483214285,True,62658.00960243506,75490.24772230518,50683.51875272727,104641.42403913352,174767.40450470938,62305.26024489908,True,0.89540964555491,1.116807268007787,1.0051265412070085,1.228487994808566,32406.162372603943,40583.988683932446,26214.53813864345,True,82714.9980437382,138213.63539893384,49225.06749005365,True,1624.3167669610498,965.038170765828,2969.05452531582,1642.7376731056454,1273.0262121966657,2003.5246392495355,0.7352941176470589
97,95.0,2150.396151981977,1293.38743759741,3992.443184527816,2096.0685355904006,1759.9228753815712,2660.2369762468047,1.0,1.0,2.173269088307271,1.0,1.0,2.273701774541499,9,Delta,2122,3038,,,,,,,,,,,,2021-10-20,,,,,,,,,,,,,,,,,,,,,,,,1701.3947183093792,1023.3289122228576,3158.8234293691366,1658.410675810153,1392.4520289186032,2104.781082623311,0.7912005965697241
98,96.0,2347.7117832350405,1365.3079723879118,4131.765106450347,2343.553012838685,1889.858969906869,2773.95576690648,1.0,1.0,2.421395554867978,1.0,1.0,2.4213850660102354,9,Delta,1410,2024,29-Oct-21,1.0,1.2,1.0,0.0,21 October 2021 to 03 November 2021,Non-overlapping 14-day weighted estimates,126425.712,112475.2886,141248.0369,1.1,2021-10-27,45152.03999999999,55490.30021071429,36822.26710119048,True,72229.10975844155,85825.67706077921,58827.87103782468,111482.0078458356,180098.98451957115,68014.53513917881,True,0.8567193675889329,1.2839677047289504,1.1672433679354093,1.4006920415224913,33140.15587218204,40728.10881584193,27026.3684941051,True,81132.92682592505,131358.7364985565,49347.59624458907,True,1915.667600903592,1114.053380247081,3371.4055556105263,1912.2741597815657,1542.0724233615078,2263.470851468829,0.8159722222222222
99,97.0,2604.139570476685,1536.6206034251295,4772.886346374443,2470.234738885149,1993.875004104954,3066.691133555027,1.0331538938205993,1.0,2.924747957949365,1.0152797884630431,1.0,2.882688613295719,9,Delta,2341,3296,05-Nov-21,1.0,1.2,1.0,0.0,Interpolated,Interpolated,118142.6481,104192.224725,132529.02225,1.1,2021-11-03,42193.80289285714,52064.97302678572,34110.54976116072,True,60891.55988961037,74717.42594805194,47116.649137987006,96896.32510829526,161947.23415055335,56555.02670888934,True,0.8619538834951457,1.2761703625483989,1.1601548750439985,1.3921858500527982,31348.497554300782,38682.426510345,25342.9274549847,True,71585.10443265956,119616.11665392383,41796.204639863376,True,2154.166337274177,1271.1055945647452,3948.172062495608,2043.3991249929804,1649.350312582932,2536.792912951349,0.827208480565371
100,98.0,2719.714301134614,1591.6124800624698,5172.852339307431,2554.814377179162,2090.4858868246306,3199.6330727529808,1.2415615477377937,1.0,3.394583980500957,1.0933080097380796,1.0,3.3726289503431848,9,Delta,2441,3445,12-Nov-21,0.8,1.0,1.0,0.0,04 November 2021 to 17 November 2021,Non-overlapping 14-day weighted estimates,109859.5842,95909.16085,123810.0076,0.9,2021-11-10,47954.5804047619,60799.55730357142,37678.59890535715,True,61604.93381006493,75566.68060568182,47736.60505957792,116816.1044498538,203532.2957101446,65473.349939571286,True,0.8374455732946299,1.0746967071057192,0.9552859618717504,1.194107452339688,33631.270787635214,42639.64689474603,26424.569915722397,True,80575.87787294548,140722.2534371853,45008.92821654993,True,2305.947415446194,1349.4706717028444,4385.874456495116,2166.134732439852,1772.4473948381114,2712.8531888120965,0.8478638416116707
101,99.0,3124.338395796668,1810.5855196799769,5504.882333706725,3204.006774561032,2531.739005724134,4774.657038841194,1.00002916127184,1.0,2.0238459484750537,1.0,1.0,2.0143055991338263,9,Delta,2226,3160,19-Nov-21,0.9,1.1,1.0,0.0,Interpolated,Interpolated,125989.76125,111167.436425,141683.9876,1.0,2021-11-17,49495.977633928575,61846.185063492056,39702.65586607142,True,75634.62097597402,90921.2050724026,61197.29159025973,126760.95437989476,212448.3512478845,74888.99357503901,True,0.8164556962025317,1.2248062015503876,1.1023255813953488,1.3472868217054264,32994.01393231074,41226.6610175281,26465.78658337185,True,82895.85361773623,139185.59483505168,48853.36139513207,True,2698.7882301293685,1563.9749192113418,4755.090444249581,2767.605386174954,2186.903774443897,4124.325404912882,0.8637951105937136
102,100.0,3436.3281760032773,1658.1213385584165,6289.776782486256,4145.470358612885,2194.5340441560093,27245.62105063029,1.4043282895226925,1.0,4.597795863935449,1.2213796767221468,1.0,4.454160136835296,9,Delta,3713,5447,26-Nov-21,0.9,1.2,1.0,0.0,18 November 2021 to 01 December 2021,Non-overlapping 14-day weighted estimates,142119.9383,126425.712,159557.9676,1.05,2021-11-24,53174.126574829934,69648.31919047619,41389.37,True,,,,,,,False,0.7811639434551129,1.344148061104583,1.1521269095182138,1.5361692126909516,32447.761662047105,42500.595812785694,25256.501603507124,True,,,,False,3031.381923853687,1462.7238132733191,5548.572390917431,3656.956864226572,1935.9241876814592,24034.923012827338,0.8821572820147303
103,101.0,5383.452356536107,1952.104118323876,13029.46729767166,8429.451751059174,1619.306132828868,42385.99003456247,1.0,1.0,1.895706573104096,1.0,1.0,1.9204554264318767,9,Delta,4366,6601,,,,,,,,,,,,2021-12-01,,,,,,,,,,,,,,,,,,,,,,,,4848.216375543861,1758.0211593651072,11734.04583779589,7591.375071189016,1458.3107623619712,38171.871388386906,0.9005775577557755
104,102.0,,,,,,,1.000583666960125,1.0,2.898007181985326,1.0,1.0,2.773456736533948,9,Delta,3241,7006,,,,,,,,,,,,2021-12-08,,,,,,,,,,,,,,,,,,,,,,,,,,,,,,0.9065734265734264
105,103.0,,,,,,,1.0,1.0,2.2196011027028817,1.0,1.0,1.8269798547430969,9,Delta,1487,11952,,,,,,,,,,,,2021-12-15,,,,,,,,,,,,,,,,,,,,,,,,,,,,,,0.8904191616766467
106,104.0,,,,,,,1.0000018740522505,1.0,2.575943045060596,1.0,1.0,2.57594300255286,9,Delta,270,5407,,,,,,,,,,,,2021-12-22,,,,,,,,,,,,,,,,,,,,,,,,,,,,,,0.8766233766233766
107,105.0,,,,,,,1.0,1.0,1.7180430604846364,1.0,1.0,1.7180267506822926,9,Delta,113,6440,,,,,,,,,,,,2021-12-29,,,,,,,,,,,,,,,,,,,,,,,,,,,,,,0.9262295081967212
