,Rt_date,Epiweek,Rt_lower,Rt_upper,Rt_estimate_certainty_criteria_met,Rt_estimate_based_on_fewer_days_or_lower_quality_data,I_date,I_method,I,I_lower,I_upper,Rt,date,Netau SIR,Netau SIR upper,Netau SIR lower,Netau SIR error criteria met,E,E_upper,E_lower,Netau SEIR,Netau SEIR upper,Netau SEIR lower,Netau SEIR error criteria met,frac_variant,Rt_variant,Rt_variant_lower,Rt_variant_upper,Netau SIR variant,Netau SIR variant upper,Netau SIR variant lower,Netau SIR variant error criteria met,Netau SEIR variant,Netau SEIR variant upper,Netau SEIR variant lower,Netau SEIR variant error criteria met
0,29-May-20,22,,,1,0,21 May 2020 to 03 June 2020,Non-overlapping 14-day weighted estimates,8646.092169,1152.812289,31125.93181,,2020-05-27,,,,False,,,,,,,False,0.0,,,,,,,False,,,,False
1,05-Jun-20,23,,,1,0,Interpolated,Interpolated,6340.4675905,576.4061445,26226.47958,,2020-06-03,,,,False,2470.312048188311,18628.398582681817,-6355.43917916883,,,,False,0.0,,,,,,,False,,,,False
2,12-Jun-20,24,0.8,1.0,1,0,04 June 2020 to 17 June 2020,Non-overlapping 14-day weighted estimates,4034.843012,0.0,21327.02735,0.9,2020-06-10,1761.2409973015872,10473.093787946427,0.0,False,1274.456442983766,14782.57187069805,-5619.95991,3049.5793961893974,inf,581.7960428274515,False,0.0,1.53,1.36,1.7,0.0,0.0,0.0,False,,,,False
3,19-Jun-20,25,0.8,1.0,1,0,Interpolated,Interpolated,2017.421506,0.0,15274.762832,0.9,2020-06-17,880.6204986507936,7500.999604999999,0.0,False,235.8025136883116,10307.93845616883,-4570.077289285714,1098.510576492034,inf,537.1644561156139,False,0.0,1.53,1.36,1.7,0.0,0.0,0.0,False,,,,False
4,26-Jun-20,26,0.7,0.9,1,0,18 June 2020 to 01 July 2020,Non-overlapping 14-day weighted estimates,0.0,0.0,9222.498314,0.8,2020-06-24,0.0,5175.891910918368,0.0,False,-308.78900603571424,6636.156457246754,-3273.163464,inf,inf,507.0828814417856,False,0.0,1.36,1.19,1.53,0.0,0.0,0.0,False,,,,False
5,03-Jul-20,27,0.8,1.0,1,0,Interpolated,Interpolated,576.4061445,0.0,7493.27988,0.9,2020-07-01,251.60585672619047,3679.735655357143,0.0,False,561.4345563311689,5322.399595051948,-1976.2496387142855,980.4523045710752,inf,204.76055911666984,False,0.0,1.53,1.36,1.7,0.0,0.0,0.0,False,,,,False
6,10-Jul-20,28,0.7,0.9,1,0,02 July 2020 to 15 July 2020,Non-overlapping 14-day weighted estimates,1152.812289,0.0,5764.061446,0.8,2020-07-08,566.1131776339284,3234.9324441836734,0.0,False,999.3535103766231,5182.040956285713,-1543.9450302214286,1973.047408646628,inf,180.52078372562863,False,0.0,1.36,1.19,1.53,0.0,0.0,0.0,False,,,,False
7,17-Jul-20,29,0.7,1.0,1,0,Interpolated,Interpolated,2305.6245785,288.2030723,9510.701388,0.85,2020-07-15,1065.6248051890757,5337.638534081632,113.22263554642856,False,1751.6758162402596,8028.514158974024,-954.4387459285716,3299.905183084172,599043.4699165152,18.334871657343943,False,0.0,1.4449999999999998,1.19,1.7,0.0,0.0,0.0,False,,,,False
8,24-Jul-20,30,0.7,1.0,1,0,16 July 2020 to 29 July 2020,Non-overlapping 14-day weighted estimates,3458.436868,576.4061446,13257.34133,0.85,2020-07-22,1598.4372078991596,7440.344623979592,226.44527109285715,False,2009.935712211039,9392.800131812335,-1600.0884862714283,3996.244667685148,499516.5127488702,31.05336296378797,False,0.0,1.4449999999999998,1.19,1.7,0.0,0.0,0.0,False,,,,False
9,31-Jul-20,31,0.7,0.9,1,0,Interpolated,Interpolated,2882.030723,576.4061446,10375.310605,0.8,2020-07-29,1415.282944330357,5822.878400765306,251.60585676984124,False,1077.9543482142856,6523.869546942856,-2526.4555048285715,2671.97972270962,278060.4898016272,159.9860980304479,False,0.0,1.36,1.19,1.53,0.0,0.0,0.0,False,,,,False
10,21-Aug-20,34,0.8,1.0,1,0,13 August 2020 to 26 August 2020,Non-overlapping 14-day weighted estimates,1152.812289,0.0,4611.249157,0.9,2020-08-19,503.2117134523809,2264.452711026785,0.0,False,1246.3847151623374,6035.4214815662335,-1852.7340366428568,2179.542630012382,inf,292.44366974189404,False,0.0,1.53,1.36,1.7,0.0,0.0,0.0,False,,,,False
11,11-Sep-20,37,0.9,1.1,1,0,Interpolated,Interpolated,5764.061446,1729.218434,17003.981265000002,1.0,2020-09-09,2264.4527109285714,7422.372774404763,617.578012142857,False,4502.705142642857,12609.820136103895,696.1788501233765,7184.11753900063,221376.03613261,123.55408952585688,False,0.0,1.7,1.53,1.87,0.0,0.0,0.0,False,,,,False
12,18-Sep-20,38,1.2,1.5,1,0,10 September 2020 to 23 September 2020,Non-overlapping 14-day weighted estimates,7493.27988,3458.436868,15562.9659,1.35,2020-09-16,2180.584092063492,5095.018598214286,905.7810844761904,True,6495.797817837663,13676.54579183766,651.2640856753238,7599.886315318823,80930.79126127667,284.2310184575492,False,0.0,2.295,2.04,2.55,0.0,0.0,0.0,False,,,,False
13,25-Sep-20,39,1.2,1.5,1,0,Interpolated,Interpolated,17003.981265000002,11239.919819,25938.276505,1.35,2020-09-23,4948.248516269841,8491.697665327383,2943.7885240238093,True,13350.913751103895,21188.54015848052,6871.958970818181,15769.130159936663,64688.39924640026,3312.297107631962,False,0.0,2.295,2.04,2.55,0.0,0.0,0.0,False,,,,False
14,02-Oct-20,40,1.2,1.5,1,0,24 September 2020 to 07 October 2020,Non-overlapping 14-day weighted estimates,26514.68265,19021.40277,36313.58711,1.35,2020-09-30,7715.91294047619,11888.376732440478,4981.795963571429,True,20823.60769665584,29812.1749471948,12845.622650746753,24594.59015901915,75257.92609728305,7324.151128726175,True,0.0,2.295,2.04,2.55,0.0,0.0,0.0,False,,,,False
15,09-Oct-20,41,1.2,1.5,1,0,Interpolated,Interpolated,46688.897710000005,37466.3994,57928.817535,1.35,2020-10-07,13586.716264814817,18964.791454910715,9812.628414285717,True,34112.76364675325,44566.67509227272,24635.748337402594,40693.76243131332,91795.4137292538,17436.606681717265,True,0.0,2.295,2.04,2.55,0.0,0.0,0.0,False,,,,False
16,16-Oct-20,42,1.2,1.5,1,0,08 October 2020 to 21 October 2020,Non-overlapping 14-day weighted estimates,66863.11277,55911.39603,79544.04796,1.35,2020-10-14,19457.51958915344,26041.206177380955,14643.460865,True,42584.81110363636,54504.06674113636,31608.7655287013,52134.99664384391,105214.23267488302,25220.397536769644,True,0.0,2.295,2.04,2.55,0.0,0.0,0.0,False,,,,False
17,23-Oct-20,43,1.1,1.3,1,0,Interpolated,Interpolated,75221.00187000001,63116.472835,89342.952415,1.2000000000000002,2020-10-21,24625.92323125,31908.19729107143,19073.659373214286,True,44611.589855064936,57996.18967909091,32450.917360909087,62497.72357617573,122838.78755038344,30892.31495713025,True,0.0,2.04,1.87,2.21,0.0,0.0,0.0,False,,,,False
18,30-Oct-20,44,1.2,1.4,1,0,22 October 2020 to 04 November 2020,Non-overlapping 14-day weighted estimates,83578.89097,70321.54964,99141.85687,1.2999999999999998,2020-10-28,25257.35716126374,32457.15552291667,19733.087909183672,True,49417.46965470778,63835.10906025974,36195.68585133116,63954.956990456994,123656.63731117063,32113.625777452267,True,0.0,2.2144827586206888,2.0441379310344825,2.384827586206896,0.0,0.0,0.0,False,inf,inf,inf,False
19,06-Nov-20,45,1.1,1.3,1,0,Interpolated,Interpolated,93089.592335,79255.84487999999,108652.558235,1.2000000000000002,2020-11-04,30475.759395386896,38804.48508392857,23950.94213406593,True,54852.15614435064,69516.82675597403,40883.66439720778,76972.17768780871,143046.36637806834,40144.2226432577,True,0.0053763440860215,2.0322642843370398,1.862908927308953,2.2016196413651263,96.748146422808,123.18846451222053,76.03450422638416,True,266.64810955541475,464.59807918152785,153.0638711153964,True
20,13-Nov-20,46,1.1,1.3,1,0,05 November 2020 to 18 November 2020,Non-overlapping 14-day weighted estimates,102600.2937,88190.14012,118163.2596,1.2000000000000002,2020-11-11,33589.381866071424,42201.16414285714,26650.86651978022,True,55222.70294863636,69825.61575525974,41186.83906237013,79477.71531583086,143115.3560819539,42807.79438688976,True,0.0026109660574412,2.0326020251050356,1.8632185230129492,2.2019855271971216,51.77643327687513,65.05108573183327,41.08104214701632,True,137.12301749685943,262.95140571928823,67.15079441989313,True
21,20-Nov-20,47,1.0,1.2,1,0,Interpolated,Interpolated,89631.15546499999,76373.81416,104329.51215,1.1,2020-11-18,32011.126951785707,40986.59405892857,25003.332016666667,True,43331.51906201299,57401.06903727272,30171.493072987007,70443.74854790258,134547.1392291473,35621.71980898792,True,0.0067264573991031,1.860519104674007,1.691381004249097,2.029657205098917,127.30513184051127,162.9996897086545,99.43581441628261,True,355.79272809696914,643.3485817143056,194.75291888377518,True
22,27-Nov-20,48,0.9,1.1,1,0,19 November 2020 to 02 December 2020,Non-overlapping 14-day weighted estimates,76662.01723,64557.4882,90495.7647,1.0,2020-11-25,30117.221054642858,39502.11951190476,23056.245785714284,True,37677.87308503247,50967.02903142857,25455.442796103896,66996.1665530695,135310.02714394356,31975.95479179591,True,0.008130081300813,1.7166658617858697,1.5449992756072828,1.888332447964457,142.6343129315085,187.08092840625088,109.19373239844033,True,1133.0064968623533,2192.3359741578265,579.941300235099,True
23,04-Dec-20,49,0.8,0.9,1,0,Interpolated,Interpolated,70321.54964,58793.42675,83867.09404,0.8500000000000001,2020-12-02,32501.55655630252,41184.73368035714,25663.797390873013,True,35639.86564168831,48463.03091103896,24040.627706493506,73794.29640619925,146262.6165344099,35712.34657222293,True,0.0612244897959183,1.4029023262640345,1.320378660013209,1.4854259925148603,1205.6488205969026,1527.7522324908905,952.0013911562614,True,4864.0072979187225,8925.247606426185,2646.923406597759,True
24,11-Dec-20,50,0.8,1.0,1,0,03 December 2020 to 16 December 2020,Non-overlapping 14-day weighted estimates,63981.08205,53029.3653,77238.42338,0.9,2020-12-09,27928.250101190475,37929.58290982142,20832.964939285717,True,37307.32627441559,50282.07887493506,25590.1870800974,69993.87810957701,150587.2723578596,31438.54130291455,True,0.1551724137931034,1.3776535666417031,1.2245809481259584,1.5307261851574478,2831.1359818891806,3844.9887323755734,2111.874408004295,True,11664.562767049789,23508.73629197111,5770.948620283011,True
25,18-Dec-20,51,1.0,1.2,1,0,Interpolated,Interpolated,81561.46946,68304.12813499999,96836.23229,1.1,2020-12-16,29129.09623571428,38042.8055425,22361.470520386905,True,55048.65825448052,69617.88500298701,41518.08544704545,81718.93944235168,159359.06967191803,40775.18221426245,True,0.3279220779220779,1.5321083511927767,1.392825773811615,1.6713909285739381,6858.053566504118,8956.66642450389,5264.707199071657,True,33104.76076503972,61709.05522900426,17639.29683925958,True
26,15-Jan-21,55,1.2,1.4,1,0,Interpolated,Interpolated,113263.8074,97124.435365,131420.601,1.2999999999999998,2021-01-13,34228.073664835174,43024.60151785715,27254.30584221939,True,68511.85890467532,85208.92265288961,52976.964744545454,88160.01096041272,158183.13927425825,48107.48528813932,True,0.8057228915662651,1.4289652028152924,1.3190448025987316,1.5388856030318534,25089.375977198346,31537.28177404443,19977.563825787347,True,73916.23047420943,128382.52781512044,42276.39673106083,True
27,22-Jan-21,56,0.9,1.2,1,0,14 January 2021 to 27 January 2021,Non-overlapping 14-day weighted estimates,112975.6043,96836.23229,131420.601,1.05,2021-01-20,42269.78392176871,57366.135357142855,31702.337952083337,True,58102.8622201948,75142.4010528896,42320.93685477272,96928.47484586516,192335.44839375373,48239.31471138295,True,0.8812375249500998,1.1060709352389355,0.9480608016333734,1.264081068844498,35361.39003880039,47990.457938864834,26521.042538099045,True,84244.10592493453,165939.35510342766,42381.535629454076,True
28,29-Jan-21,57,0.8,1.1,1,0,Interpolated,Interpolated,96836.23227,82426.078675,113263.80743,0.95,2021-01-27,40045.0584575188,55620.61972008928,29437.885241071424,True,45902.88932922078,61409.71179175324,31372.963004415586,87008.00377143502,181775.0061660856,40834.57328829719,True,0.9330042313117066,1.0036141816428836,0.8451487845413757,1.1620795787443916,35366.2783806896,49122.02395244133,25998.42488628079,True,78653.520803735,163379.02161401618,37239.249575860726,True
29,05-Feb-21,58,0.7,0.9,1,0,28 January 2021 to 10 February 2021,Non-overlapping 14-day weighted estimates,80696.86024,68015.92506,95107.01386,0.8,2021-02-03,39627.92243928571,53376.385329591845,29689.491097619044,True,37099.59549146104,50826.670394902605,24192.21503084415,84440.82668827818,175726.4349516132,39022.77253788937,True,0.9507735583684952,0.8414201183431953,0.7362426035502958,0.9465976331360946,35822.467285463965,48250.67022413622,26838.41993473182,True,77124.66526283816,160153.78392158053,35763.84287644063,True
30,12-Feb-21,59,0.7,0.9,1,0,Interpolated,Interpolated,64557.488195,53029.3653,77526.62645000001,0.8,2021-02-10,31702.33795290178,43509.84137500001,23147.73882142857,True,28296.30164551948,40558.032358051954,16697.06370545454,65583.91087382351,147573.08043847332,27373.86401744809,True,0.9660468876313664,0.8281171548117154,0.7246025104602509,0.9316317991631798,29586.09876111239,40605.4110555987,21602.548300527946,True,61665.305385257176,138475.4275679846,25826.259533796634,True
31,19-Feb-21,60,0.6,0.9,1,0,11 February 2021 to 24 February 2021,Non-overlapping 14-day weighted estimates,48418.11615,38042.80554,59946.23904,0.75,2021-02-17,25361.870364285714,39250.51365714286,16605.986545238095,True,20789.921627435066,31833.339350844148,10437.068401850644,51817.75277568947,144978.29326472964,17114.06460242509,True,0.972972972972973,0.7708333333333333,0.6166666666666667,0.925,24009.48428934572,37157.535207930705,15720.495662986541,True,49173.20649304821,137432.59905591793,16272.9689432262,True
32,26-Feb-21,61,0.7,0.9,1,0,Interpolated,Interpolated,38331.00862,29396.713375,48994.52229,0.8,2021-02-24,18823.26316160714,27496.925775000003,12831.898695436506,True,16584.776799350646,26724.284885454545,7635.509968246751,38635.70295393975,109457.45934854924,12218.114505055832,True,0.9712092130518234,0.823715415019763,0.7207509881422925,0.9266798418972333,17754.992822916385,25936.401972170377,12103.654254091243,True,36402.28069024032,103161.52078736457,11504.767344867818,True
33,05-Mar-21,62,0.7,0.9,1,0,25 February 2021 to 10 March 2021,Non-overlapping 14-day weighted estimates,28243.90109,20750.62121,38042.80554,0.8,2021-03-03,13869.772856696429,21350.55412959184,9057.81084563492,True,12626.663176266233,21862.261625064933,4648.678130357143,29042.985117329143,97058.2887592844,7402.238601622643,False,0.9693053311793216,0.8253333333333334,0.7221666666666666,0.9285,13031.38427034775,20059.97344889763,8510.29176880886,True,27309.12325173035,91288.19341322972,6955.996177060442,False
34,12-Mar-21,63,0.6,0.8,1,0,Interpolated,Interpolated,25361.870365,17868.590485,34584.368675,0.7,2021-03-10,14233.702755867347,22644.527108630955,8774.754256026785,True,12598.59144681818,21087.481938311685,4805.879805194805,31887.341280815257,113570.20872822938,7300.273227552835,False,0.9750812567713976,0.7178888888888889,0.6153333333333334,0.8204444444444445,13533.169116502138,21530.041773423683,8342.891188563477,True,30481.98357928131,108441.58869936714,6997.881917619085,False
35,19-Mar-21,64,0.6,0.9,1,0,11 March 2021 to 24 March 2021,Non-overlapping 14-day weighted estimates,22479.83964,14986.55976,31125.93181,0.75,2021-03-17,11775.154097142857,20380.074399404763,6541.752276190476,True,10717.785682012984,18706.999421201297,3295.6208467110387,25679.9527114258,108496.14835641338,4687.332618058979,False,0.988582302568982,0.758662175168431,0.6069297401347449,0.9103946102021174,11507.798857779197,19917.34417741776,6393.221587655108,True,25186.589419559743,106164.44384118116,4626.866727493049,False
36,26-Mar-21,65,0.7,1.0,1,0,Interpolated,Interpolated,18156.793555,11816.3259645,25938.27651,0.85,2021-03-24,8391.79534054622,14557.196000510205,4642.128057482143,True,8050.971539025974,15383.30684863636,1628.1602134090908,17483.828882690304,81097.61081068625,2737.6754164026456,False,0.9847844463229078,0.8631330472103004,0.7108154506437768,1.015450643776824,8138.3665259768695,14117.574587433315,4501.937673548132,True,16951.795758372577,78689.65408312228,2648.6604408897956,False
37,02-Apr-21,66,0.7,1.0,1,0,25 March 2021 to 07 April 2021,Non-overlapping 14-day weighted estimates,13833.74747,8646.092169,20750.62121,0.85,2021-03-31,6393.748830672269,11645.756801530611,3396.679066392857,True,6372.282214967532,12985.981293321429,763.5509961428568,13640.737701656935,73878.73341388401,1676.292723259971,False,0.9899216125419932,0.8586538461538461,0.7071266968325792,1.010180995475113,6265.520912587298,11412.198807819566,3328.557984908246,True,13356.093934302526,72264.07468318772,1646.8546766300103,False
38,09-Apr-21,67,0.7,1.0,1,0,Interpolated,Interpolated,12680.93518,7493.27988,19597.808920000003,0.85,2021-04-07,5860.936427731092,10998.7703122449,2943.788524285714,True,4323.046083974025,9825.104739506494,-235.8025145337664,10538.181665625752,64838.956132339066,1055.840981979679,False,0.9795158286778398,0.8658680830645972,0.7130678331120213,1.0186683330171733,5635.671411158294,10576.032716091275,2830.644050038831,True,10047.253850275378,61804.36282187567,998.3164029871159,False
39,30-Apr-21,70,0.7,1.0,1,0,22 April 2021 to 05 May 2021,Non-overlapping 14-day weighted estimates,1729.218434,576.4061446,4611.249157,0.85,2021-04-28,799.2186039495798,2587.945955459184,226.44527109285715,True,-1156.5551858766237,2268.1956081233766,-3761.611528842857,87.65253805459841,46080.24591451767,864.3526092249971,False,0.8718535469107551,0.8934139784946237,0.7357526881720431,1.0510752688172045,662.9416515475888,2146.6682048560633,187.8334679167588,True,4.718478632671174,33918.081842398424,979.009396775186,False
40,14-May-21,72,0.8,1.0,1,0,06 May 2021 to 19 May 2021,Non-overlapping 14-day weighted estimates,2882.030723,576.4061446,6340.467591,0.9,2021-05-12,1258.0292838492062,3113.6224777232137,226.44527109285715,True,2127.8369688214284,5311.17090443961,-364.9324617642858,3801.421715105224,115661.83239634991,2.770932995042024,False,0.743073047858942,0.889665172686528,0.7908134868324693,0.9885168585405866,945.6668808114721,2340.5255301560496,170.22003854606498,True,2443.5070919354584,76965.32491680901,0.19128151122204343,False
41,21-May-21,73,0.8,1.0,1,0,Interpolated,Interpolated,4323.0460845,1441.0153612999998,9222.4983155,0.9,2021-05-19,1887.0439257738092,4528.905422790178,566.1131776535714,True,2975.603149071429,7500.765675650647,-78.60083818051959,5378.823131316813,95305.5402285796,79.06869995829298,False,0.492063492063492,0.8435838529701348,0.749852313751231,0.9373153921890386,990.6435246143827,2377.5444595643353,297.19305734306704,True,2074.518671232826,40964.49736379881,3.19946722380296,False
42,28-May-21,74,0.9,1.0,1,0,20 May 2021 to 02 June 2021,Non-overlapping 14-day weighted estimates,5764.061446,2305.624578,12104.52904,0.95,2021-05-26,2383.634432556391,5283.722993650793,905.7810842142856,True,4440.94734075,10246.180657318831,393.0041887889612,7471.524289859823,94577.14215980074,236.35949216560468,False,0.2021563342318059,0.8659642580990166,0.8203871918832788,0.9115413243147542,528.628583456215,1171.793360323751,200.87886167851147,True,809.0813934595833,14847.277778724036,7.316774852179741,False
43,11-Jun-21,76,1.1,1.3,1,0,03 June 2021 to 16 June 2021,Non-overlapping 14-day weighted estimates,10375.3106,5187.655301,18444.99663,1.2000000000000002,2021-06-09,3396.67906547619,6587.498796428571,1567.698030521978,True,7944.298971701299,14878.015747441556,2520.841157503246,10589.726125585385,76446.8097461151,973.5361344240798,False,0.0434389140271493,1.0914161490081777,1.0004648032574963,1.1823674947588592,162.22745104564055,314.6229354939106,74.87420818934417,True,187.36348340043548,2488.3865081428503,9.548333066617904,False
44,18-Jun-21,77,1.0,1.3,1,0,Interpolated,Interpolated,16427.57512,10663.513675499998,24785.46422,1.15,2021-06-16,5611.9045440993805,9737.146657857144,3222.4903964423074,True,11554.323171428568,19077.546229071428,5322.39959481818,16282.372984749549,70881.22165999081,3115.796957606721,False,0.0106589147286821,1.0145119927590889,0.8821843415296426,1.1468396439885353,67.80534315236308,117.64821822478899,38.93545683447316,True,102.31055963100239,680.7851977847266,1.4501016040739396,False
45,25-Jun-21,78,1.2,1.4,1,0,17 June 2021 to 30 June 2021,Non-overlapping 14-day weighted estimates,22479.83964,16139.37205,31125.93181,1.2999999999999998,2021-06-23,6793.358132967033,10190.03719970238,4528.905422193878,True,16893.565803798698,25191.56854752273,9791.418664383116,20840.304037876627,64335.91996926272,6061.997829276929,True,0.0085227272727272,1.1284888106613022,1.0416819790719716,1.2152956422506334,66.6974448591178,100.04616729114917,44.46496324153114,True,203.78193062632002,642.0305766009757,56.29731324285657,True
46,02-Jul-21,79,1.1,1.3,1,0,Interpolated,Interpolated,38042.805545,29396.713375,48994.52229000001,1.2000000000000002,2021-06-30,12454.489910565471,17498.043675,8883.622173763735,True,27420.46373707792,37593.65789688312,18504.882979675323,36878.755016531584,91087.84242590446,14152.844910935308,True,0.0093617021276595,1.0404097400060766,0.9537089283389036,1.1271105516732496,134.4799690483178,188.9387994785627,95.92277512314871,True,332.22580852130784,824.704648752498,126.86638466271232,True
47,09-Jul-21,80,1.2,1.5,1,0,01 July 2021 to 14 July 2021,Non-overlapping 14-day weighted estimates,53605.77145,42654.0547,66863.11277,1.35,2021-07-07,15599.56312037037,21889.709537797626,11171.30004047619,True,37391.54145964285,49872.23165006493,26168.464675324674,44951.736267736174,104591.8450497994,18553.162020262087,True,0.0043898156277436,1.1739262233239922,1.0434899762879932,1.3043624703599912,78.75020271728032,110.50431670569884,56.39530645920902,True,127.5479465169634,336.82658087053903,41.47874545416298,True
48,16-Jul-21,81,1.3,1.5,1,0,Interpolated,Interpolated,76085.61108999999,62540.06669000001,91936.780085,1.4,2021-07-14,21350.55413239796,27783.09288282967,16379.541275952382,True,51135.45940129869,66080.84731324675,37447.68491551949,59692.83099760264,120654.64184821011,28480.506641091102,True,0.0007434944237918,1.2209550690365398,1.1337439926767872,1.3081661453962927,18.201836974034382,23.68572375928883,13.963934526736683,True,13.052438542436068,45.87513420492224,1.4366322831899379,False
49,23-Jul-21,82,1.2,1.4,1,0,15 July 2021 to 28 July 2021,Non-overlapping 14-day weighted estimates,98565.45073,82426.07868,117010.4474,1.2999999999999998,2021-07-21,29786.26258324176,38306.99170833334,23129.766976530616,True,55677.4649625974,72346.45697142858,40204.32858321429,72941.89496428677,142413.46678108288,36064.3674579528,True,0.0005162622612287,1.1318410525286016,1.044776356180248,1.2189057488769557,17.662179872826187,22.71466505905653,13.715117954606363,True,30.182226842238666,61.453459520543646,13.941240421230761,True
50,30-Jul-21,83,1.1,1.4,1,0,Interpolated,Interpolated,85019.90633,69745.1435,102312.09069,1.25,2021-07-28,26720.541989428573,36540.03238928571,19571.34128826531,True,40569.26104753247,56918.23534324675,25197.18288545455,58305.34655360551,129831.34767683582,24722.89913406402,True,0.0,1.0921560488531838,0.9610973229908019,1.223214774715566,0.0,0.0,0.0,False,inf,inf,inf,False
51,06-Aug-21,84,0.8,1.1,1,0,29 July 2021 to 11 August 2021,Non-overlapping 14-day weighted estimates,71474.36193,57064.20832,87613.73398,0.95,2021-08-04,29557.06696353383,43024.60150803571,20380.0744,True,36392.18794675324,51865.32432292208,21800.503823766227,67318.48560507121,167416.7409835311,25353.342527239653,True,0.0,0.8446392862636517,0.7112751884325489,0.9780033840947547,0.0,0.0,0.0,False,,,,False
52,13-Aug-21,85,0.8,1.0,1,0,Interpolated,Interpolated,72915.37729,58793.42675,88766.54626999999,0.9,2021-08-11,31828.140880555555,43590.7146861607,23097.41765178572,True,40389.60198779221,55458.505484415575,26263.908549350646,76854.80207304528,173738.99307392925,32019.0820410233,True,0.0,0.8082136454371383,0.7184121292774562,0.8980151615968202,0.0,0.0,0.0,False,,,,False
53,20-Aug-21,86,0.9,1.2,1,0,12 August 2021 to 25 August 2021,Non-overlapping 14-day weighted estimates,74356.39265,60522.64518,89919.35856,1.05,2021-08-18,27820.41901870748,39250.51365714285,19813.96121964286,True,40681.54795704545,55593.24977912337,26713.05619207792,66590.03443849958,152712.8192105255,27706.950054641493,True,0.0,0.9495175830689709,0.8138722140591179,1.085162952078824,0.0,0.0,0.0,False,inf,inf,inf,False
54,27-Aug-21,87,0.9,1.1,1,0,Interpolated,Interpolated,73491.78343499999,59369.832890000005,89342.952415,1.0,2021-08-25,28871.772063749995,38998.907800198416,21203.51174642857,True,39715.88052175324,54784.784018376624,25590.18707844156,68508.98367467705,152728.9794639345,28854.32241685814,True,0.0003421142661648,0.9116410309096782,0.8204769278187104,1.002805134000646,10.834796567472424,14.635237194162071,7.9571055001854445,True,25.878150479334963,52.60253953054053,12.629120735993475,True
55,03-Sep-21,88,0.9,1.1,1,0,26 August 2021 to 08 September 2021,Non-overlapping 14-day weighted estimates,72627.17422,58217.0206,88766.54627,1.0,2021-09-01,28532.104157857146,38747.301943253966,20791.79307142857,True,38688.4552836039,53729.28705262987,24590.83356837662,67026.69418628316,152246.21334858253,27588.984010428307,True,0.0,0.9146174655764613,0.8231557190188152,1.0060792121341076,0.0,0.0,0.0,False,inf,inf,inf,False
56,10-Sep-21,89,0.9,1.1,1,0,Interpolated,Interpolated,69168.73735000001,55911.396025,84155.297115,1.0,2021-09-08,27173.432530357142,36734.45508988095,19968.355723214285,True,36246.21496090909,50472.96662688311,22962.6733574026,63114.51353856864,141502.56033909167,26401.524639614305,True,0.0,0.921166242448897,0.8290496182040074,1.0132828666937868,0.0,0.0,0.0,False,,,,False
57,17-Sep-21,90,0.9,1.1,1,0,09 September 2021 to 22 September 2021,Non-overlapping 14-day weighted estimates,65710.30048,53605.77145,79544.04796,1.0,2021-09-15,25814.760902857142,34721.608236507935,19144.918375,True,38312.29412785714,51971.99689256493,25595.801427857143,64692.89181288606,140843.91004497444,28164.49011227149,True,0.0,0.9302245547621096,0.8372020992858987,1.0232470102383207,0.0,0.0,0.0,False,,,,False
58,24-Sep-21,91,0.8,1.0,1,0,Interpolated,Interpolated,80696.86024000001,67151.315845,95971.62308,0.9,2021-09-22,35224.81994603175,47128.92204821428,26380.874081964288,True,50439.280547532464,64946.749490064925,36875.02166376624,93020.85011032448,189365.73728533412,44297.41984072097,True,0.0,0.8499489382152404,0.7555101673024359,0.9443877091280449,0.0,0.0,0.0,False,,,,False
59,01-Oct-21,92,0.8,1.1,1,0,23 September 2021 to 06 October 2021,Non-overlapping 14-day weighted estimates,95683.42,80696.86024,112399.1982,0.95,2021-09-29,39568.33157894736,55196.03483035714,28820.307228571422,True,56822.7914514935,72363.29998256493,42163.735184318175,100519.2926150594,207737.8730834704,47962.740169954806,True,0.0,0.9013038198631769,0.7589926904110964,1.0436149493152576,0.0,0.0,0.0,False,,,,False
60,08-Oct-21,93,0.9,1.2,1,0,Interpolated,Interpolated,102312.09065,87325.53090499999,118739.6658,1.05,2021-10-06,38280.03391666667,51830.8065,28588.71547485119,True,58647.45374999999,74277.7918277922,43679.60848850649,94744.03218165525,186227.61938247044,47318.85777142258,True,0.0,1.0087519691930684,0.8646445450226301,1.1528593933635067,0.0,0.0,0.0,False,,,,False
61,15-Oct-21,94,0.9,1.1,1,0,07 October 2021 to 20 October 2021,Non-overlapping 14-day weighted estimates,108940.7613,93954.20157,125080.1334,1.0,2021-10-13,42798.156225,54598.47092857143,33555.07198928572,True,60348.60046850648,76068.76806516234,45318.99739305195,103348.35855678112,187979.83685339655,55384.56320000859,True,0.0,0.9883619656166683,0.8895257690550015,1.087198162178335,0.0,0.0,0.0,False,,,,False
62,29-Oct-21,96,1.0,1.2,1,0,21 October 2021 to 03 November 2021,Non-overlapping 14-day weighted estimates,106635.1368,91072.17085,123927.3211,1.1,2021-10-27,38083.97742857142,48685.73328928572,29815.294028273813,True,57485.28426915583,73834.25852785714,42264.79340561688,90212.5342687937,168706.8861865792,46966.42159321721,True,0.0,1.1104188135312902,1.0094716486648092,1.211365978397771,0.0,0.0,0.0,False,,,,False
63,05-Nov-21,97,0.9,1.1,1,0,Interpolated,Interpolated,105770.52755,90495.764705,123062.7119,1.0,2021-11-03,41552.70725178572,53717.85043253968,32319.915966071425,True,57322.46820584417,73794.95812110389,42073.90565844155,98796.28255087376,186925.50870878744,51003.95338781376,True,0.0,1.0438931171737307,0.9395038054563577,1.1482824288911038,0.0,0.0,0.0,False,,,,False
64,12-Nov-21,98,0.8,1.0,1,0,04 November 2021 to 17 November 2021,Non-overlapping 14-day weighted estimates,104905.9183,89919.35856,122198.1027,0.9,2021-11-10,45792.265924603176,60007.996861607135,35325.46229142857,True,55183.40253681819,71532.37686613636,40092.041670194805,106639.2001497719,204968.6183769292,54341.68019556063,True,0.0,0.964282560793032,0.8571400540382507,1.0714250675478132,0.0,0.0,0.0,False,,,,False
65,19-Nov-21,99,0.8,1.0,1,0,Interpolated,Interpolated,96259.82614,81273.26639,113263.80745,0.9,2021-11-17,42018.17807698413,55620.61972991071,31928.78322464286,True,48799.89164415585,64868.14867480519,33708.53075922078,95420.28905759906,191725.82995585128,45856.58211393829,True,0.0,0.9807575636557061,0.8717845010272943,1.0897306262841178,0.0,0.0,0.0,False,,,,False
66,26-Nov-21,100,0.9,1.1,1,0,18 November 2021 to 01 December 2021,Non-overlapping 14-day weighted estimates,87613.73398,72627.17422,104329.5122,1.0,2021-11-24,34419.68120642858,45540.66008730159,25938.27650714285,True,,,,,,,False,0.0,1.1541677051357686,1.038750934622192,1.2695844756493457,0.0,0.0,0.0,False,,,,False
