,Epiweek,Netau_HMM_median,Netau_HMM_95%_ci_lower,Netau_HMM_95%_ci_upper,Netau_MSD_median,Netau_MSD_95%_ci_lower,Netau_MSD_95%_ci_upper,c_median,c_95%_ci_lower,c_95%_ci_upper,c_MSD_median,c_MSD_95%_ci_lower,c_MSD_95%_ci_upper,T,variant,sequences_analyzed,sequences_total,Rt_date,Rt_lower,Rt_upper,Rt_estimate_certainty_criteria_met,Rt_estimate_based_on_fewer_days_or_lower_quality_data,I_date,I,I_lower,I_upper,I_method,Rt,date,Netau SIR,Netau SIR upper,Netau SIR lower,Netau SIR error criteria met,E,E_upper,E_lower,Netau SEIR,Netau SEIR upper,Netau SEIR lower,Netau SEIR error criteria met,frac_variant,Rt_variant,Rt_variant_lower,Rt_variant_upper,Netau SIR variant,Netau SIR variant upper,Netau SIR variant lower,Netau SIR variant error criteria met,Netau SEIR variant,Netau SEIR variant upper,Netau SEIR variant lower,Netau SEIR variant error criteria met,Netau_HMM_assigned_median,Netau_HMM_assigned_95%_ci_lower,Netau_HMM_assigned_95%_ci_upper,Netau_MSD_assigned_median,Netau_MSD_assigned_95%_ci_lower,Netau_MSD_assigned_95%_ci_upper,frac_assigned
0,19.0,,,,,,,1.0,1.0,7.331351128053615,1.987178893113513,1.0,7.291539203067382,9,pre-B.1.177,260,260,,,,,,,,,,,,,,,,,,,,,,,,,,,,,,,,,,,,,,,,,,
1,20.0,,,,,,,4.818353498929056,1.0,19.23122466997148,5.374390946106864,1.0,17.81779486817055,9,pre-B.1.177,167,167,,,,,,,,,,,,,,,,,,,,,,,,,,,,,,,,,,,,,,,,,,
2,21.0,,,,,,,2.02233228431359,1.0,7.685408952859071,1.7485820255746878,1.0,6.211477657798501,9,pre-B.1.177,113,113,,,,,,,,,,,,,,,,,,,,,,,,,,,,,,,,,,,,,,,,,,
3,22.0,,,,,,,2.948439608474472,1.0,9.340896541632972,2.218931278776532,1.0,7.838702425282517,9,pre-B.1.177,53,53,29-May-20,0.7,0.9,1.0,0.0,17 May 2020 to 30 May 2020,53000.0,25000.0,99000.0,14-day weighted estimates,0.8,2020-05-27,26026.78571428571,55561.22448979592,10912.698412698412,True,,,,,,,False,1.0,0.8,0.7,0.9,26026.78571428571,55561.22448979592,10912.698412698412,True,,,,False,,,,,,,
4,23.0,295.91319419586034,150.0205848558261,576.3542359792091,268.25020480060255,157.03962107863077,718.6897329285473,1.454343931813788,1.0,5.096595395874676,1.0,1.0,4.75676546339386,9,pre-B.1.177,262,262,05-Jun-20,0.7,1.0,1.0,0.0,25 May 2020 to 07 June 2020,33000.0,14000.0,68000.0,14-day weighted estimates,0.85,2020-06-03,15252.100840336136,38163.26530612245,5500.0,True,13714.285714285714,47590.90909090909,-11006.493506493509,30563.368204424623,535618.9537503313,51.77095188724838,False,1.0,0.85,0.7,1.0,15252.100840336136,38163.26530612245,5500.0,True,30563.368204424623,535618.9537503313,51.77095188724838,False,,,,,,,
5,24.0,901.028997591071,376.47887934393214,2481.53535155401,685.6749754528516,216.57898363320348,21276.90423511234,1.0,1.0,8.581333537396931,1.0,1.0,8.903191567255428,9,pre-B.1.177,2005,2005,12-Jun-20,0.8,1.0,1.0,0.0,31 May 2020 to 13 June 2020,33000.0,12000.0,74000.0,14-day weighted estimates,0.9,2020-06-10,14404.761904761905,36339.28571428571,4714.285714285715,True,21857.14285714285,59863.63636363636,-3525.974025974026,39805.636540330415,733311.772862554,381.2260030372275,False,1.0,0.9,0.8,1.0,14404.761904761905,36339.28571428571,4714.285714285715,True,39805.636540330415,733311.772862554,381.2260030372275,False,,,,,,,
6,25.0,1239.0852532097454,377.8929856242041,2280.786019949191,1159.0697642255714,357.6118496343125,6946.289342081054,1.0,1.0,3.911882764680002,1.0,1.0,3.615011074861562,9,pre-B.1.177,1688,1688,19-Jun-20,0.7,0.9,1.0,0.0,08 June 2020 to 21 June 2020,51000.0,21000.0,105000.0,14-day weighted estimates,0.8,2020-06-17,25044.64285714285,58928.57142857143,9166.666666666666,True,26103.8961038961,64129.87012987013,-1831.1688311688308,57243.62634664254,764465.6041584405,1527.5453409564198,False,1.0,0.8,0.7,0.9,25044.64285714285,58928.57142857143,9166.666666666666,True,57243.62634664254,764465.6041584405,1527.5453409564198,False,,,,,,,
7,26.0,1521.0006414924114,576.961597416474,3250.606393989297,1317.7814520615514,356.7002762960632,30429.894152561727,1.4020125124266647,1.0,5.477368956334765,1.0239739672648167,1.0,5.710479009272986,9,pre-B.1.177,873,873,26-Jun-20,0.7,0.9,1.0,0.0,14 June 2020 to 27 June 2020,25000.0,12000.0,44000.0,14-day weighted estimates,0.8,2020-06-24,12276.785714285714,24693.87755102041,5238.095238095238,True,5707.792207792207,26142.85714285714,-14883.116883116882,18522.595580439964,230102.99527974456,82.46391827096828,False,1.0,0.8,0.7,0.9,12276.785714285714,24693.87755102041,5238.095238095238,True,18518.89143335137,230058.3877560148,82.52666382537124,False,,,,,,,
8,27.0,455.7549001117047,201.5343497583448,881.7040364031709,441.75242992729306,207.6788628963918,1350.9048312619543,1.4905659050688262,1.0,7.192434194365193,1.1095387028936434,1.0,7.770248208285009,9,pre-B.1.177,976,977,03-Jul-20,0.8,0.9,1.0,0.0,22 June 2020 to 05 July 2020,14000.0,5000.0,31000.0,14-day weighted estimates,0.8500000000000001,2020-07-01,6470.588235294116,15223.214285714284,2182.5396825396824,True,7336.363636363635,21601.94805194805,-3422.7272727272725,15028.945214449412,271755.4850665916,35.030314667411446,False,0.9989764585465712,0.8500000000000001,0.8,0.9,6463.965320007224,15207.632694838429,2180.3057627008498,True,15013.12989078327,271526.9648999893,34.71541136450932,False,,,,,,,
9,28.0,336.41885484172855,200.9000827297637,599.3659404751583,297.365974918155,199.2567052171611,431.3783596009216,4.200226055581842,1.0,9.283999033962155,3.8320258865977785,1.0,9.09270273936494,9,pre-B.1.177,149,149,10-Jul-20,0.8,1.0,1.0,0.0,06 July 2020 to 12 July 2020,23600.0,15300.0,33900.0,modelled weekly estimates,0.9,2020-07-08,10301.5873015873,16647.321428571428,6010.714285714286,True,15808.441558441556,25969.48051948052,5666.883116883117,28724.90907774438,115044.06417599504,5094.513341769302,False,1.0,0.9,0.8,1.0,10301.5873015873,16647.321428571428,6010.714285714286,True,28717.11205862336,115001.6741278023,5095.084912244397,False,,,,,,,
10,29.0,320.6606318257021,187.63813136691277,580.5028935980272,331.3251326510464,239.22147192090847,535.2042461866936,3.231075361999016,1.0,22.30658425350517,3.1599571390234957,1.0,19.60553870038163,9,pre-B.1.177,704,705,17-Jul-20,0.8,1.0,1.0,0.0,13 July 2020 to 19 July 2020,27700.0,18500.0,39900.0,modelled weekly estimates,0.9,2020-07-15,12091.26984126984,19593.75,7267.857142857143,True,17701.948051948053,29885.06493506493,7905.194805194804,32483.390287132093,129270.04866772082,6864.999498481162,False,0.998581560283688,0.9,0.8,1.0,12074.11910390634,19565.957446808512,7257.548125633233,True,32271.74878988142,128470.18471125698,6812.455585993713,False,,,,,,,
11,30.0,207.99947960114767,118.50998658637096,392.38600858093366,313.2220095754201,186.45457382427983,939.3137466304006,1.9459013573164117,1.0,8.457349001211245,2.763684968542483,1.0,7.630696497591749,9,pre-B.1.177,441,448,24-Jul-20,0.8,1.0,1.0,0.0,20 July 2020 to 26 July 2020,35700.0,23700.0,53200.0,modelled weekly estimates,0.9,2020-07-22,15583.333333333332,26125.0,9310.714285714286,True,19601.2987012987,33796.753246753244,8427.272727272726,37393.36847911706,156820.34702803116,7622.031539888683,False,0.984375,0.9,0.8,1.0,15339.84375,25716.796875,9165.234375,True,36692.28572152244,154156.04825278305,7444.744636799095,False,,,,,,,
12,31.0,159.4107292566219,85.30798587690536,283.79317614189256,231.32991405466143,147.01164528615035,554.6984433258347,2.478657599777105,1.0,6.760192017912002,2.8587987179422605,1.0,9.597095178266049,9,pre-B.1.177,308,313,31-Jul-20,0.8,1.0,1.0,0.0,27 July 2020 to 02 August 2020,28300.0,18900.0,40800.0,modelled weekly estimates,0.9,2020-07-29,12353.174603174602,20035.714285714283,7425.0,True,13850.64935064935,25897.4025974026,2980.519480519481,27404.018239238547,115584.7946089382,4609.881355139459,False,0.9840255591054312,0.9,0.8,1.0,12155.8395456159,19715.654952076675,7306.389776357828,True,26784.00942559745,113046.80946258732,4495.692407907266,False,,,,,,,
13,32.0,199.7441852686695,101.35217086953811,381.6304506572336,248.01232842986985,101.33284150082768,1406.654422645879,2.169405840063747,1.0,10.1212202282669,2.953730981744875,1.0,12.108940555341006,9,pre-B.1.177,497,517,07-Aug-20,0.8,1.0,1.0,0.0,03 August 2020 to 09 August 2020,28300.0,19000.0,40700.0,modelled weekly estimates,0.9,2020-08-05,12353.174603174602,19986.60714285714,7464.285714285715,True,14643.506493506491,25392.85714285714,5242.207792207792,28444.65793024871,112901.60577623906,5672.631647109847,False,0.9613152804642168,0.9,0.8,1.0,11875.295508274232,19213.430851063837,7175.531914893619,True,26928.84835944002,107391.61066548876,5304.3637536966335,False,,,,,,,
14,33.0,157.09853811465683,94.28589184759448,283.8756131620983,155.4188597381583,123.69418765334636,250.7198782577772,2.18473565397821,1.0,15.888258028672714,2.557687094196964,1.0,16.012415503776584,9,pre-B.1.177,860,927,14-Aug-20,0.8,1.0,1.0,0.0,07 August 2020 to 13 August 2020,24600.0,16900.0,33800.0,modelled weekly estimates,0.9,2020-08-12,10738.09523809524,16598.214285714283,6639.285714285715,True,13396.753246753246,22486.363636363632,4803.896103896103,25618.282730418738,92058.59585126412,5475.116406356594,False,0.9277238403451996,0.9,0.8,1.0,9961.986952278214,15398.55910001541,6159.423640006165,True,22568.09920563758,81930.96557019123,4688.869834122121,False,,,,,,,
15,34.0,162.01572395902625,95.20482484459149,299.3053794540325,130.33329491700448,85.79995122848892,184.30902919007733,9.732242330798655,2.3306834202706703,19.78128560994772,9.531384241375347,1.0,19.47396340950572,9,pre-B.1.177,810,997,21-Aug-20,0.9,1.0,1.0,0.0,14 August 2020 to 20 August 2020,28200.0,20100.0,37900.0,modelled weekly estimates,0.95,2020-08-19,11661.654135338347,16543.65079365079,7896.428571428572,True,15917.532467532465,24915.584415584413,7856.493506493505,28541.997788702603,85690.14866182089,8101.414267776809,True,0.8124373119358074,0.95,0.9,1.0,9474.36293843938,13440.679180398336,6415.353202464536,True,22291.74236093316,68145.86906925295,6070.22453427408,True,,,,,,,
16,35.0,182.94192407851148,107.46411499219678,350.10806375400097,219.1570637696359,134.23904304306586,397.1020736889985,1.2458884054553132,1.0,12.364039956251268,4.353866460623895,1.0,13.149244100750522,9,pre-B.1.177,1202,1509,28-Aug-20,0.9,1.1,1.0,0.0,19 August 2020 to 25 August 2020,27100.0,19300.0,36700.0,modelled weekly estimates,1.0,2020-08-26,10646.428571428572,16019.841269841269,6892.857142857142,True,21553.24675324675,31825.324675324675,12455.844155844155,34315.396172845896,106203.06221820314,9813.484216137223,True,0.7965540092776673,1.0,0.9,1.1,8480.455363059737,12760.6687914839,5490.532992521064,True,25830.46094394666,80593.40200770897,7269.702340296388,True,,,,,,,
17,36.0,245.29283288584708,127.95719681453768,434.0482140288396,242.8229289488478,175.35594109074793,372.8243117151685,3.901338334806421,1.0,12.506908275015476,4.033721942699197,1.0,13.925855814310586,9,pre-B.1.177,1581,2009,,,,,,,,,,,,,,,,,,,,,,,,,,,,,,,,,,,,,,,,,,
18,37.0,465.6327015876049,218.14253788600348,802.2445144270292,471.6329382921807,359.7338030083282,712.207902285695,1.0,1.0,5.100378526949154,1.0,1.0,5.220614457571815,9,pre-B.1.177,1828,2540,11-Sep-20,1.0,1.2,1.0,0.0,04 September 2020 to 10 September 2020,59800.0,46900.0,75200.0,modelled weekly estimates,1.1,2020-09-09,21357.14285714285,29542.857142857145,15354.166666666668,True,49011.03896103896,63325.32467532467,36060.3896103896,70710.95437040573,160738.59377128028,29962.436948844363,True,0.7196850393700788,1.1,1.0,1.2,15370.416197975252,21261.55230596176,11050.164041994753,True,48797.303797036526,111715.20782124724,20437.485139324854,True,,,,,,,
19,38.0,773.9593117717773,324.6496154088934,1344.951960568818,758.7210714545267,542.3447679814743,1074.356181566256,3.145718420281642,1.0,5.373896030121145,3.298624137366576,1.0,5.517165336256187,9,pre-B.1.177,1477,2216,18-Sep-20,1.2,1.4,1.0,0.0,13 September 2020 to 19 September 2020,103600.0,85600.0,123400.0,modelled weekly estimates,1.2999999999999998,2020-09-16,31307.692307692312,40398.80952380953,24020.408163265307,True,68680.51948051948,85780.51948051946,52219.48051948052,86577.27081050696,167348.61309229664,43192.93101024835,True,0.6665162454873647,1.2999999999999998,1.2,1.4,20867.085531796725,26926.46284596872,16009.99226405364,True,55339.15439756431,107620.46109533872,27348.65311904259,True,,,,,,,
20,39.0,1153.1954606179052,791.9753545829515,2173.5657312752446,1186.8073919528758,870.4290679433598,1663.160444769653,1.0,1.0,2.009562443085764,1.0,1.0,2.1391827680795488,9,pre-B.1.177,2280,3809,25-Sep-20,1.2,1.5,1.0,0.0,18 September 2020 to 24 September 2020,116600.0,101000.0,133100.0,modelled weekly estimates,1.35,2020-09-23,33931.21693121693,43574.40476190476,26452.38095238095,True,89485.71428571428,106907.14285714286,72319.48051948051,105998.10729922396,186715.4982457976,59109.88258076069,True,0.5985823050669467,1.348639853858532,1.198790981207584,1.49848872650948,20331.109956087428,26109.173045022653,15849.896183605037,True,61559.19829205671,109263.55024072665,33956.357815009666,True,,,,,,,
21,40.0,1950.168316722767,802.7577449139017,3406.6138399112315,2411.1840425286728,1482.476167610714,6309.408143736427,15.807466213852022,11.679424519017545,21.851890557714157,15.89177891488048,11.870069995949034,22.22534801617905,9,pre-B.1.177,1672,2833,02-Oct-20,1.2,1.6,1.0,0.0,25 September 2020 to 01 October 2020,224400.0,203800.0,245700.0,modelled weekly estimates,1.4,2020-09-30,62969.38775510204,80437.50000000001,50040.178571428565,True,169521.42857142855,189946.7532467532,149542.20779220777,194045.23295287497,304872.4574978406,124767.23518465726,True,0.5901870808330392,1.3970319044513515,1.1974559181011586,1.596607890801545,37242.676156255344,47574.03351243581,29595.81205688161,True,103761.92043778888,163543.0316273358,66450.12418999602,True,,,,,,,
22,41.0,1800.9803098324862,1003.0026749215042,3287.036072296184,1866.0570187211572,1220.540655106941,3118.24488015523,4.06937672208727,1.0,8.407203132209197,4.280047508071756,1.0,8.633285581215135,9,pre-B.1.177,1805,4153,09-Oct-20,1.2,1.5,1.0,0.0,02 October 2020 to 08 October 2020,336500.0,312200.0,362000.0,modelled weekly estimates,1.35,2020-10-07,97923.28042328042,118511.90476190478,81766.66666666666,True,228309.74025974027,252204.54545454544,204962.33766233764,275879.9711954706,395591.14466337895,193503.4016351033,True,0.4346255718757524,1.349678663848772,1.199714367865575,1.499642959831969,42570.09457639836,51520.567655982864,35546.345242426185,True,108983.33451101548,158060.52986736555,75417.23723483454,True,,,,,,,
23,42.0,1796.381243036753,1024.822239947152,3197.4171842037185,1750.3445904091266,1240.1196819325985,2740.3154754124557,2.091057171115729,1.0,4.478042299398035,1.8900384057714912,1.0,4.526337760133354,9,pre-B.1.177,1942,4959,16-Oct-20,1.2,1.4,1.0,0.0,10 October 2020 to 16 October 2020,433300.0,407500.0,459300.0,modelled weekly estimates,1.2999999999999998,2020-10-14,130942.30769230772,150366.07142857145,114349.48979591836,True,285974.02597402595,312284.41558441555,259665.5844155844,360820.635960779,478291.5289293153,271942.7238052177,True,0.3916112119378907,1.2988495577792825,1.1989380533347225,1.3987610622238429,51323.89517543765,58937.19626567827,44820.20617386189,True,135957.52422438364,180814.39614771548,102068.56664648464,True,,,,,,,
24,43.0,1331.2687055528058,688.1310961563702,2277.961978682234,1291.6383965727796,928.512320604132,1804.0383191667945,1.2960057932350075,1.0,3.549847994710112,1.0,1.0,3.493378860335533,9,pre-B.1.177,2317,6230,23-Oct-20,1.2,1.4,1.0,0.0,17 October 2020 to 23 October 2020,568100.0,536500.0,600400.0,modelled weekly estimates,1.2999999999999998,2020-10-21,171678.57142857145,196559.52380952385,150548.46938775512,True,349601.29870129866,380526.6233766234,319164.935064935,447990.9129341178,587160.356196451,342194.7992195881,True,0.3719101123595505,1.2932412461769711,1.1937611503172043,1.3927213420367384,64182.68522753781,73484.52366631138,56283.11641806804,True,160386.3551533854,210553.55845755304,122283.09956421948,True,,,,,,,
25,44.0,1153.8537684126634,601.6663257139003,1987.8349495519,1133.2750001048057,774.2633270392109,1607.4837206723755,2.1210950371457864,1.0,4.126950277340973,2.1573075899896943,1.0,4.347364041452489,9,pre-B.1.177,1119,3385,30-Oct-20,1.1,1.3,1.0,0.0,25 October 2020 to 31 October 2020,618700.0,583100.0,655000.0,modelled weekly estimates,1.2000000000000002,2020-10-28,202550.5952380952,233928.57142857145,176211.53846153847,True,355879.87012987013,390122.7272727272,322125.974025974,502583.42934329936,669011.3892875416,378062.85985085176,True,0.3305760709010339,1.168404987567144,1.0710379052698822,1.265772069864406,68769.01140782986,79422.31213035289,59826.50055611233,True,161096.39775724756,215359.00752251767,120584.353580757,True,,,,,,,
26,45.0,1766.756986128251,665.5239117353487,3315.7446047203603,1870.183190195021,848.8066285451638,40903.87426359545,1.5690164995943967,1.0,10.536626930254233,1.0,1.0,11.06313630024145,9,pre-B.1.177,2264,7514,06-Nov-20,1.1,1.3,1.0,0.0,31 October 2020 to 06 November 2020,654000.0,619400.0,689800.0,modelled weekly estimates,1.2000000000000002,2020-11-04,214107.1428571428,246357.14285714284,187181.3186813187,True,366584.4155844156,401561.68831168825,332133.11688311683,521402.9981556544,686765.0345464149,396657.7347542324,True,0.3013042321000798,1.1604331067533311,1.0637303478572202,1.257135865649442,66711.0111460408,76759.39197421007,58321.52477608704,True,152842.67984932047,202036.38546076717,115807.8918426038,True,,,,,,,
27,46.0,879.0242086494969,509.3629669924152,1499.204152537112,874.7990352213186,630.8861081369855,1166.0274899597582,1.1328357425597595,1.0,6.018500785627114,1.0,1.0,6.079600396131496,9,pre-B.1.177,2297,8711,13-Nov-20,1.1,1.2,1.0,0.0,08 November 2020 to 14 November 2020,664700.0,628300.0,701200.0,modelled weekly estimates,1.15,2020-11-11,227071.4285714286,250428.5714285714,205693.4523809524,True,358063.6363636363,392929.8701298701,323294.80519480514,537603.0103033197,680475.7581173726,422781.1594244532,True,0.2636895878773964,1.063368384278295,1.0171349762661954,1.109601792290395,64754.4427214422,71415.2488774383,58658.03973743099,True,143072.07976235336,182007.91322195932,111848.73956538546,True,,,,,,,
28,47.0,697.187674592007,412.4855124863501,1262.6992152305852,660.9162558472789,489.49823774047707,843.5094779995609,2.5820700334372164,1.0,6.809137998841425,2.5886558974481755,1.0,7.0084049102863295,9,pre-B.1.177,1067,4540,20-Nov-20,1.0,1.1,1.0,0.0,15 November 2020 to 21 November 2020,633000.0,599200.0,668200.0,modelled weekly estimates,1.05,2020-11-18,236836.7346938776,262507.14285714284,214000.0,True,314544.1558441558,348251.29870129866,281707.79220779217,530689.5788341098,677385.6611760397,414759.5557213445,True,0.235022026431718,0.9512949349915584,0.9059951761824366,0.9965946938006804,61437.246891056144,68096.34564175972,55513.22454972984,True,127207.7268985188,163189.7847511373,98856.97156853988,True,,,,,,,
29,48.0,673.7632404509145,369.89484364683,1214.0673434927794,651.1726764777517,396.86148146942537,1383.6122917309772,2.1219242480574296,1.0,10.063160958279289,1.0,1.0,10.271963707830643,9,pre-B.1.177,538,2768,27-Nov-20,0.9,1.0,1.0,0.0,22 November 2020 to 28 November 2020,521300.0,490600.0,552600.0,modelled weekly estimates,0.95,2020-11-25,215575.1879699248,241214.2857142857,192735.7142857143,True,251881.1688311688,283075.32467532466,221014.2857142857,474226.54455434985,621354.9436536491,360008.7772063998,True,0.1943641618497109,0.7915469630707178,0.7498865965933117,0.833207329548124,50287.71260100667,56268.60303120504,44959.89681939608,True,99152.36058714954,131227.95409490165,74371.28270849971,True,,,,,,,
30,49.0,881.5715691104257,428.64053392671,1577.9458049718417,964.6828998415122,412.9441969385491,12455.219982682403,1.3308624911114024,1.0,3.677105231348015,1.2471516363834647,1.0,3.580061809869516,9,pre-B.1.177,207,1216,04-Dec-20,0.8,1.0,1.0,0.0,29 November 2020 to 05 December 2020,481500.0,450800.0,513600.0,modelled weekly estimates,0.9,2020-12-02,210178.57142857145,252214.28571428568,177100.0,True,272493.50649350643,304081.16883116885,241819.4805194805,515384.15716248064,728330.9268118752,366943.3684319249,True,0.1702302631578947,0.6953448907676094,0.6180843473489862,0.7726054341862327,46309.21805788359,55571.06166946031,39020.926169147526,True,101833.8272347978,144959.72199865786,71892.37012007574,True,,,,,,,
31,50.0,997.3937645771346,449.97125357178527,2063.5439034120736,1156.7022222559517,451.16317429948754,11870.713347751096,1.0,1.0,2.9979813164202938,1.0,1.0,3.064887658370554,9,pre-B.1.177,685,5021,11-Dec-20,0.8,1.0,1.0,0.0,06 December 2020 to 12 December 2020,567300.0,533600.0,602300.0,modelled weekly estimates,0.9,2020-12-09,247630.9523809524,295772.3214285714,209628.57142857145,True,344643.50649350643,378305.8441558441,311733.11688311683,639904.5988791514,884948.0982877883,466098.3410908528,True,0.1364270065723959,0.6427482023676265,0.5713317354378903,0.7141646692973628,47304.98583925062,56501.44031791508,40045.384099139286,True,100656.0926146108,140639.89796024753,72436.67515838041,True,,,,,,,
32,51.0,978.5120538335992,316.4656556157918,1859.0269329865612,1021.3084209196546,319.6895886175367,17476.301019709423,1.0,1.0,2.6962958973907014,1.0,1.0,2.910734930879227,9,pre-B.1.177,493,6288,18-Dec-20,1.1,1.3,1.0,0.0,12 December 2020 to 18 December 2020,645800.0,610100.0,683100.0,modelled weekly estimates,1.2000000000000002,2020-12-16,211422.619047619,243964.28571428568,184370.8791208791,True,450054.5454545454,487542.8571428571,413481.8181818181,608781.1459728461,802213.1611794269,463502.5652140277,True,0.0784033078880407,0.8270361589915866,0.758116479075621,0.895955838907552,24051.523042326924,27753.47626376901,20974.10611733615,True,42823.01669842635,58258.9016407911,31425.13452273171,True,,,,,,,
33,52.0,914.7264264192622,293.06527876347053,1865.3002172344447,1027.0213071891444,218.6286049758413,9524.003411978949,1.0,1.0,1.7213329287611754,1.0,1.0,1.8017433594366297,9,pre-B.1.177,238,3243,,,,,,,,,,,,,,,,,,,,,,,,,,,,,,,,,,,,,,,,,,
34,53.0,,,,,,,1.3307082444756386,1.0,3.1799630859900696,1.1722572481798443,1.0,3.181750149851961,9,pre-B.1.177,192,5310,,,,,,,,,,,,,,,,,,,,,,,,,,,,,,,,,,,,,,,,,,
35,54.0,,,,,,,1.1083873662154482,1.0,3.2039231909261296,1.1789456757647891,1.0,3.28782858952938,9,pre-B.1.177,197,6399,,,,,,,,,,,,,,,,,,,,,,,,,,,,,,,,,,,,,,,,,,
36,55.0,,,,,,,3.7416660492441527,1.0,8.535903360339443,3.949798066501654,1.0,8.384821381830317,9,pre-B.1.177,220,8186,15-Jan-21,1.1,1.3,1.0,0.0,10 January 2021 to 16 January 2021,1023700.0,978900.0,1070000.0,modelled weekly estimates,1.2000000000000002,2021-01-13,335139.8809523809,382142.8571428571,295821.4285714286,True,638288.9610389611,680386.3636363636,596752.5974025974,883358.4631370162,1117818.9885163128,701178.2937433774,True,0.0268751526997312,0.7533432060259229,0.6905646055237625,0.816121806528083,14347.14282306284,16359.31281786451,12663.942810315117,True,23827.885117976424,31452.29206467877,18020.24103125505,True,,,,,,,
37,56.0,,,,,,,1.0,1.0,5.9660570259583015,1.0528814693825528,1.0,4.480400046492019,9,pre-B.1.177,119,6860,22-Jan-21,0.8,1.0,1.0,0.0,17 January 2021 to 23 January 2021,1018700.0,976200.0,1061600.0,modelled weekly estimates,0.9,2021-01-20,444670.6349206349,521321.4285714285,383507.1428571429,True,517768.8311688312,559297.4025974026,476008.4415584415,1011563.958760327,1321651.387267734,780425.8711604308,True,0.0173469387755102,0.5548763567115524,0.4932234281880466,0.6165292852350582,12511.448302564546,14668.128701043324,10790.525424233983,True,22780.27958071486,30267.278843554235,17242.465322319706,True,,,,,,,
38,34.0,,,,,,,2.518928526503644,1.0,14.671893334134968,1.4649889759649857,1.0,14.98315777899418,9,B.1.177,51,676,21-Aug-20,0.9,1.0,1.0,0.0,14 August 2020 to 20 August 2020,28200.0,20100.0,37900.0,modelled weekly estimates,0.95,2020-08-19,11661.654135338347,16543.65079365079,7896.428571428572,True,15917.532467532465,24915.584415584413,7856.493506493505,28541.997788702603,85690.14866182089,8101.414267776809,True,0.2159763313609467,0.95,0.9,1.0,2518.6412777505893,3573.037005729313,1705.4416737109043,True,7395.719938978689,20166.4685959839,2567.851300935678,True,,,,,,,0.3695652173913043
39,35.0,,,,,,,5.065679322600628,1.0,20.127677967751417,3.414271730971473,1.0,11.107128248504182,9,B.1.177,104,1055,28-Aug-20,0.9,1.1,1.0,0.0,19 August 2020 to 25 August 2020,27100.0,19300.0,36700.0,modelled weekly estimates,1.0,2020-08-26,10646.428571428572,16019.841269841269,6892.857142857142,True,21553.24675324675,31825.324675324675,12455.844155844155,34315.396172845896,106203.06221820314,9813.484216137223,True,0.2085308056872037,1.0,0.9,1.1,2220.108327691265,3340.6304069811163,1437.3730534867966,True,8821.53819065841,26807.209312958308,2607.2439872936966,True,,,,,,,0.4952380952380952
40,36.0,,,,,,,9.491323348580408,1.0,28.29467776397672,4.546755168577353,1.0,20.658606215672474,9,B.1.177,162,1264,,,,,,,,,,,,,,,,,,,,,,,,,,,,,,,,,,,,,,,,,,0.5934065934065934
41,37.0,,,,,,,6.086807203400639,1.0,14.80559767296673,3.822001517684583,1.0,11.10412386296574,9,B.1.177,188,1443,11-Sep-20,1.0,1.2,1.0,0.0,04 September 2020 to 10 September 2020,59800.0,46900.0,75200.0,modelled weekly estimates,1.1,2020-09-09,21357.14285714285,29542.857142857145,15354.166666666668,True,49011.03896103896,63325.32467532467,36060.3896103896,70710.95437040573,160738.59377128028,29962.436948844363,True,0.2993762993762994,1.1,1.0,1.2,6393.822393822394,8844.431244431245,4596.673596673597,True,23406.502317247152,52259.18231196119,10213.151828956516,True,,,,,,,0.4392523364485981
42,38.0,615.7441069074936,230.80074868819543,1425.691624975155,987.1495058676118,190.4795310359419,13424.336423854727,1.0,1.0,3.8976758328953975,1.0,1.0,3.2949300131419603,9,B.1.177,287,1492,18-Sep-20,1.2,1.4,1.0,0.0,13 September 2020 to 19 September 2020,103600.0,85600.0,123400.0,modelled weekly estimates,1.2999999999999998,2020-09-16,31307.692307692312,40398.80952380953,24020.408163265307,True,68680.51948051948,85780.51948051946,52219.48051948052,86577.27081050696,167348.61309229664,43192.93101024835,True,0.3512064343163539,1.2999999999999998,1.2,1.4,10995.462982058158,14188.321843482703,8436.121901843848,True,32835.352127620965,62789.66371495349,16654.05179856529,True,337.8939936566934,126.65356572373248,782.3585016594063,541.7053693766818,104.52700842698916,7366.700867392557,0.5487571701720841
43,39.0,532.0858236585586,178.91928796265833,1583.982538315725,588.5687650223152,297.3951011804281,3784.200861733029,1.0,1.0,3.866522762559661,1.0,1.0,3.482028328351268,9,B.1.177,560,2217,25-Sep-20,1.2,1.5,1.0,0.0,18 September 2020 to 24 September 2020,116600.0,101000.0,133100.0,modelled weekly estimates,1.35,2020-09-23,33931.21693121693,43574.40476190476,26452.38095238095,True,89485.71428571428,106907.14285714286,72319.48051948051,105998.10729922396,186715.4982457976,59109.88258076069,True,0.4194857916102841,1.348639853858532,1.198790981207584,1.49848872650948,14248.018496455898,18297.2784700949,11107.58903368646,True,47941.74113926228,83425.70393388552,27196.35243033664,True,321.77976376759483,108.20172922147805,957.916005892879,355.9379140523721,179.85016918038852,2288.501601048052,0.6047516198704104
44,40.0,792.158817394737,311.10175572853615,1664.6234995570312,772.2501295103478,320.5119134650092,2761.846634516165,1.8673770621532813,1.0,4.81500151774592,2.0043491942168528,1.0,5.104469613586802,9,B.1.177,296,1068,02-Oct-20,1.2,1.6,1.0,0.0,25 September 2020 to 01 October 2020,224400.0,203800.0,245700.0,modelled weekly estimates,1.4,2020-09-30,62969.38775510204,80437.50000000001,50040.178571428565,True,169521.42857142855,189946.7532467532,149542.20779220777,194045.23295287497,304872.4574978406,124767.23518465726,True,0.4559925093632959,1.3970319044513515,1.1974559181011586,1.596607890801545,28774.573194528613,36756.82444835841,22866.42497733652,True,96186.38377109347,150515.38058229495,62159.320215690765,True,486.47097499759786,191.0500408623376,1022.2584146657288,474.244892811334,196.8288929162712,1696.0717921510063,0.6141078838174274
45,41.0,670.2635688720972,394.8327600070189,1223.7211139454637,576.7024261596415,405.7112326470042,980.3006458278136,2.499675852783034,1.0,11.377116593555227,1.9905080896261889,1.0,11.356733736458724,9,B.1.177,1332,3550,09-Oct-20,1.2,1.5,1.0,0.0,02 October 2020 to 08 October 2020,336500.0,312200.0,362000.0,modelled weekly estimates,1.35,2020-10-07,97923.28042328042,118511.90476190478,81766.66666666666,True,228309.74025974027,252204.54545454544,204962.33766233764,275879.9711954706,395591.14466337895,193503.4016351033,True,0.5467605633802817,1.349678663848772,1.199714367865575,1.499642959831969,53553.33510011996,64813.063059506254,44717.43267884608,True,158967.42786358236,226775.8825569486,112175.2632881072,True,464.5114847750434,273.6301958009101,848.0731133066374,399.67098420636967,281.1692829790893,679.3758898244785,0.6930280957336108
46,42.0,733.8718400681095,436.33326691900015,1281.2591533454774,604.6656498490797,494.38157636654864,753.4546821630678,1.0,1.0,5.327312686963543,1.0,1.0,5.77827971695405,9,B.1.177,1746,4056,16-Oct-20,1.2,1.4,1.0,0.0,10 October 2020 to 16 October 2020,433300.0,407500.0,459300.0,modelled weekly estimates,1.2999999999999998,2020-10-14,130942.30769230772,150366.07142857145,114349.48979591836,True,285974.02597402595,312284.41558441555,259665.5844155844,360820.635960779,478291.5289293153,271942.7238052177,True,0.5877712031558185,1.2988495577792825,1.1989380533347225,1.3987610622238429,77032.287887341,88459.12911503276,67270.86892670681,True,219556.97077955437,290411.7370606714,165898.55023396976,True,542.9407765927624,322.8126627290569,947.9146109072898,447.35009518495474,365.7585730237263,557.4287606172527,0.7398305084745763
47,43.0,979.251020353769,575.0881041069422,1837.7041002680312,875.3845898405056,742.0091402563154,1016.3875300656766,1.4736853836757569,1.0,8.407490643111602,1.0479737463174028,1.0,5.891361066933432,9,B.1.177,2340,5008,23-Oct-20,1.2,1.4,1.0,0.0,17 October 2020 to 23 October 2020,568100.0,536500.0,600400.0,modelled weekly estimates,1.2999999999999998,2020-10-21,171678.57142857145,196559.52380952385,150548.46938775512,True,349601.29870129866,380526.6233766234,319164.935064935,447990.9129341178,587160.356196451,342194.7992195881,True,0.6226038338658147,1.2932412461769711,1.1937611503172043,1.3927213420367384,107446.3548112277,123018.29029111574,94221.91787548814,True,285308.87981637963,373414.7418676558,218280.5204769084,True,741.5687338601358,435.50361281884943,1391.6594157369557,662.9126020151401,561.9098343688602,769.6915276225512,0.7572815533980582
48,44.0,1880.7382572678996,898.8179091189246,3715.5855345982254,1546.605986506799,941.2299225307004,3079.39669087075,1.4851550973523924,1.0,3.0610831901043194,1.4548125601894506,1.0,4.02784836152677,9,B.1.177,704,1486,30-Oct-20,1.1,1.3,1.0,0.0,25 October 2020 to 31 October 2020,618700.0,583100.0,655000.0,modelled weekly estimates,1.2000000000000002,2020-10-28,202550.5952380952,233928.57142857145,176211.53846153847,True,355879.87012987013,390122.7272727272,322125.974025974,502583.42934329936,669011.3892875416,378062.85985085176,True,0.6359353970390309,1.168404987567144,1.0710379052698822,1.265772069864406,132292.23898275557,152786.19369123803,115089.36288373108,True,334825.3044911904,445318.5942691751,252120.7162098627,True,1425.231144366632,681.1278880728987,2815.6859164231983,1172.0243428426118,713.267885319282,2333.57940836707,0.7578040904198062
49,45.0,2336.5630107139027,1159.5821681457026,4379.102107342708,2123.380524650098,1499.8168392692803,3527.9790005742834,1.0000039198272184,1.0,3.126557439212577,1.0,1.0,3.138570249681808,9,B.1.177,2990,5555,06-Nov-20,1.1,1.3,1.0,0.0,31 October 2020 to 06 November 2020,654000.0,619400.0,689800.0,modelled weekly estimates,1.2000000000000002,2020-11-04,214107.1428571428,246357.14285714284,187181.3186813187,True,366584.4155844156,401561.68831168825,332133.11688311683,521402.9981556544,686765.0345464149,396657.7347542324,True,0.6684068406840684,1.1604331067533311,1.0637303478572202,1.257135865649442,147990.2751055749,170281.38743590587,129379.2186314652,True,362239.6955408239,476459.0504129229,276015.86373862537,True,1897.4262362940165,941.6487459955596,3556.087805799755,1724.3095515219425,1217.9392583962922,2864.9259130138803,0.8120586637696904
50,46.0,3289.2434053225625,1810.911414415014,5931.12078299533,3284.083089195331,2382.705059522745,5147.045467975255,1.0,1.0,2.0187059123921927,1.0,1.0,2.0233968958587267,9,B.1.177,3196,5999,13-Nov-20,1.1,1.2,1.0,0.0,08 November 2020 to 14 November 2020,664700.0,628300.0,701200.0,modelled weekly estimates,1.15,2020-11-11,227071.4285714286,250428.5714285714,205693.4523809524,True,358063.6363636363,392929.8701298701,323294.80519480514,537603.0103033197,680475.7581173726,422781.1594244532,True,0.6504417402900483,1.063368384278295,1.0171349762661954,1.109601792290395,159729.44838015572,176159.62441674297,144691.4827238348,True,373701.5260691957,473456.0966956893,293565.0222599695,True,2717.7926379035443,1496.2959877120952,4900.688216766565,2713.528839986628,1968.7500957173456,4252.832811698271,0.8262668045501551
51,47.0,3536.509242506878,2042.8925037754652,6449.351958310328,3705.3542556946622,2596.763715499014,6203.086508235831,1.5866265106629207,1.0,2.9757076919229,1.331807079654304,1.0,2.819549333824009,9,B.1.177,1958,3769,20-Nov-20,1.0,1.1,1.0,0.0,15 November 2020 to 21 November 2020,633000.0,599200.0,668200.0,modelled weekly estimates,1.05,2020-11-18,236836.7346938776,262507.14285714284,214000.0,True,314544.1558441558,348251.29870129866,281707.79220779217,530689.5788341098,677385.6611760397,414759.5557213445,True,0.6399575484213319,0.9512949349915584,0.9059951761824366,0.9965946938006804,167291.68112070294,185424.19651042085,151160.75555637147,True,366021.85209377774,467581.3972782782,285804.86393650365,True,2905.784765769394,1678.5495268117336,5299.131823068243,3044.516841229605,2133.6396789538685,5096.786984106486,0.8216533780948384
52,48.0,3799.3658648583546,1861.0081711577604,7074.049019843589,3799.680628819731,2044.7379525748145,11742.965722881778,1.59205678887806,1.0,3.1713289627220664,1.334971993777172,1.0,3.0860884945532807,9,B.1.177,1098,2158,27-Nov-20,0.9,1.0,1.0,0.0,22 November 2020 to 28 November 2020,521300.0,490600.0,552600.0,modelled weekly estimates,0.95,2020-11-25,215575.1879699248,241214.2857142857,192735.7142857143,True,251881.1688311688,283075.32467532466,221014.2857142857,474226.54455434985,621354.9436536491,360008.7772063998,True,0.5889712696941612,0.7915469630707178,0.7498865965933117,0.833207329548124,152384.15178376174,170507.72249274544,136239.55806993635,True,305585.9900352427,402307.9349203632,230651.29150230432,True,3332.031724931688,1632.098220392349,6203.918389607237,3332.307771920179,1793.2286516989984,10298.543421504946,0.8769968051118211
53,49.0,2914.7922973552563,1693.756023689775,5239.014284897293,2858.8607696305044,1816.4248585514456,4777.611291339242,1.6106400552874651,1.0,2.6976129583117654,1.5180361108129672,1.0,2.828644232160956,9,B.1.177,416,1067,04-Dec-20,0.8,1.0,1.0,0.0,29 November 2020 to 05 December 2020,481500.0,450800.0,513600.0,modelled weekly estimates,0.9,2020-12-02,210178.57142857145,252214.28571428568,177100.0,True,272493.50649350643,304081.16883116885,241819.4805194805,515384.15716248064,728330.9268118752,366943.3684319249,True,0.4564198687910028,0.6953448907676094,0.6180843473489862,0.7726054341862327,124163.86391994444,148996.63670393333,104622.5604768429,True,265977.35211333435,380841.8733609816,186480.7052918161,True,2536.723003556039,1474.0638197802227,4559.47686719095,2488.046192816506,1580.821634220505,4157.921123843357,0.8702928870292888
54,50.0,1934.6975180208824,1079.7787265860886,3499.154510697284,1845.7076357751323,1363.7737503487144,2654.3412013390234,1.0,1.0,2.5145256800154527,1.0,1.0,2.872860018076296,9,B.1.177,1384,4000,11-Dec-20,0.8,1.0,1.0,0.0,06 December 2020 to 12 December 2020,567300.0,533600.0,602300.0,modelled weekly estimates,0.9,2020-12-09,247630.9523809524,295772.3214285714,209628.57142857145,True,344643.50649350643,378305.8441558441,311733.11688311683,639904.5988791514,884948.0982877883,466098.3410908528,True,0.39325,0.6427482023676265,0.5713317354378903,0.7141646692973628,136356.32818355263,162865.05116000873,115430.57120900636,True,307615.98763732944,428263.4900022052,222316.95016697329,True,1718.627320244481,959.1872641817372,3108.363185369089,1639.5759742700789,1211.465257049179,2357.900014539928,0.8883183568677792
55,51.0,1246.0018903052223,688.5309066902506,2203.806954675308,1266.0974917376789,964.189098094992,1760.0228722821018,1.359137253954375,1.0,6.807743199304395,1.3128261645891948,1.0,6.732682376518604,9,B.1.177,1315,5425,18-Dec-20,1.1,1.3,1.0,0.0,12 December 2020 to 18 December 2020,645800.0,610100.0,683100.0,modelled weekly estimates,1.2000000000000002,2020-12-16,211422.619047619,243964.28571428568,184370.8791208791,True,450054.5454545454,487542.8571428571,413481.8181818181,608781.1459728461,802213.1611794269,463502.5652140277,True,0.2702304147465438,0.8270361589915866,0.758116479075621,0.895955838907552,82897.68916759516,95657.10431664898,72290.8452168804,True,173134.3161959746,232528.931433332,128977.46301777432,True,1129.9948177595638,624.4263050328825,1998.6249278607104,1148.2194494034811,874.419768272355,1596.158673828251,0.906896551724138
56,52.0,1081.3863675179234,617.4530058422376,1962.7425144673973,1095.829214782606,814.592636404913,1700.9306133067307,1.1729026901589128,1.0,2.546251730446828,1.0784864348301473,1.0,2.451384849210524,9,B.1.177,493,2402,,,,,,,,,,,,,,,,,,,,,,,,,,,,,,,,,,,,985.440811804688,562.6697446954217,1788.5990011689962,998.602223452541,742.3182435261037,1550.0162520521594,0.911275415896488
57,53.0,986.9720784165696,551.3260614405125,1787.444424543734,994.956725650608,559.5502881271643,2339.3892685742776,1.7907960073622016,1.0,3.953599856387945,1.736227880128738,1.0,3.901840447705725,9,B.1.177,606,4639,,,,,,,,,,,,,,,,,,,,,,,,,,,,,,,,,,,,924.428252736385,516.3888612564924,1674.1751487998497,931.9069176882048,524.0919236554275,2191.143580766634,0.9366306027820712
58,54.0,1208.6918630945706,473.32927145509103,2407.3707804334977,2471.978227758133,696.7383333177725,22644.560577724405,1.0025522359811037,1.0,3.073201754448708,1.080523368635798,1.0,3.143900983797125,9,B.1.177,694,5290,,,,,,,,,,,,,,,,,,,,,,,,,,,,,,,,,,,,1141.2682353573225,446.92586991814034,2273.0820702324454,2334.085564713121,657.872657581679,21381.39461352481,0.94421768707483
59,55.0,2347.469031457201,825.8380714072599,6000.594408570782,3171.726215566059,932.604237326924,67015.3759121164,1.2222237231392783,1.0,4.079206318855999,1.366147404249694,1.0,4.059387784527139,9,B.1.177,1107,8404,15-Jan-21,1.1,1.3,1.0,0.0,10 January 2021 to 16 January 2021,1023700.0,978900.0,1070000.0,modelled weekly estimates,1.2000000000000002,2021-01-13,335139.8809523809,382142.8571428571,295821.4285714286,True,638288.9610389611,680386.3636363636,596752.5974025974,883358.4631370162,1117818.9885163128,701178.2937433774,True,0.1381485007139457,0.7533432060259229,0.6905646055237625,0.816121806528083,73749.7677754516,84093.08641885484,65097.479888539696,True,146923.67135475166,189675.0028705404,114018.31627772024,True,2263.6308517623006,796.3438545712863,5786.28746540754,3058.450279295843,899.2969431366766,64621.969629540814,0.9642857142857144
60,56.0,,,,,,,1.350995021273038,1.0,3.443482123932604,1.444798920172109,1.0,3.747825857063522,9,B.1.177,699,8604,22-Jan-21,0.8,1.0,1.0,0.0,17 January 2021 to 23 January 2021,1018700.0,976200.0,1061600.0,modelled weekly estimates,0.9,2021-01-20,444670.6349206349,521321.4285714285,383507.1428571429,True,517768.8311688312,559297.4025974026,476008.4415584415,1011563.958760327,1321651.387267734,780425.8711604308,True,0.0844955834495583,0.5548763567115524,0.4932234281880466,0.6165292852350582,60942.28715539376,71447.30887374768,52559.80627170496,True,102072.52443026636,136133.41235620237,76927.18629703873,True,,,,,,,0.972183588317107
61,57.0,,,,,,,1.0,1.0,2.710514306552569,1.0,1.0,2.681832116657513,9,B.1.177,589,13031,29-Jan-21,0.7,1.0,1.0,0.0,24 January 2021 to 30 January 2021,846900.0,806500.0,886700.0,modelled weekly estimates,0.85,2021-01-27,391424.3697478992,497637.7551020408,316839.28571428574,True,392666.8831168831,431368.8311688312,353894.80519480514,838539.4997137933,1208950.2309479392,596581.1090541973,True,0.0478090706776149,0.5064717132652857,0.4170943521008236,0.595849074429748,31406.670180914345,39928.90083498513,25422.19574420983,True,43621.01849792312,65085.44992175913,29802.300011129584,True,,,,,,,0.9639934533551556
62,58.0,,,,,,,1.0,1.0,3.7127777948515424,1.0,1.0,3.687248351520775,9,B.1.177,130,6147,05-Feb-21,0.7,0.9,1.0,0.0,31 January 2021 to 06 February 2021,695400.0,660200.0,732200.0,modelled weekly estimates,0.8,2021-02-03,341491.07142857136,410928.5714285714,288182.53968253965,True,300966.2337662337,336360.3896103896,266873.37662337656,701048.3682107806,970642.3508559084,512378.193901536,True,0.0240767854237839,0.4899305991428008,0.4286892742499507,0.551171924035651,13425.586832599194,16155.494767786891,11329.782925104,True,17401.565654331836,25340.56636361314,12001.904856289702,True,,,,,,,0.9629629629629628
63,59.0,,,,,,,1.5442002266494204,1.0,4.956298478078183,1.2416604985979682,1.0,4.941590448881124,9,B.1.177,117,8528,12-Feb-21,0.7,0.9,1.0,0.0,06 February 2021 to 12 February 2021,481300.0,451600.0,512400.0,modelled weekly estimates,0.8,2021-02-10,236352.6785714285,287571.4285714286,197126.9841269841,True,193591.5584415584,224012.33766233767,163655.84415584416,464725.8144063352,673945.5226851465,322473.8618334452,True,0.0180581613508442,0.4849174082392745,0.4243027322093651,0.5455320842691838,7041.3554685024665,8567.250700924675,5872.75412346324,True,10960.022449680975,16258.688031378935,7401.063715947636,True,,,,,,,0.9831932773109244
64,45.0,,,,,,,1.0,1.0,5.5752152015432745,1.0,1.0,3.78788223415994,9,Alpha,52,5555,06-Nov-20,1.1,1.3,1.0,0.0,31 October 2020 to 06 November 2020,654000.0,619400.0,689800.0,modelled weekly estimates,1.2000000000000002,2020-11-04,214107.1428571428,246357.14285714284,187181.3186813187,True,366584.4155844156,401561.68831168825,332133.11688311683,521402.9981556544,686765.0345464149,396657.7347542324,True,0.0361836183618361,1.9727362814806628,1.8083415913572745,2.1371309716040514,4712.543416013765,5422.372724547615,4119.900341395803,True,18408.020188382125,23888.168470352863,14234.384114201875,True,,,,,,,0.490566037735849
65,46.0,,,,,,,1.2397912842470165,1.0,5.157065540236609,1.1788449387401407,1.0,4.956891214169168,9,Alpha,189,5999,13-Nov-20,1.1,1.2,1.0,0.0,08 November 2020 to 14 November 2020,664700.0,628300.0,701200.0,modelled weekly estimates,1.15,2020-11-11,227071.4285714286,250428.5714285714,205693.4523809524,True,358063.6363636363,392929.8701298701,323294.80519480514,537603.0103033197,680475.7581173726,422781.1594244532,True,0.0910151691948658,1.807726253273101,1.7291294596525322,1.8863230468936716,13147.447585787831,14499.82737834921,11909.661646699098,True,39643.920150926286,49287.60094250218,31833.81554479546,True,,,,,,,0.6156351791530945
66,47.0,,,,,,,1.0,1.0,4.095792173419832,1.0,1.0,4.295564215735425,9,Alpha,172,3769,20-Nov-20,1.0,1.1,1.0,0.0,15 November 2020 to 21 November 2020,633000.0,599200.0,668200.0,modelled weekly estimates,1.05,2020-11-18,236836.7346938776,262507.14285714284,214000.0,True,314544.1558441558,348251.29870129866,281707.79220779217,530689.5788341098,677385.6611760397,414759.5557213445,True,0.1225789334040859,1.6172013894856492,1.5401917995101422,1.6942109794611566,18849.077328495936,20892.1029138168,17031.574740767628,True,54726.49730560938,69147.02663261979,43256.67541189578,True,,,,,,,0.7078189300411523
67,48.0,,,,,,,1.758559996265098,1.0,6.142193128668147,2.217192363929276,1.0,6.387448322757522,9,Alpha,193,2158,27-Nov-20,0.9,1.0,1.0,0.0,22 November 2020 to 28 November 2020,521300.0,490600.0,552600.0,modelled weekly estimates,0.95,2020-11-25,215575.1879699248,241214.2857142857,192735.7142857143,True,251881.1688311688,283075.32467532466,221014.2857142857,474226.54455434985,621354.9436536491,360008.7772063998,True,0.2261353104726598,1.3456298372202202,1.2748072142086295,1.4164524602318107,34416.37713263095,38509.635107353984,30770.07652063171,True,103403.76643024763,132915.40014669567,80299.53617789486,True,,,,,,,0.75390625
68,49.0,1206.4629898168755,338.82442413168343,3035.0347459405207,2943.5972712327944,296.3022923711571,28733.904657073374,1.0002176589698433,1.0,3.3291791505245563,1.0,1.0,3.55650091205953,9,Alpha,140,1067,04-Dec-20,0.8,1.0,1.0,0.0,29 November 2020 to 05 December 2020,481500.0,450800.0,513600.0,modelled weekly estimates,0.9,2020-12-02,210178.57142857145,252214.28571428568,177100.0,True,272493.50649350643,304081.16883116885,241819.4805194805,515384.15716248064,728330.9268118752,366943.3684319249,True,0.3758200562324273,1.182086314304936,1.0507433904932766,1.3134292381165955,60139.76257023519,72167.71508428222,50674.77563862061,True,178979.09562286563,248952.50801754612,129778.47782262544,True,848.7679325344855,238.3689416001793,2135.200323777251,2070.872452123574,208.45387402995976,20214.80729643353,0.7035175879396985
69,50.0,379.0999765543226,223.66898616705032,710.378076648779,301.67360621556327,193.78413547270745,466.4212086727079,1.0,1.0,6.086136174638526,1.0,1.0,6.790379275521477,9,Alpha,781,4000,11-Dec-20,0.8,1.0,1.0,0.0,06 December 2020 to 12 December 2020,567300.0,533600.0,602300.0,modelled weekly estimates,0.9,2020-12-09,247630.9523809524,295772.3214285714,209628.57142857145,True,344643.50649350643,378305.8441558441,311733.11688311683,639904.5988791514,884948.0982877883,466098.3410908528,True,0.47525,1.092671944024965,0.9712639502444136,1.2140799378055167,96934.8116663302,115779.6874668773,82058.82946349093,True,290890.2456330008,399346.1161189406,213694.1024874842,True,290.55650803623746,171.42833974138009,544.4605278338532,231.2140200729685,148.5234639884048,357.48279094542187,0.7664376840039254
70,51.0,394.544859088194,231.623263742273,743.7213479712327,358.7676454790732,243.77548897262116,989.3721454568148,1.0000020447334663,1.0,7.211302445741046,1.5604645661814311,1.0,8.067355493072142,9,Alpha,1537,5425,18-Dec-20,1.1,1.3,1.0,0.0,12 December 2020 to 18 December 2020,645800.0,610100.0,683100.0,modelled weekly estimates,1.2000000000000002,2020-12-16,211422.619047619,243964.28571428568,184370.8791208791,True,450054.5454545454,487542.8571428571,413481.8181818181,608781.1459728461,802213.1611794269,463502.5652140277,True,0.6442396313364055,1.405961470285697,1.2887980144285556,1.5231249261428383,116253.68094083342,134147.17100822093,101378.90379303308,True,395653.8611595917,516842.1608768739,304211.1313297222,True,306.4251886905276,179.8913372268184,577.6148114359701,278.63864128415133,189.3294222086502,768.400701145591,0.7766548762001011
71,52.0,570.6965319148566,329.2628025429218,1046.5799017502916,617.2521902493318,375.4145010686423,1094.9243415678604,1.0,1.0,2.859802206882379,1.0,1.0,3.273312255727603,9,Alpha,661,2402,,,,,,,,,,,,,,,,,,,,,,,,,,,,,,,,,,,,393.35808925518273,226.9475625452256,721.3652920301802,425.4470258131474,258.75806590862624,754.6871634789946,0.6892596454640251
72,53.0,1014.7134507585264,504.9143720422989,1805.205660991984,1293.156155778761,820.2471687502368,2657.510662532479,1.5148263716965178,1.0,8.726741486992106,1.0,1.0,7.791422177118936,9,Alpha,1607,4639,,,,,,,,,,,,,,,,,,,,,,,,,,,,,,,,,,,,522.140414783526,259.8134472852944,928.9034573212034,665.4184893808739,422.0740314382423,1367.4734661190182,0.5145693243675953
73,54.0,1734.0559939748407,963.8491152666508,2937.7529975729544,1711.3091367097982,1402.648409816126,2229.8057677633137,1.0527267334659869,1.0,2.8850031161445955,1.0,1.0,3.039336055279695,9,Alpha,1906,5290,,,,,,,,,,,,,,,,,,,,,,,,,,,,,,,,,,,,934.7032591957144,519.540840978008,1583.5286236917564,922.4420855681208,756.0655738431947,1201.925846537578,0.5390271493212669
74,55.0,2172.198925813861,1238.8147491436248,3515.636425034804,2221.917097743025,1781.5039337751111,3004.556880234425,1.4401922108226004,1.0,4.690692666035613,1.329149282913904,1.0,4.724896666078116,9,Alpha,3399,8404,15-Jan-21,1.1,1.3,1.0,0.0,10 January 2021 to 16 January 2021,1023700.0,978900.0,1070000.0,modelled weekly estimates,1.2000000000000002,2021-01-13,335139.8809523809,382142.8571428571,295821.4285714286,True,638288.9610389611,680386.3636363636,596752.5974025974,883358.4631370162,1117818.9885163128,701178.2937433774,True,0.831151832460733,1.2806834502440687,1.1739598293903963,1.387407071097741,261003.25678245412,297608.65817282326,230382.47809770983,True,727710.1632796073,917224.94321611,580185.282262226,True,1590.5437632144149,907.0942120506636,2574.2456287577115,1626.9487753615986,1304.4661505604486,2200.019137422837,0.7322274881516587
75,56.0,2532.791783278853,1468.0176031020642,4570.851541075527,2628.4026510294075,1901.9500705976989,3861.8173151939977,1.0,1.0,1.8422287825926809,1.0,1.0,1.7561804507219634,9,Alpha,3906,8604,22-Jan-21,0.8,1.0,1.0,0.0,17 January 2021 to 23 January 2021,1018700.0,976200.0,1061600.0,modelled weekly estimates,0.9,2021-01-20,444670.6349206349,521321.4285714285,383507.1428571429,True,517768.8311688312,559297.4025974026,476008.4415584415,1011563.958760327,1321651.387267734,780425.8711604308,True,0.8929567642956764,0.9432898064096392,0.8384798279196792,1.048099784899599,378849.09152430657,444153.7940585837,326739.2115749732,True,888759.8669352739,1158992.093385487,687152.968649218,True,1713.384950725182,993.0856871694948,3092.0931969935937,1778.0638647247777,1286.6326594656412,2612.445173735323,0.6764807758919293
76,57.0,3300.414250046157,1970.1804665300808,5599.80275271113,3277.2029291256795,2561.593885281977,4467.266590167687,1.0,1.0,2.131490847699669,1.0,1.0,2.1850807833890133,9,Alpha,6142,13031,29-Jan-21,0.7,1.0,1.0,0.0,24 January 2021 to 30 January 2021,846900.0,806500.0,886700.0,modelled weekly estimates,0.85,2021-01-27,391424.3697478992,497637.7551020408,316839.28571428574,True,392666.8831168831,431368.8311688312,353894.80519480514,838539.4997137933,1208950.2309479392,596581.1090541973,True,0.9354615915892872,0.8610019125509857,0.7090603985714,1.0129434265305717,361483.6271412956,459572.5627216213,292603.6881521273,True,791800.2619825596,1139710.4528063564,564388.2520464875,True,2710.046032591377,1617.7604846828551,4598.126805768952,2690.9866832473163,2103.38364216603,3668.175320429136,0.8211229946524065
77,58.0,3775.800782591145,2251.9231740895843,6565.489321772921,3628.554787779428,2835.9671079782147,4814.039866685323,2.83630201358963,1.0,4.091594655962659,2.4947958044178584,1.0,4.071378771760204,9,Alpha,3228,6147,05-Feb-21,0.7,0.9,1.0,0.0,31 January 2021 to 06 February 2021,695400.0,660200.0,732200.0,modelled weekly estimates,0.8,2021-02-03,341491.07142857136,410928.5714285714,288182.53968253965,True,300966.2337662337,336360.3896103896,266873.37662337656,701048.3682107806,970642.3508559084,512378.193901536,True,0.960143159264682,0.8328820185427614,0.7287717662249162,0.9369922708606068,314935.6656836273,378973.49014101137,265772.57084246416,True,654045.5169952579,904605.1470290888,478591.52389508346,True,2988.0571037519526,1782.105419456038,5195.734133533462,2871.530976943367,2244.3005208516,3809.688818254529,0.7913704339298848
78,59.0,3793.1594738129297,2360.646544806417,5966.890069077751,3819.170379886902,2949.4229866582805,4911.638064421641,1.1693025037141085,1.0,2.2475773032446984,1.0173032444863372,1.0,2.290851684280737,9,Alpha,4622,8528,12-Feb-21,0.7,0.9,1.0,0.0,06 February 2021 to 12 February 2021,481300.0,451600.0,512400.0,modelled weekly estimates,0.8,2021-02-10,236352.6785714285,287571.4285714286,197126.9841269841,True,193591.5584415584,224012.33766233767,163655.84415584416,464725.8144063352,673945.5226851465,322473.8618334452,True,0.9704502814258912,0.8243595940067666,0.7213146447559207,0.9274045432576123,222590.7481181309,270827.2223103625,185649.01881505724,True,440432.2252754353,638310.6654047413,305846.2784599106,True,2673.781163331304,1664.009200868577,4206.034146603228,2692.116134792933,2079.0350837783394,3462.191723922041,0.7048955314930608
79,60.0,2919.6099620209143,1828.5349604931089,4480.5400938958965,2947.895016209206,2345.0590491696967,3663.285301066115,1.3906687132728082,1.0,2.926463469337766,1.1786040924525911,1.0,2.977501467427979,9,Alpha,5382,8897,19-Feb-21,0.7,0.9,1.0,0.0,13 February 2021 to 19 February 2021,373700.0,346400.0,401300.0,modelled weekly estimates,0.8,2021-02-17,183513.39285714284,225219.38775510204,151206.3492063492,True,153864.93506493507,180340.90909090903,127338.31168831167,365740.8023780966,548111.1282239906,244118.11093847884,True,0.9770709227829606,0.818773725986426,0.7164270102381226,0.9211204417347292,175194.28815177508,215009.64971232036,144351.8007094815,True,350079.0406384399,524433.2452653777,233779.17897377,True,2647.5721677500524,1658.15925145306,4063.060957935588,2673.2217316323413,2126.555653349841,3321.9547582709065,0.9068239258635216
80,61.0,2523.145724978893,1746.8972138060517,3409.587486208369,2430.5953073317355,1892.688072510452,3343.982508436045,1.0,1.0,2.1159459232014526,1.0,1.0,2.3484598538780763,9,Alpha,4354,7207,26-Feb-21,0.7,0.9,1.0,0.0,21 February 2021 to 27 February 2021,248100.0,224900.0,271700.0,modelled weekly estimates,0.8,2021-02-24,121834.82142857142,152484.69387755104,98170.63492063493,True,98234.41558441558,121735.71428571428,75294.15584415584,237415.5729256969,386273.3264740366,144779.46662005223,True,0.9769668377965868,0.8188609572503905,0.7165033375940916,0.9212185769066892,116286.97562942845,145541.1816825737,93700.35673450115,True,225864.6204736973,367509.2552607489,137717.74928359583,True,2302.132541189879,1593.8789750443311,3110.927056779388,2217.6890125989894,1726.8993855219005,3051.068701117045,0.9124056999161776
81,62.0,2351.82535104056,1608.5806145473605,3457.871090948453,2363.909787619526,1876.683215697289,3003.6518241267945,1.2454927640955629,1.0,3.165225555677601,1.3339457394127354,1.0,3.2173712306194697,9,Alpha,3998,6302,05-Mar-21,0.7,0.9,1.0,0.0,28 February 2021 to 06 March 2021,200600.0,180200.0,222900.0,modelled weekly estimates,0.8,2021-03-03,98508.92857142857,125096.9387755102,78658.73015873016,True,90582.46753246752,111831.81818181816,70498.05194805194,207560.2485804332,348960.13815045747,123079.01004721844,True,0.964297048556014,0.8296198782293895,0.7259173934507158,0.9333223630080631,91600.37898858402,116323.74007437903,73142.29885340796,True,192059.3075412765,323228.5366088082,113738.00011928828,True,2079.760617885459,1422.496194859621,3057.8563639929034,2090.447098186876,1659.5840513952137,2656.182258982288,0.8843176288431763
82,63.0,2419.843690443745,1682.3400402586983,3604.652622292621,2339.1047797083306,1927.7453999159584,2953.040136795696,1.3268912631816687,1.0,2.957745451812221,1.3640024904938532,1.0,2.9974654444339888,9,Alpha,4382,6700,12-Mar-21,0.6,0.8,1.0,0.0,07 March 2021 to 13 March 2021,160200.0,142000.0,179400.0,modelled weekly estimates,0.7,2021-03-10,89908.16326530612,117464.28571428572,69732.14285714286,True,79217.53246753247,98475.97402597402,60375.97402597403,200810.30834583737,356038.57576698606,112108.9105282934,True,0.9638805970149252,0.726100739761233,0.6223720626524855,0.8298294168699807,83545.58883829671,109151.6338567759,64797.3746139723,True,187304.10681764985,332065.589666841,104580.97288244971,True,2001.4637696346715,1391.4711318258996,2981.4246490914047,1934.6842477693287,1594.4470257515532,2442.472985926527,0.8271045677614194
83,64.0,2157.032743081239,1528.2014981095929,3050.34451517513,2151.14849382342,1775.42532014577,2772.709655655327,1.0,1.0,2.690863156193157,1.0,1.0,2.760050675813548,9,Alpha,4803,7055,19-Mar-21,0.7,0.9,1.0,0.0,14 March 2021 to 20 March 2021,162500.0,143200.0,183100.0,modelled weekly estimates,0.8,2021-03-17,79799.10714285713,102760.20408163266,62507.93650793651,True,86043.50649350649,105315.5844155844,67459.0909090909,186679.29143433087,326010.0910214107,105794.77308979626,True,0.9768958185683912,0.8186451928868959,0.7163145437760339,0.9209758419977578,76179.92729518759,98099.65494680508,59672.97416025088,True,179178.7967704512,312626.30757401115,101669.7022807814,True,1996.19041715206,1414.24890085171,2822.891080228545,1990.7449356134653,1643.038114192704,2565.9584732394096,0.9254335260115608
84,65.0,1959.9943145028,1351.577314105521,2896.665858287254,1955.494392552956,1610.1424062273632,2544.1811032916835,1.0,1.0,2.900476493276964,1.0,1.0,3.2247286320025537,9,Alpha,6108,8802,26-Mar-21,0.8,1.0,1.0,0.0,21 March 2021 to 27 March 2021,148100.0,129700.0,167400.0,modelled weekly estimates,0.9,2021-03-24,64646.82539682539,82205.35714285713,50953.57142857143,True,80653.24675324674,99880.51948051946,61938.31168831168,154230.98048874896,270482.5824125522,86187.41841061007,True,0.9835264712565326,0.9149520309643338,0.8132906941905189,1.0166133677381486,62542.81723831689,79529.8855935586,49295.22657818184,True,149236.7043807559,261607.4001636128,83448.19972280301,True,1807.0407959219776,1246.103280687777,2670.6166131952527,1802.892037692597,1484.490538450828,2345.6389704008457,0.9219622641509434
85,66.0,1933.3294395892613,1345.608409537852,2617.970038121432,1930.4622408307887,1641.6323796126642,2343.245065973404,1.5141302347601622,1.0,2.9760390762654696,1.6320208720825646,1.0,3.2186046844728304,9,Alpha,4089,5625,02-Apr-21,0.8,1.0,1.0,0.0,28 March 2021 to 03 April 2021,161900.0,142000.0,183200.0,modelled weekly estimates,0.9,2021-03-31,70670.63492063491,89964.28571428571,55785.71428571429,True,80701.94805194804,100012.987012987,62304.545454545456,158684.2645334179,277384.7950644498,89508.6985783049,True,0.9774222222222222,0.918080301423698,0.8160713790432872,1.020089223804109,67714.71300558222,86201.37338141134,53452.38000070047,True,151104.99284291247,264256.5999635661,85177.95013351287,True,1605.1541276102516,1117.1965048934571,2173.579591041327,1602.7736249252985,1362.97153304288,1945.488137008172,0.830253807106599
86,67.0,1858.7276435469355,1203.379601187269,2569.111267902215,1917.722693939781,1490.9887861860511,2484.647731488792,1.1034289779441866,1.0,1.9638750320588363,1.0868860672022,1.0,2.058095754019044,9,Alpha,2713,3730,09-Apr-21,0.8,1.0,1.0,0.0,04 April 2021 to 10 April 2021,112600.0,96700.0,130100.0,modelled weekly estimates,0.9,2021-04-07,49150.79365079365,63888.39285714285,37989.28571428572,True,46011.03896103896,63185.064935064926,29752.5974025974,97526.03628637064,189720.73034997552,48285.07008029461,True,0.9549597855227882,0.9318376644052022,0.8283001461379577,1.0353751826724469,45333.35562659107,58926.316721997646,35038.73836751528,True,88338.08079490601,172396.1655096343,43526.22996177737,True,1536.0122135068034,994.4468041489675,2123.057834242677,1584.7644436974188,1232.120797113237,2053.2589995519625,0.8263783125190375
87,68.0,1420.1643319805155,972.766370122203,1950.3310601610003,1456.0350732977834,1167.8563764223254,1771.0365065066658,1.0208718324583763,1.0,2.2407092750751314,1.0099376774278523,1.0,2.30441247904365,9,Alpha,2587,3595,16-Apr-21,0.7,1.0,1.0,0.0,10 April 2021 to 16 April 2021,90000.0,75900.0,105700.0,modelled weekly estimates,0.85,2021-04-14,41596.638655462186,59321.42857142857,29817.857142857145,True,36576.62337662337,51097.4025974026,22885.714285714283,82277.33774029091,181791.07853661609,36270.033388406046,True,0.9246175243393602,0.8841598330661166,0.7281316272309196,1.0401880389013136,36975.02722207452,52730.49715503627,26504.932013690413,True,71667.59884345302,158982.447948196,31393.351739321253,True,1214.9355578153418,832.1913358155223,1668.4875835438188,1245.6225974277004,999.0887717607658,1515.1029901893996,0.855489417989418
88,69.0,1069.46940240272,741.8221915021511,1600.8386248294562,1049.6991669809067,873.0367299167904,1402.7149136542746,1.190213172716669,1.0,3.321035826966091,1.488843636885398,1.0,3.373862266230077,9,Alpha,2702,3640,23-Apr-21,0.8,1.0,1.0,0.0,18 April 2021 to 24 April 2021,54200.0,43700.0,66100.0,modelled weekly estimates,0.9,2021-04-21,23658.73015873016,32459.821428571424,17167.857142857145,True,20156.4935064935,31983.11688311688,8964.935064935064,44527.74072540949,108106.4849548247,16484.519796483735,True,0.885989010989011,0.9274966483749824,0.8244414652222066,1.0305518315277582,20339.952143420764,27906.451868360266,14759.599959423222,True,36748.27184213309,90068.43443390509,13371.129223492157,True,1021.8197755629948,708.7707077223523,1529.5141316439854,1002.9303922144306,834.1390538313888,1340.2177145310643,0.9554455445544554
89,70.0,833.8406019076905,528.8458686734162,1455.7985061586887,784.0483197519328,638.071241803099,1037.4756309874597,3.922174444126054,1.46842352603251,8.569649767467364,4.888215343043172,1.3420207041557992,8.776903811473602,9,Alpha,3126,4236,30-Apr-21,0.8,1.1,1.0,0.0,26 April 2021 to 02 May 2021,46100.0,36300.0,56900.0,modelled weekly estimates,0.95,2021-04-28,19063.909774436088,27941.964285714283,12964.285714285714,True,24031.16883116883,34593.506493506495,13950.0,44119.67222113171,113244.8827174961,15848.99887019834,True,0.8264872521246459,0.9616446443632274,0.8098060163058758,1.1134832724205792,15565.28658663317,22814.03379719241,10585.07016249349,True,32087.508137115005,83598.91206873476,11210.751651542,True,810.5055104363931,514.0460775724811,1415.057876322158,762.1066690126063,620.2147704839824,1008.4417980307207,0.9720149253731344
90,71.0,,,,,,,5.033419963698311,2.400893783033129,9.88999935193832,5.33144624937702,2.089728039132596,10.032070301499775,9,Alpha,3195,4713,,,,,,,,,,,,,,,,,,,,,,,,,,,,,,,,,,,,,,,,,,0.9545861965939648
91,72.0,,,,,,,1.6491644601451954,1.0,4.474307604417998,2.4685137362400766,1.0,5.253646502397034,9,Alpha,2802,5161,14-May-21,0.8,1.1,1.0,0.0,09 May 2021 to 15 May 2021,49000.0,38800.0,60300.0,modelled weekly estimates,0.95,2021-05-12,20263.15789473684,29611.607142857138,13857.142857142857,True,27241.55844155844,38012.33766233766,17199.35064935065,49056.7190191601,122328.87645315772,18573.366934073256,True,0.582057740747917,0.9129720665006124,0.7688185823163052,1.0571255506849195,12272.677248871654,17934.70194391869,8392.780767966775,True,23686.14317862883,62167.94509191396,8160.559721807099,True,,,,,,,0.9408999328408328
92,73.0,,,,,,,1.1434181726116424,1.0,3.1440562000607057,1.6285728021684744,1.0,3.8853160638820254,9,Alpha,2298,6649,21-May-21,0.9,1.1,1.0,0.0,16 May 2021 to 22 May 2021,48500.0,38400.0,60200.0,modelled weekly estimates,1.0,2021-05-19,19053.571428571428,26277.777777777777,13714.285714285714,True,34297.4025974026,46143.506493506495,23431.16883116883,55529.82963596472,128553.1943480066,22680.905547155337,True,0.3568957738005715,0.9213119564420028,0.8291807607978026,1.013443152086203,7380.930065127766,10179.427031401863,5312.609456436855,True,14244.341417965628,36248.37628645626,4924.484528795472,True,,,,,,,0.9729043183742592
93,74.0,,,,,,,2.3234278098657315,1.0000002563177004,3.5180648927385128,1.6386217115433728,1.0,3.467940734211731,9,Alpha,940,9438,28-May-21,1.0,1.1,1.0,0.0,23 May 2021 to 29 May 2021,85600.0,71900.0,100900.0,modelled weekly estimates,1.05,2021-05-26,32027.21088435374,39639.28571428572,25678.571428571428,True,58798.051948051936,73379.22077922078,45282.46753246753,91136.90137259018,165957.53762643362,48604.45524917814,True,0.1857385039203221,0.9373008556357404,0.8926674815578479,0.9819342297136328,6663.944141909492,8247.798622834125,5342.974330856596,True,12624.916381405055,24440.257925937887,6094.324098044044,True,,,,,,,0.5509964830011723
94,70.0,,,,,,,1.7718410636451318,1.0,6.681084770606062,1.1202221488748083,1.0,6.918017821971599,9,Delta,93,4236,30-Apr-21,0.8,1.1,1.0,0.0,26 April 2021 to 02 May 2021,46100.0,36300.0,56900.0,modelled weekly estimates,0.95,2021-04-28,19063.909774436088,27941.964285714283,12964.285714285714,True,24031.16883116883,34593.506493506495,13950.0,44119.67222113171,113244.8827174961,15848.99887019834,True,0.1392823418319169,1.1143764408209165,0.938422265954456,1.290330615687377,2263.600167376844,3317.757783285121,1539.3463177280703,True,9613.11910415944,23033.48709276357,3897.373075674408,True,,,,,,,0.3049180327868852
95,71.0,,,,,,,4.53676233236923,1.0,10.126841427030977,4.661155550845761,1.0,9.939683826305393,9,Delta,208,4713,,,,,,,,,,,,,,,,,,,,,,,,,,,,,,,,,,,,,,,,,,0.4219066937119675
96,72.0,,,,,,,1.9228975392009584,1.0,6.183420774247475,2.512295009363012,1.0,8.142903541523314,9,Delta,708,5161,14-May-21,0.8,1.1,1.0,0.0,09 May 2021 to 15 May 2021,49000.0,38800.0,60300.0,modelled weekly estimates,0.95,2021-05-12,20263.15789473684,29611.607142857138,13857.142857142857,True,27241.55844155844,38012.33766233766,17199.35064935065,49056.7190191601,122328.87645315772,18573.366934073256,True,0.3956597558612671,1.057973512356592,0.89092506303713,1.225021961676054,7199.093560824663,10520.410067138797,4923.164910055602,True,23623.80813320193,55352.16312904967,9944.626229866712,True,,,,,,,0.4075993091537133
97,73.0,,,,,,,3.082766645121897,1.0,13.785013880926815,4.403725907402107,1.0,14.693002003207049,9,Delta,1454,6649,21-May-21,0.9,1.1,1.0,0.0,16 May 2021 to 22 May 2021,48500.0,38400.0,60200.0,modelled weekly estimates,1.0,2021-05-19,19053.571428571428,26277.777777777777,13714.285714285714,True,34297.4025974026,46143.506493506495,23431.16883116883,55529.82963596472,128553.1943480066,22680.905547155337,True,0.6286659648067379,1.0676379730533796,0.9608741757480416,1.1744017703587175,11219.46967744099,15473.357951476462,8075.494575702603,True,40261.35489262805,89353.27805444534,17598.38061797362,True,,,,,,,0.3560235063663075
98,74.0,1158.9628239719168,504.7259087545037,2156.807268937138,1446.8201791356237,414.1476943524129,33525.04103606555,7.358236915478589,1.0,18.997970647851947,9.492248554024648,1.0,19.70614687888191,9,Delta,2921,9438,28-May-21,1.0,1.1,1.0,0.0,23 May 2021 to 29 May 2021,85600.0,71900.0,100900.0,modelled weekly estimates,1.05,2021-05-26,32027.21088435374,39639.28571428572,25678.571428571428,True,58798.051948051936,73379.22077922078,45282.46753246753,91136.90137259018,165957.53762643362,48604.45524917814,True,0.8064208518753974,1.0861662856484755,1.0344440815699767,1.1378884897269743,24967.43047275717,30901.570343881525,20018.226035904867,True,77427.92491472785,139361.2491835247,42047.01895208313,True,448.6852761858143,195.4015082136389,834.9945702538607,560.1274676282513,160.33471374465182,12979.01191071537,0.387143803843605
99,75.0,673.7332057193962,379.4421651482049,1217.7460818892166,596.6186339638887,342.183349049463,1563.653200906932,9.190800993895316,1.0,46.92547634915756,10.803874380236742,1.0,47.10134028340176,9,Delta,5536,14458,,,,,,,,,,,,,,,,,,,,,,,,,,,,,,,,,,,,285.56672742229364,160.82932595210644,516.1505481462907,252.8811544004355,145.03690531642502,662.7658004915991,0.4238572850470867
100,76.0,1016.3206774634403,611.5423188116366,1673.4542880857753,813.5974287322684,634.9665838161125,1125.2953120878565,1.0,1.0,24.04828709142845,5.566149517286467,1.0,24.4556086932106,9,Delta,5340,14515,11-Jun-21,1.2,1.4,1.0,0.0,06 June 2021 to 12 June 2021,105000.0,88500.0,124000.0,modelled weekly estimates,1.2999999999999998,2021-06-09,31730.76923076924,40595.2380952381,24834.18367346939,True,65179.87012987013,82764.93506493507,48915.58441558441,83352.45164092469,158148.0771107328,42732.36324124478,True,0.951705132621426,1.3119599221850309,1.2110399281707978,1.412879916199264,29923.04570954504,38282.49974903698,23419.363325735754,True,82032.2041515289,154033.2884366276,42702.12026359375,True,395.536215848318,238.00276819868373,651.2824064119262,316.6394774018157,247.1191281669004,437.94745037163136,0.3891844617739232
101,77.0,1398.5696420543866,983.7031925486856,1927.2931864009536,1271.9425414606042,1037.485315341144,1697.1439319337935,2.4626704206421546,1.0,10.764665933594596,3.775732196069331,1.0,11.10273622207854,9,Delta,4455,11439,18-Jun-21,1.2,1.4,1.0,0.0,13 June 2021 to 19 June 2021,122500.0,103900.0,142500.0,modelled weekly estimates,1.2999999999999998,2021-06-16,37019.23076923077,46651.78571428572,29155.61224489796,True,89553.8961038961,110041.55844155845,69787.01298701299,110929.67108797075,200957.200759946,59405.47140777998,True,0.983302736253169,1.3043625714954854,1.204026989072756,1.4046981539182153,36279.36374157724,45719.40226617131,28572.907641835784,True,109704.56224640136,198321.9829436853,58935.24475785467,True,555.5124603559461,390.7273290660123,765.5216784429608,505.21612180875456,412.0896112557771,674.1062960739167,0.397200427960057
102,78.0,1719.848606701477,1212.8425825736683,2007.9135066625504,1787.2507014758542,1482.9263789045165,2133.8040059517148,1.0,1.0,16.886389082971704,1.0,1.0,17.983287811122736,9,Delta,5277,12596,25-Jun-21,1.2,1.4,1.0,0.0,20 June 2021 to 26 June 2021,211100.0,185200.0,239300.0,modelled weekly estimates,1.2999999999999998,2021-06-23,63793.95604395605,78342.26190476191,51969.38775510204,True,160231.16883116882,187270.12987012987,134061.03896103895,197390.331960888,321657.2226729813,119524.17776585856,True,0.9885677993013656,1.305264376038883,1.204859424035892,1.4056693280418742,62810.29917052601,77134.28062908152,51168.05721153088,True,194660.04595647287,317135.875846417,117905.94014589456,True,731.0222390305029,515.5191549127062,853.464323371589,759.6715224879647,630.318365000333,906.9741231902698,0.4250503423278292
103,79.0,2267.915466463609,1470.4296958754508,2530.743257107721,2321.4632826306392,1891.6523573776756,2824.2069974552696,1.0,1.0,3.6062133842717152,1.0,1.0,4.057525170227345,9,Delta,6148,14095,02-Jul-21,1.1,1.3,1.0,0.0,27 June 2021 to 03 July 2021,332900.0,296700.0,368700.0,modelled weekly estimates,1.2000000000000002,2021-06-30,108985.11904761902,131678.57142857142,89662.08791208791,True,260138.96103896105,295416.2337662337,224707.79220779223,345864.561645485,530899.8651257243,222829.7629870504,True,0.9907768712309328,1.206028590198112,1.1055262076816028,1.3065309727146213,107440.17460779408,129811.9305646588,88391.06168948635,True,340864.04229446355,523196.51527130447,219622.9860525061,True,1005.1286251310746,651.6869788236932,1121.6125681010865,1028.8607455026795,838.3707247086179,1251.6742085030996,0.443194925028835
104,80.0,2840.3901984109093,1836.64102799209,3952.70944124182,2792.696107067952,2272.084763292777,3499.643412282126,1.0,1.0,2.0170489834746768,1.0,1.0,2.0622635386905257,9,Delta,5208,11578,09-Jul-21,1.2,1.5,1.0,0.0,04 July 2021 to 10 July 2021,577700.0,532700.0,625300.0,modelled weekly estimates,1.35,2021-07-07,168113.75661375662,204711.3095238096,139516.66666666666,True,402709.0909090909,448451.29870129866,359327.92207792203,484187.05818956805,708562.4204462656,333282.00374042214,True,0.9892900328208672,1.3620495619032789,1.2107107216918034,1.5133884021147543,164841.9502544711,200727.24672128423,136801.4128622141,True,473533.9384740793,693030.268575469,325916.65363684576,True,1309.7885738732084,846.9299162194798,1822.7121276772973,1287.7954069071982,1047.7260002858848,1613.7898787998329,0.4611298034354524
105,81.0,3229.42495422212,2235.63292086542,4757.992195689202,2998.03289031017,2490.1441223386933,3970.101471218756,1.0,1.0,2.064870068009748,1.0,1.0,3.195148175259557,9,Delta,4611,10305,16-Jul-21,1.2,1.4,1.0,0.0,11 July 2021 to 17 July 2021,741700.0,689600.0,797800.0,modelled weekly estimates,1.2999999999999998,2021-07-14,224140.10989010992,261184.52380952385,193510.20408163263,True,464242.2077922077,517085.0649350649,413281.1688311688,592537.7360697278,820789.4014595327,427828.8123393686,True,0.9820475497331392,1.3232006678398986,1.2214160010829835,1.4249853345968142,216256.7828022527,251998.29189196927,186704.1744318684,True,570891.3688341833,790987.8840736253,412085.75781871896,True,1511.7643110576846,1046.5485683360866,2227.3200014541026,1403.4446352507812,1165.6908170663671,1858.4911557146888,0.4681218274111675
106,82.0,3462.2082618323907,2445.42446955123,5112.67229984522,2916.315862783448,2445.7148569987003,3571.1401241415188,1.0,1.0,4.106025846673633,1.0,1.0,5.212404289861972,9,Delta,6617,14077,23-Jul-21,1.2,1.4,1.0,0.0,18 July 2021 to 24 July 2021,856200.0,798600.0,915000.0,modelled weekly estimates,1.2999999999999998,2021-07-21,258741.75824175827,299553.5714285715,224096.9387755102,True,462861.03896103887,517583.7662337662,408600.0,614109.5676255013,841325.6949677467,446934.6002007361,True,0.9823826099310932,1.3227355464294115,1.2209866582425335,1.4244844346162897,249814.4287265829,289218.117817362,216364.95446271216,True,592726.3165123733,812024.8279422697,431375.7041047593,True,1683.0320355968945,1188.7579867044142,2485.3476791122403,1417.6654469613632,1188.8991484543344,1735.9854688101989,0.4861151924772259
107,83.0,3749.877197189275,2715.149815462229,5532.56334693928,2963.512060820717,2432.0013889335205,3692.28960032162,1.1202880764593075,1.0,3.7002935349369865,1.4278787954428762,1.0,7.101191023137769,9,Delta,7190,14946,30-Jul-21,1.1,1.4,1.0,0.0,25 July 2021 to 31 July 2021,722300.0,671800.0,775900.0,modelled weekly estimates,1.25,2021-07-28,227008.57142857145,277107.14285714284,188515.306122449,True,366231.8181818181,418761.0389610389,315929.22077922075,515571.9511535122,758737.1868814427,352839.0713283716,True,0.98066372273518,1.2743468130877331,1.1214251955172054,1.4272684306582613,218365.86051733184,266557.0701789073,181338.1176889593,True,495741.25314982265,729614.9109665722,339233.8963740783,True,1858.1403892343824,1345.411934746618,2741.497619882386,1468.4804767264616,1205.1061327658176,1829.60456418418,0.4955203308063404
108,84.0,4125.166272320772,3028.949474645662,5954.127749867668,3127.9915257146954,2584.368672031011,3661.260470864951,1.0,1.0,4.064740141295887,1.0,1.0,6.630759323416912,9,Delta,8492,16733,06-Aug-21,0.8,1.1,1.0,0.0,31 July 2021 to 06 August 2021,726700.0,679300.0,777800.0,modelled weekly estimates,0.95,2021-08-04,300515.0375939849,381955.3571428571,242607.14285714284,True,391196.1038961039,440518.8311688312,343291.5584415584,711146.0030029131,1073012.9570215696,480151.6619200378,True,0.9812944480965756,0.9679564021327564,0.8151211807433738,1.1207916235221391,289423.21208394965,367857.6194456984,233652.6621842146,True,683092.5395065548,1030707.6350337296,461204.0460126188,True,2144.3996072813416,1574.5493963449414,3095.155047250015,1626.0347720598186,1343.4414032129866,1903.245832430532,0.5198334965719883
109,85.0,4466.106263836343,3435.472122663183,5865.9405600953805,3226.456192973058,2782.078821424357,3768.8507493678153,1.0,1.0,2.544155666987648,1.0,1.0,3.775392154324624,9,Delta,7926,15570,13-Aug-21,0.8,1.0,1.0,0.0,08 August 2021 to 14 August 2021,698100.0,648800.0,747700.0,modelled weekly estimates,0.9,2021-08-11,304726.1904761905,367174.1071428571,254885.7142857143,True,387253.2467532467,435029.2207792208,339383.7662337662,736574.5784257926,1058776.9526801712,513077.1850019803,True,0.9709698137443802,0.9268025163617906,0.8238244589882583,1.029780573735323,287323.2802755795,346204.79694142257,240329.1932653149,True,692482.0758055056,995826.4998855096,482106.7685904659,True,2357.690039107956,1813.610766233408,3096.6727640412937,1703.2697339486117,1468.6796815378616,1989.6037724450048,0.5279072865325696
110,86.0,4729.66515280417,3580.930580803276,6318.122006667959,3555.319518330677,3043.565129710798,4251.418378416483,1.0,1.0,2.4591814277661115,1.0,1.0,3.869576544470028,9,Delta,8870,17025,20-Aug-21,0.9,1.2,1.0,0.0,14 August 2021 to 20 August 2021,756900.0,710100.0,806200.0,modelled weekly estimates,1.05,2021-08-18,283193.8775510204,351912.6984126984,232473.21428571432,True,427425.974025974,476816.8831168831,380191.5584415584,693344.9516277141,1011899.4835286211,482720.68945206434,True,0.971395007342144,1.0809197000846535,0.92650260007256,1.2353368000967466,267224.0821204836,332067.72912289976,219363.64529599156,True,652943.4740299793,952940.3909472856,454588.20989805984,True,2550.436494946379,1930.989984298441,3406.999951312833,1917.1794107601136,1641.2196911991475,2292.5455052923708,0.5392425071432914
111,87.0,5051.650899345499,3950.671731697079,6500.396982049638,3718.9458208163664,3151.5139952658565,4332.577946003706,1.0,1.0,1.0600588637146884,1.0,1.0,1.7573664580357202,9,Delta,10005,18431,27-Aug-21,1.0,1.1,1.0,0.0,21 August 2021 to 27 August 2021,766100.0,714400.0,821800.0,modelled weekly estimates,1.05,2021-08-25,286636.0544217687,322850.0,255142.8571428572,True,417379.8701298701,469404.5454545454,367772.7272727272,684040.2281823548,916818.3570742316,508942.8309168431,True,0.9640279963105636,1.0890741996597193,1.037213523485447,1.1409348758339917,266411.0860086182,300069.7846312186,237140.04086433613,True,633952.3020747154,849946.8740346548,471505.68261464016,True,2852.083248572412,2230.487595261513,3670.022673969111,2099.6587628953075,1779.2956110058626,2446.105882837711,0.5645843914000338
112,88.0,5961.277892245218,4485.962798175505,8015.921200041052,4647.241289837606,3966.709769039385,5491.926589743117,1.0,1.0,1.3830692578902677,1.0,1.0,2.506040211347992,9,Delta,10853,19586,03-Sep-21,0.9,1.1,1.0,0.0,28 August 2021 to 03 September 2021,754600.0,704000.0,808800.0,modelled weekly estimates,1.0,2021-09-01,296450.0,353047.61904761905,251428.5714285714,True,396814.2857142857,447463.6363636363,347314.2857142857,690209.7341456366,978545.5878283646,488051.84371332254,True,0.9612988869600736,1.040211512404274,0.9361903611638466,1.1442326636447016,273960.68168928195,326264.6867365951,232354.67304683325,True,635803.9144984756,901565.6825847352,449493.4589081608,True,3444.1175919370426,2591.7569469576124,4631.184071548871,2684.9353057549924,2291.759442288232,3172.950720174716,0.5777482033537397
113,89.0,6527.773337064687,4671.049839416825,9686.9924128538,5283.886819033481,4507.699736879716,6097.72449899808,1.0,1.0,2.7294668043275823,1.0,1.0,3.077313226232701,9,Delta,11789,21223,10-Sep-21,0.9,1.1,1.0,0.0,05 September 2021 to 11 September 2021,697100.0,650600.0,743800.0,modelled weekly estimates,1.0,2021-09-08,273860.7142857143,324674.60317460314,232357.14285714284,True,351414.935064935,397116.2337662337,305222.72727272724,619567.7633664198,873344.5303959105,438672.5915045684,True,0.9524101210950384,1.0499230186048625,0.9449307167443762,1.1549153204653488,248425.5620975133,294520.04827639967,210776.68614212403,True,558315.4074131139,787374.6054553738,395072.4947460017,True,3816.6899702750384,2731.091928625946,5663.837402922851,3089.40840696254,2635.5836035349384,3565.246943346147,0.5846848187273719
114,90.0,6647.558121757938,4596.747995688429,9942.21751993666,5592.35422176045,4569.866089777717,6675.005523682931,1.0,1.0,1.436957512508709,1.0,1.0,1.0,9,Delta,13121,22706,17-Sep-21,0.9,1.0,1.0,0.0,12 September 2021 to 18 September 2021,620100.0,577100.0,663900.0,modelled weekly estimates,0.95,2021-09-15,256432.3308270677,289797.61904761905,226717.8571428572,True,330029.22077922075,372841.5584415584,287803.2467532467,602025.1946971822,812984.1633590875,442656.69790455664,True,0.93838632960451,1.012376214389637,0.9590932557375508,1.065659173041723,225806.33640106628,255186.77166735567,199640.694888248,True,525974.2500820343,710825.6369588345,386386.9856046996,True,4101.505225034605,2836.1671424540527,6134.291172721196,3450.4504722899874,2819.5811607247924,4118.440114560507,0.6169942631430453
115,91.0,6844.767556287424,4797.220599318258,9653.261739848103,5810.360789654305,4937.9121009759465,7133.907723020808,1.0,1.0,1.90199623464637,1.0,1.0,1.262167678638335,9,Delta,12364,21259,24-Sep-21,0.8,1.0,1.0,0.0,19 September 2021 to 25 September 2021,658800.0,617900.0,700600.0,modelled weekly estimates,0.9,2021-09-22,287571.4285714286,344044.64285714284,242746.42857142852,True,394959.74025974027,437474.025974026,352829.22077922075,735735.5781624977,1029360.4904980584,528397.4664991724,True,0.9284538313185005,0.9691840405896942,0.8614969249686172,1.0768711562107711,247937.54860550768,296627.47020665754,209290.4525728732,True,629535.7581380291,881177.9896040618,451886.7520047293,True,4301.331947442832,3014.629503937532,6066.222523582312,3651.298643114909,3103.041688257515,4483.031008255617,0.6284116899618806
116,92.0,6187.96850071811,4545.742632838526,8522.751184757195,5279.326669183934,4481.096003974354,6297.417024268091,1.000000141667302,1.0,2.6724741291112712,1.0,1.0,3.355022287643409,9,Delta,13270,22189,01-Oct-21,0.8,1.1,1.0,0.0,26 September 2021 to 02 October 2021,786300.0,737600.0,835300.0,modelled weekly estimates,0.95,2021-09-29,325161.6541353383,410191.9642857143,263428.5714285714,True,478433.7662337662,524918.1818181818,432134.4155844156,841242.1024886862,1231802.01495901,585024.4578520183,True,0.9142818513677948,1.0390668901266822,0.875003696948785,1.2031300833045795,271806.3022346955,342884.0996499572,220202.92058536044,True,698323.0225338317,1023044.2800071344,485347.5098074592,True,4057.634135718205,2980.778017382381,5588.6202609936245,3461.810787175511,2938.387309025037,4129.402772744852,0.6557296041903444
117,93.0,7085.325394936184,4965.999002474607,10738.770617418191,5594.685173541389,4722.913298618463,6702.011478655086,1.1544480711217655,1.0,4.803985939904143,1.0,1.0,5.39524653105067,9,Delta,12485,20653,08-Oct-21,0.9,1.1,1.0,0.0,03 October 2021 to 09 October 2021,890000.0,839700.0,941300.0,modelled weekly estimates,1.0,2021-10-06,349642.8571428572,410884.9206349206,299892.8571428571,True,526511.6883116883,575836.3636363636,477582.46753246745,885696.5888587448,1196512.4640388128,658372.5771609272,True,0.9036943785406478,1.1064664789124616,0.9958198310212152,1.217113126803708,285566.97425434506,335585.75888341456,244934.206620402,True,719428.7892305058,972280.2967869788,534539.3123218624,True,4751.841832605192,3330.4951410558374,7202.060118095516,3752.1295870038807,3167.4673685674425,4494.768656586202,0.6706596476149549
118,94.0,6996.9419078464425,5178.7794161141865,9930.669010373957,5260.240042533887,4727.668647544286,6028.807003608986,1.019149482680221,1.0,4.2140157052226215,1.0,1.0,4.467067364846098,9,Delta,12517,19816,15-Oct-21,0.9,1.1,1.0,0.0,10 October 2021 to 16 October 2021,977900.0,926600.0,1028800.0,modelled weekly estimates,1.0,2021-10-13,384175.0,449079.3650793651,330928.5714285714,True,579000.0,630056.4935064934,527403.8961038961,973781.7812951952,1296335.7044586649,733908.8986771376,True,0.8954884941461445,1.1166546288761088,1.004989165988498,1.2283200917637198,308084.77692413173,360134.09516940685,265384.4084242676,True,774839.5956271755,1031830.015893179,583753.8754446806,True,4950.860478265344,3664.374333041338,7026.692142614516,3722.013827721689,3345.179675597051,4265.832519173187,0.7075749010740532
119,95.0,6262.332265275001,4545.173096596705,9234.69604380776,4832.0424760301,4153.430702144074,5481.446978547125,2.184128772338294,1.0,6.905493566058707,1.0,1.0,7.840655249851318,9,Delta,15118,22494,22-Oct-21,1.0,1.2,1.0,0.0,16 October 2021 to 22 October 2021,1102800.0,1043900.0,1161200.0,modelled weekly estimates,1.1,2021-10-20,393857.1428571429,456185.7142857143,341752.9761904762,True,628398.7012987012,684124.6753246753,572378.5714285714,970597.227634304,1281508.0375440756,736510.27634208,True,0.8791233217746954,1.2512465233881165,1.137496839443742,1.3649962073324906,304395.57080667105,352566.6943260583,264126.4584101018,True,743505.6561739941,982212.011365702,563834.1098789818,True,4815.316575272238,3494.9355004500785,7100.866425425244,3715.518953899754,3193.711680739235,4214.867779953992,0.7689334214943289
120,96.0,6645.547873280375,5190.844956771645,8632.038269728675,5128.952688542153,4485.57627466227,5993.8223272976575,1.0,1.0,1.4107903169100766,1.0,1.0,2.936161310892348,9,Delta,12783,19166,29-Oct-21,1.1,1.3,1.0,0.0,24 October 2021 to 30 October 2021,1103300.0,1042700.0,1163400.0,modelled weekly estimates,1.2000000000000002,2021-10-27,361199.4047619047,415500.0,315101.6483516484,True,563785.7142857142,619838.9610389611,507459.7402597402,824661.3667258669,1089185.0800008608,624187.617563328,True,0.8651257435041219,1.3870815994210244,1.2714914661359389,1.5026717327061094,270337.0043074506,310977.880386564,235835.48185489303,True,610961.5242049891,807433.0386149086,462111.4494303709,True,5146.927504643625,4020.270892602965,6685.449572974349,3972.3357902232256,3474.045532808713,4642.170906382669,0.7744925780066646
121,97.0,7346.942155706107,5682.340655076406,9709.24904892921,5381.462164722463,4708.281064477589,6196.72066959588,1.0,1.0,3.9080540561908177,1.0,1.0,5.211812724668354,9,Delta,17707,26439,05-Nov-21,0.9,1.1,1.0,0.0,31 October 2021 to 06 November 2021,925400.0,875200.0,975100.0,modelled weekly estimates,1.0,2021-11-03,363550.0,425638.8888888889,312571.4285714285,True,445106.4935064935,495658.4415584415,394260.3896103896,797383.7003372329,1078866.06995814,590243.3745951925,True,0.8448882332917281,1.1835427821946956,1.065188503975226,1.3018970604141653,259525.1492672103,303848.153411686,223133.3974877325,True,561572.4561490936,760618.4747453644,415178.78910516895,True,5841.331990080735,4517.857571704814,7719.53091057382,4278.63816401332,3743.412186642031,4926.825598156089,0.7950698217412779
122,98.0,8399.68703802471,6749.174325341524,10833.3821251596,5812.110481261938,5216.624775847416,6710.7718663873775,1.0,1.0,9.994563147522314,1.0,1.0,10.336815776325649,9,Delta,20538,30032,12-Nov-21,0.8,1.0,1.0,0.0,07 November 2021 to 13 November 2021,824900.0,775500.0,873700.0,modelled weekly estimates,0.9,2021-11-10,360075.3968253968,429049.1071428571,304660.7142857143,True,436424.025974026,484727.922077922,388435.7142857143,841868.3401495793,1168519.7691748615,609158.4973956309,True,0.8277836973894512,1.0872405470635558,0.966436041834272,1.20804505229284,246732.96973269476,293995.53898943786,208761.39680559371,True,567878.4836020278,788969.279226759,410437.39797761367,True,6950.274863500724,5584.567192855414,8964.022484449775,4809.19886645009,4316.467493104799,5552.791289305989,0.8274445026388945
123,99.0,8270.35491267736,6643.798807012136,10648.247671063564,6479.545079661208,5576.449678859493,7272.917870202013,1.000000001733413,1.0,2.8618225401844706,1.0,1.0,3.0321825333538226,9,Delta,18809,27561,19-Nov-21,0.8,1.0,1.0,0.0,14 November 2021 to 20 November 2021,862300.0,813800.0,913300.0,modelled weekly estimates,0.9,2021-11-17,376400.7936507936,448495.5357142857,319707.14285714284,True,486202.59740259737,535877.922077922,438276.6233766233,920528.6989583536,1267273.6340656555,674346.3491447136,True,0.8019302637785276,1.1222921002624198,0.9975929780110396,1.2469912225137996,242060.39488420516,288423.9574147195,205601.1532194011,True,581050.2085888543,800897.5246596532,425078.75699760375,True,7046.116118700387,5660.334817280032,9072.01569257755,5520.395135360223,4750.982561474304,6196.327047181667,0.8519726412103094
124,100.0,8336.654825131016,6574.171983250838,10756.089088162118,7025.824558363842,5902.972214259746,8466.825385475175,1.0,1.0,1.0000072574836192,1.0,1.0,1.0,9,Delta,23646,35467,26-Nov-21,1.0,1.1,1.0,0.0,21 November 2021 to 27 November 2021,898900.0,847500.0,951500.0,modelled weekly estimates,1.05,2021-11-24,336323.12925170065,373803.5714285714,302678.5714285714,True,496566.2337662337,546300.0,446994.15584415576,810536.6160075802,1039926.390223346,628974.9716667942,True,0.7735641582315955,1.3573534771832632,1.2927175973173934,1.4219893570491329,201256.26734972844,223684.6204276671,181123.31324936496,True,475347.5693390404,610702.495654572,368286.2184162895,True,7237.793361545308,5707.624861064375,9338.319965438444,6099.744731497702,5124.896496489424,7350.806031169995,0.8681891614040241
125,101.0,7761.342438977645,4709.685601144741,12862.207097976292,6886.483106349671,5265.41595598688,9467.280844134952,1.0,1.0,1.6463446811000566,1.0,1.0,1.686557820627835,9,Delta,25713,39290,03-Dec-21,0.9,1.1,1.0,0.0,25 November 2021 to 01 December 2021,891500.0,842000.0,941200.0,modelled weekly estimates,1.0,2021-12-01,350232.14285714284,410841.2698412698,300714.2857142857,True,,,,,,,False,0.7443369814202087,1.3434775175243632,1.2091297657719269,1.4778252692767997,194041.75552635515,227621.48725793665,166607.0036742885,True,,,,False,6930.867477024109,4205.742372099559,11485.932177198874,6149.61936908971,4702.0087683646125,8454.267984484337,0.8929985413627839
126,102.0,9331.21624145456,5287.375655410058,16398.1826126552,8441.245673747913,4693.150069627282,33708.673757522374,1.0,1.0,1.691630223988324,1.0,1.0,1.5289548934512622,9,Delta,21359,37973,,,,,,,,,,,,,,,,,,,,,,,,,,,,,,,,,,,,8344.377127955953,4728.199984253859,14663.964095612411,7548.526956063708,4196.81776584338,30143.75393707014,0.8942432489009838
127,103.0,,,,,,,1.0,1.0,1.881803510480716,1.0,1.0,1.189249145275617,9,Delta,11119,43672,,,,,,,,,,,,,,,,,,,,,,,,,,,,,,,,,,,,,,,,,,0.8766853268154222
128,104.0,,,,,,,1.0,1.0,1.7546550670411372,1.0,1.0,1.5287900748188332,9,Delta,2265,21372,,,,,,,,,,,,,,,,,,,,,,,,,,,,,,,,,,,,,,,,,,0.893843725335438
129,105.0,,,,,,,1.06746294459643,1.0,1.99379255720006,1.0953123648014325,1.0,2.041946906707895,9,Delta,845,32105,,,,,,,,,,,,,,,,,,,,,,,,,,,,,,,,,,,,,,,,,,0.9145021645021644
130,106.0,,,,,,,1.4284805286293378,1.0,2.3640874255847013,1.416588589515159,1.0,2.4813946905708537,9,Delta,295,28597,,,,,,,,,,,,,,,,,,,,,,,,,,,,,,,,,,,,,,,,,,0.9190031152647976
