,lineage,0.0,1.0,2.0,3.0,4.0,5.0,6.0,7.0,8.0,9.0,10.0,11.0,12.0,13.0,14.0,15.0,16.0,17.0,18.0,19.0,20.0,21.0,22.0,23.0,24.0,25.0,26.0,27.0,28.0,29.0
0,0,4.0,3.0,9.0,14.0,8.0,13.0,15.0,15.0,23.0,40.0,16.0,18.0,35.0,42.0,39.0,76.0,107.0,114.0,107.0,109.0,57.0,62.0,122.0,120.0,182.0,172.0,162.0,91.0,159.0,104.0
1,1,0.0,0.0,1.0,0.0,0.0,0.0,0.0,0.0,0.0,0.0,0.0,0.0,0.0,0.0,0.0,0.0,0.0,0.0,0.0,0.0,0.0,0.0,0.0,0.0,0.0,0.0,0.0,0.0,0.0,0.0
2,2,0.0,1.0,6.0,2.0,2.0,5.0,6.0,6.0,10.0,13.0,2.0,0.0,4.0,7.0,3.0,8.0,12.0,27.0,43.0,39.0,43.0,50.0,86.0,91.0,107.0,150.0,71.0,48.0,59.0,36.0
3,3,0.0,1.0,2.0,3.0,0.0,0.0,1.0,0.0,0.0,0.0,0.0,0.0,0.0,0.0,0.0,0.0,0.0,0.0,0.0,0.0,0.0,0.0,0.0,0.0,0.0,0.0,0.0,0.0,0.0,0.0
4,4,1.0,2.0,9.0,15.0,5.0,18.0,12.0,27.0,16.0,23.0,5.0,20.0,47.0,32.0,40.0,42.0,52.0,87.0,57.0,74.0,56.0,73.0,127.0,111.0,110.0,129.0,104.0,79.0,57.0,56.0
5,5,0.0,0.0,3.0,6.0,5.0,4.0,4.0,10.0,8.0,23.0,13.0,32.0,36.0,43.0,45.0,48.0,75.0,89.0,103.0,117.0,92.0,88.0,120.0,88.0,89.0,33.0,40.0,38.0,44.0,33.0
6,7,0.0,2.0,5.0,4.0,0.0,0.0,1.0,1.0,0.0,1.0,0.0,0.0,3.0,8.0,4.0,15.0,9.0,8.0,27.0,40.0,39.0,36.0,89.0,95.0,70.0,82.0,43.0,26.0,17.0,15.0
7,8,2.0,2.0,8.0,6.0,8.0,15.0,8.0,10.0,14.0,15.0,1.0,9.0,15.0,8.0,4.0,3.0,5.0,4.0,15.0,9.0,5.0,1.0,0.0,0.0,0.0,0.0,0.0,0.0,0.0,0.0
8,9,1.0,3.0,2.0,7.0,3.0,8.0,6.0,7.0,1.0,31.0,11.0,25.0,41.0,26.0,17.0,16.0,36.0,23.0,20.0,48.0,25.0,35.0,57.0,37.0,43.0,68.0,68.0,29.0,45.0,25.0
9,10,0.0,6.0,3.0,4.0,4.0,17.0,17.0,12.0,12.0,57.0,21.0,52.0,89.0,75.0,63.0,86.0,130.0,164.0,224.0,256.0,163.0,123.0,246.0,271.0,281.0,285.0,286.0,146.0,184.0,180.0
10,11,2.0,3.0,6.0,6.0,8.0,7.0,9.0,18.0,15.0,12.0,1.0,0.0,2.0,0.0,0.0,0.0,0.0,0.0,0.0,0.0,0.0,0.0,0.0,0.0,0.0,0.0,0.0,0.0,0.0,0.0
11,12,0.0,0.0,0.0,2.0,0.0,0.0,0.0,0.0,0.0,0.0,0.0,0.0,0.0,0.0,0.0,0.0,0.0,0.0,0.0,0.0,0.0,0.0,0.0,0.0,0.0,0.0,0.0,0.0,0.0,0.0
12,13,1.0,0.0,0.0,0.0,0.0,0.0,0.0,0.0,0.0,0.0,0.0,0.0,0.0,0.0,0.0,0.0,0.0,0.0,0.0,0.0,0.0,0.0,0.0,0.0,0.0,0.0,0.0,0.0,0.0,0.0
13,14,1.0,2.0,3.0,3.0,3.0,2.0,3.0,9.0,10.0,22.0,7.0,14.0,19.0,22.0,6.0,19.0,21.0,18.0,18.0,24.0,23.0,10.0,13.0,14.0,24.0,23.0,27.0,12.0,26.0,31.0
14,15,1.0,0.0,0.0,0.0,2.0,3.0,4.0,5.0,0.0,12.0,3.0,5.0,6.0,0.0,0.0,0.0,0.0,0.0,0.0,0.0,0.0,0.0,0.0,0.0,0.0,0.0,0.0,0.0,0.0,0.0
15,16,0.0,3.0,2.0,9.0,2.0,10.0,5.0,12.0,20.0,58.0,21.0,36.0,47.0,55.0,34.0,56.0,65.0,50.0,68.0,42.0,21.0,12.0,49.0,30.0,46.0,50.0,50.0,43.0,56.0,27.0
16,17,1.0,2.0,15.0,27.0,20.0,14.0,22.0,42.0,37.0,66.0,40.0,74.0,70.0,61.0,52.0,71.0,85.0,112.0,69.0,61.0,49.0,42.0,52.0,99.0,108.0,100.0,79.0,54.0,111.0,21.0
17,18,0.0,0.0,1.0,0.0,0.0,0.0,0.0,0.0,0.0,0.0,0.0,0.0,0.0,0.0,0.0,0.0,0.0,0.0,0.0,0.0,0.0,0.0,0.0,0.0,0.0,0.0,0.0,0.0,0.0,0.0
18,19,0.0,1.0,1.0,2.0,0.0,2.0,2.0,2.0,10.0,11.0,1.0,3.0,4.0,0.0,2.0,7.0,8.0,0.0,0.0,0.0,0.0,0.0,0.0,0.0,0.0,0.0,0.0,0.0,0.0,0.0
19,20,0.0,0.0,4.0,2.0,0.0,1.0,0.0,3.0,1.0,0.0,0.0,0.0,0.0,0.0,0.0,0.0,0.0,0.0,0.0,0.0,0.0,0.0,0.0,0.0,0.0,0.0,0.0,0.0,0.0,0.0
20,21,1.0,4.0,2.0,1.0,0.0,1.0,2.0,7.0,0.0,0.0,0.0,0.0,0.0,0.0,0.0,0.0,0.0,0.0,0.0,0.0,0.0,0.0,0.0,0.0,0.0,0.0,0.0,0.0,0.0,0.0
21,22,1.0,2.0,1.0,2.0,1.0,1.0,2.0,0.0,0.0,0.0,0.0,0.0,0.0,0.0,0.0,0.0,0.0,0.0,0.0,0.0,0.0,0.0,0.0,0.0,0.0,0.0,0.0,0.0,0.0,0.0
22,23,2.0,0.0,0.0,0.0,0.0,0.0,0.0,0.0,0.0,0.0,0.0,0.0,0.0,0.0,0.0,0.0,0.0,0.0,0.0,0.0,0.0,0.0,0.0,0.0,0.0,0.0,0.0,0.0,0.0,0.0
23,24,0.0,1.0,7.0,10.0,3.0,11.0,6.0,29.0,16.0,67.0,11.0,38.0,54.0,25.0,36.0,22.0,30.0,30.0,42.0,32.0,21.0,16.0,11.0,12.0,6.0,12.0,9.0,5.0,0.0,0.0
24,25,0.0,7.0,8.0,10.0,6.0,15.0,9.0,17.0,15.0,53.0,20.0,54.0,45.0,43.0,24.0,22.0,35.0,46.0,63.0,57.0,49.0,82.0,83.0,108.0,128.0,135.0,42.0,49.0,76.0,63.0
25,26,0.0,2.0,2.0,5.0,1.0,12.0,4.0,8.0,16.0,36.0,2.0,7.0,6.0,1.0,2.0,7.0,13.0,4.0,6.0,1.0,0.0,0.0,0.0,0.0,0.0,0.0,0.0,0.0,0.0,0.0
26,27,4.0,4.0,3.0,4.0,3.0,5.0,0.0,7.0,5.0,16.0,11.0,1.0,13.0,8.0,5.0,10.0,8.0,8.0,11.0,4.0,1.0,5.0,16.0,4.0,12.0,13.0,4.0,14.0,15.0,13.0
27,28,1.0,0.0,1.0,2.0,1.0,1.0,0.0,0.0,0.0,0.0,0.0,0.0,0.0,0.0,0.0,0.0,0.0,0.0,0.0,0.0,0.0,0.0,0.0,0.0,0.0,0.0,0.0,0.0,0.0,0.0
28,29,0.0,0.0,3.0,3.0,8.0,10.0,8.0,28.0,15.0,40.0,11.0,23.0,17.0,12.0,10.0,10.0,19.0,18.0,15.0,5.0,22.0,11.0,26.0,17.0,35.0,28.0,36.0,23.0,25.0,32.0
29,30,0.0,2.0,2.0,6.0,3.0,3.0,4.0,7.0,2.0,20.0,9.0,16.0,28.0,22.0,5.0,21.0,30.0,39.0,60.0,73.0,45.0,58.0,94.0,57.0,64.0,80.0,67.0,43.0,81.0,45.0
30,31,0.0,0.0,4.0,7.0,2.0,1.0,6.0,8.0,13.0,44.0,14.0,40.0,48.0,44.0,35.0,30.0,76.0,86.0,105.0,95.0,40.0,47.0,104.0,80.0,88.0,129.0,110.0,75.0,144.0,74.0
31,32,1.0,1.0,1.0,4.0,1.0,5.0,7.0,7.0,8.0,12.0,6.0,27.0,30.0,29.0,20.0,27.0,50.0,32.0,24.0,28.0,17.0,10.0,3.0,0.0,0.0,0.0,0.0,0.0,0.0,0.0
32,33,1.0,3.0,2.0,0.0,2.0,1.0,1.0,3.0,0.0,2.0,2.0,11.0,5.0,3.0,0.0,0.0,0.0,0.0,0.0,0.0,0.0,0.0,0.0,0.0,0.0,0.0,0.0,0.0,0.0,0.0
33,34,2.0,9.0,9.0,19.0,14.0,40.0,25.0,74.0,35.0,90.0,33.0,55.0,80.0,53.0,28.0,51.0,62.0,52.0,24.0,78.0,32.0,31.0,66.0,53.0,71.0,41.0,38.0,31.0,72.0,33.0
34,35,0.0,2.0,4.0,5.0,3.0,9.0,9.0,14.0,4.0,19.0,2.0,20.0,18.0,7.0,5.0,8.0,7.0,2.0,0.0,0.0,0.0,0.0,0.0,0.0,0.0,0.0,0.0,0.0,0.0,0.0
35,36,0.0,2.0,0.0,6.0,0.0,3.0,0.0,0.0,0.0,0.0,0.0,0.0,0.0,0.0,0.0,0.0,0.0,0.0,0.0,0.0,0.0,0.0,0.0,0.0,0.0,0.0,0.0,0.0,0.0,0.0
36,37,0.0,0.0,1.0,0.0,0.0,0.0,0.0,0.0,0.0,0.0,0.0,0.0,0.0,0.0,0.0,0.0,0.0,0.0,0.0,0.0,0.0,0.0,0.0,0.0,0.0,0.0,0.0,0.0,0.0,0.0
37,38,0.0,1.0,1.0,0.0,0.0,0.0,0.0,0.0,0.0,0.0,0.0,0.0,0.0,0.0,0.0,0.0,0.0,0.0,0.0,0.0,0.0,0.0,0.0,0.0,0.0,0.0,0.0,0.0,0.0,0.0
38,39,1.0,1.0,3.0,3.0,4.0,6.0,8.0,4.0,2.0,10.0,6.0,9.0,11.0,8.0,2.0,11.0,9.0,16.0,9.0,19.0,12.0,20.0,29.0,19.0,20.0,15.0,6.0,0.0,0.0,0.0
39,40,2.0,3.0,9.0,10.0,19.0,19.0,18.0,50.0,22.0,102.0,37.0,75.0,91.0,72.0,68.0,53.0,102.0,100.0,108.0,168.0,115.0,136.0,190.0,123.0,153.0,134.0,124.0,70.0,62.0,42.0
40,41,3.0,5.0,2.0,12.0,9.0,19.0,19.0,19.0,6.0,48.0,27.0,28.0,32.0,28.0,34.0,24.0,39.0,54.0,63.0,97.0,58.0,57.0,90.0,93.0,80.0,98.0,110.0,77.0,116.0,76.0
41,42,0.0,1.0,4.0,8.0,12.0,22.0,9.0,20.0,1.0,17.0,5.0,13.0,13.0,3.0,5.0,2.0,1.0,0.0,4.0,6.0,3.0,0.0,0.0,0.0,0.0,0.0,0.0,0.0,0.0,0.0
42,43,3.0,13.0,8.0,14.0,11.0,17.0,21.0,53.0,59.0,85.0,27.0,87.0,93.0,95.0,73.0,111.0,151.0,183.0,165.0,180.0,158.0,167.0,263.0,167.0,189.0,254.0,187.0,110.0,201.0,130.0
43,44,0.0,1.0,0.0,0.0,0.0,0.0,0.0,0.0,0.0,0.0,0.0,0.0,0.0,0.0,0.0,0.0,0.0,0.0,0.0,0.0,0.0,0.0,0.0,0.0,0.0,0.0,0.0,0.0,0.0,0.0
44,45,2.0,1.0,1.0,11.0,11.0,19.0,11.0,28.0,8.0,75.0,11.0,46.0,41.0,20.0,15.0,21.0,23.0,10.0,13.0,40.0,29.0,15.0,7.0,17.0,21.0,36.0,21.0,21.0,44.0,32.0
45,46,0.0,6.0,1.0,0.0,0.0,0.0,0.0,0.0,0.0,0.0,0.0,0.0,0.0,0.0,0.0,0.0,0.0,0.0,0.0,0.0,0.0,0.0,0.0,0.0,0.0,0.0,0.0,0.0,0.0,0.0
46,47,0.0,0.0,0.0,1.0,1.0,1.0,0.0,1.0,0.0,11.0,10.0,5.0,3.0,6.0,4.0,1.0,2.0,0.0,0.0,0.0,0.0,0.0,0.0,0.0,0.0,0.0,0.0,0.0,0.0,0.0
47,48,0.0,1.0,2.0,5.0,4.0,6.0,7.0,20.0,18.0,50.0,15.0,27.0,62.0,41.0,21.0,58.0,108.0,72.0,69.0,114.0,119.0,74.0,112.0,109.0,114.0,107.0,86.0,66.0,113.0,70.0
48,49,3.0,5.0,12.0,12.0,14.0,12.0,11.0,22.0,9.0,76.0,25.0,57.0,108.0,94.0,76.0,118.0,134.0,120.0,140.0,140.0,116.0,131.0,152.0,152.0,205.0,224.0,242.0,141.0,203.0,183.0
49,50,2.0,0.0,14.0,8.0,5.0,13.0,7.0,16.0,50.0,67.0,18.0,71.0,89.0,72.0,71.0,81.0,105.0,134.0,171.0,192.0,181.0,216.0,314.0,256.0,306.0,389.0,329.0,159.0,207.0,144.0
50,51,1.0,1.0,0.0,3.0,5.0,14.0,7.0,7.0,22.0,19.0,11.0,16.0,38.0,43.0,26.0,27.0,48.0,55.0,52.0,88.0,69.0,67.0,110.0,81.0,135.0,126.0,176.0,67.0,119.0,69.0
51,52,2.0,3.0,5.0,4.0,2.0,3.0,5.0,4.0,6.0,9.0,3.0,18.0,20.0,20.0,16.0,27.0,33.0,58.0,59.0,77.0,38.0,34.0,54.0,47.0,72.0,76.0,73.0,21.0,53.0,28.0
52,53,0.0,1.0,0.0,0.0,0.0,0.0,0.0,0.0,0.0,0.0,0.0,0.0,0.0,0.0,0.0,0.0,0.0,0.0,0.0,0.0,0.0,0.0,0.0,0.0,0.0,0.0,0.0,0.0,0.0,0.0
53,54,0.0,1.0,2.0,11.0,4.0,17.0,6.0,30.0,26.0,97.0,35.0,62.0,87.0,66.0,52.0,75.0,120.0,113.0,123.0,104.0,74.0,90.0,143.0,109.0,118.0,157.0,116.0,84.0,158.0,127.0
54,55,2.0,7.0,5.0,17.0,10.0,10.0,5.0,18.0,18.0,30.0,5.0,9.0,17.0,11.0,6.0,3.0,16.0,13.0,29.0,15.0,19.0,19.0,11.0,11.0,8.0,4.0,11.0,5.0,3.0,5.0
55,56,3.0,7.0,15.0,11.0,11.0,15.0,17.0,23.0,14.0,32.0,15.0,20.0,52.0,51.0,42.0,49.0,103.0,135.0,138.0,158.0,114.0,124.0,208.0,184.0,262.0,228.0,232.0,154.0,240.0,185.0
56,57,1.0,0.0,2.0,1.0,0.0,2.0,0.0,0.0,0.0,0.0,0.0,0.0,0.0,0.0,0.0,0.0,0.0,0.0,0.0,0.0,0.0,0.0,0.0,0.0,0.0,0.0,0.0,0.0,0.0,0.0
57,58,1.0,3.0,3.0,4.0,1.0,1.0,1.0,4.0,0.0,1.0,2.0,1.0,3.0,2.0,0.0,0.0,0.0,0.0,0.0,0.0,0.0,0.0,0.0,0.0,0.0,0.0,0.0,0.0,0.0,0.0
58,59,3.0,2.0,8.0,4.0,9.0,16.0,9.0,13.0,54.0,45.0,8.0,8.0,13.0,6.0,7.0,0.0,0.0,0.0,0.0,0.0,0.0,0.0,0.0,0.0,0.0,0.0,0.0,0.0,0.0,0.0
59,60,0.0,1.0,5.0,4.0,3.0,6.0,6.0,3.0,6.0,12.0,1.0,0.0,3.0,6.0,0.0,0.0,0.0,0.0,0.0,0.0,0.0,0.0,0.0,0.0,0.0,0.0,0.0,0.0,0.0,0.0
60,61,3.0,3.0,2.0,3.0,1.0,4.0,3.0,5.0,11.0,1.0,0.0,0.0,0.0,0.0,0.0,0.0,0.0,0.0,0.0,0.0,0.0,0.0,0.0,0.0,0.0,0.0,0.0,0.0,0.0,0.0
61,62,3.0,1.0,2.0,11.0,6.0,13.0,6.0,9.0,4.0,26.0,8.0,5.0,10.0,5.0,3.0,4.0,9.0,9.0,11.0,20.0,13.0,5.0,18.0,16.0,24.0,31.0,14.0,15.0,22.0,28.0
62,63,1.0,3.0,5.0,2.0,11.0,11.0,7.0,8.0,0.0,9.0,4.0,0.0,4.0,2.0,2.0,1.0,4.0,0.0,0.0,0.0,0.0,0.0,0.0,0.0,0.0,0.0,0.0,0.0,0.0,0.0
63,64,2.0,6.0,8.0,8.0,8.0,4.0,6.0,7.0,0.0,13.0,0.0,0.0,1.0,4.0,0.0,0.0,0.0,0.0,0.0,0.0,0.0,0.0,0.0,0.0,0.0,0.0,0.0,0.0,0.0,0.0
64,65,5.0,8.0,6.0,4.0,4.0,9.0,6.0,15.0,17.0,38.0,11.0,11.0,11.0,4.0,8.0,9.0,6.0,2.0,0.0,0.0,0.0,0.0,0.0,0.0,0.0,0.0,0.0,0.0,0.0,0.0
65,66,1.0,0.0,1.0,0.0,0.0,2.0,1.0,0.0,3.0,4.0,0.0,8.0,3.0,0.0,1.0,2.0,0.0,0.0,0.0,0.0,0.0,0.0,0.0,0.0,0.0,0.0,0.0,0.0,0.0,0.0
66,67,0.0,2.0,5.0,5.0,3.0,4.0,3.0,7.0,2.0,11.0,1.0,4.0,6.0,3.0,6.0,6.0,17.0,19.0,10.0,18.0,8.0,3.0,23.0,13.0,1.0,0.0,0.0,0.0,0.0,0.0
67,68,1.0,0.0,2.0,0.0,0.0,0.0,0.0,0.0,0.0,0.0,0.0,0.0,0.0,0.0,0.0,0.0,0.0,0.0,0.0,0.0,0.0,0.0,0.0,0.0,0.0,0.0,0.0,0.0,0.0,0.0
68,69,0.0,0.0,0.0,2.0,3.0,1.0,0.0,24.0,4.0,32.0,10.0,27.0,39.0,34.0,16.0,20.0,27.0,28.0,20.0,27.0,30.0,14.0,18.0,28.0,27.0,40.0,35.0,15.0,23.0,5.0
69,70,2.0,3.0,11.0,13.0,10.0,19.0,24.0,27.0,25.0,54.0,24.0,52.0,89.0,66.0,59.0,70.0,116.0,125.0,148.0,176.0,100.0,101.0,152.0,114.0,156.0,149.0,164.0,95.0,156.0,103.0
70,71,1.0,1.0,5.0,2.0,7.0,3.0,11.0,3.0,10.0,15.0,3.0,4.0,20.0,18.0,2.0,3.0,1.0,0.0,0.0,0.0,0.0,0.0,0.0,0.0,0.0,0.0,0.0,0.0,0.0,0.0
71,72,1.0,6.0,17.0,15.0,15.0,28.0,25.0,59.0,64.0,131.0,48.0,74.0,89.0,42.0,43.0,51.0,90.0,92.0,95.0,97.0,82.0,67.0,192.0,184.0,209.0,268.0,237.0,132.0,248.0,188.0
72,73,1.0,4.0,2.0,0.0,1.0,3.0,0.0,4.0,6.0,10.0,1.0,0.0,0.0,0.0,0.0,0.0,0.0,0.0,0.0,0.0,0.0,0.0,0.0,0.0,0.0,0.0,0.0,0.0,0.0,0.0
73,75,1.0,2.0,8.0,8.0,14.0,27.0,18.0,35.0,29.0,97.0,40.0,52.0,53.0,51.0,42.0,55.0,50.0,84.0,93.0,104.0,72.0,57.0,98.0,101.0,85.0,97.0,142.0,89.0,97.0,77.0
74,76,0.0,0.0,1.0,2.0,1.0,3.0,0.0,1.0,4.0,5.0,0.0,1.0,0.0,0.0,0.0,0.0,0.0,0.0,0.0,0.0,0.0,0.0,0.0,0.0,0.0,0.0,0.0,0.0,0.0,0.0
75,77,0.0,1.0,0.0,0.0,0.0,0.0,0.0,0.0,0.0,0.0,0.0,0.0,0.0,0.0,0.0,0.0,0.0,0.0,0.0,0.0,0.0,0.0,0.0,0.0,0.0,0.0,0.0,0.0,0.0,0.0
76,78,0.0,1.0,1.0,1.0,1.0,14.0,4.0,10.0,1.0,24.0,5.0,7.0,19.0,11.0,18.0,18.0,18.0,22.0,3.0,0.0,0.0,0.0,0.0,0.0,0.0,0.0,0.0,0.0,0.0,0.0
77,79,3.0,3.0,2.0,2.0,3.0,4.0,5.0,8.0,4.0,28.0,8.0,27.0,35.0,53.0,36.0,62.0,78.0,99.0,116.0,117.0,110.0,145.0,262.0,208.0,269.0,331.0,265.0,171.0,285.0,198.0
78,80,2.0,3.0,0.0,0.0,0.0,0.0,0.0,0.0,0.0,0.0,0.0,0.0,0.0,0.0,0.0,0.0,0.0,0.0,0.0,0.0,0.0,0.0,0.0,0.0,0.0,0.0,0.0,0.0,0.0,0.0
79,81,1.0,4.0,9.0,5.0,10.0,17.0,16.0,17.0,13.0,43.0,14.0,15.0,31.0,32.0,30.0,28.0,48.0,30.0,28.0,47.0,24.0,33.0,107.0,60.0,80.0,73.0,42.0,50.0,59.0,37.0
80,82,1.0,13.0,9.0,14.0,10.0,25.0,5.0,26.0,16.0,67.0,29.0,33.0,76.0,48.0,32.0,45.0,76.0,102.0,97.0,98.0,77.0,122.0,168.0,114.0,152.0,192.0,145.0,108.0,228.0,112.0
81,83,1.0,1.0,11.0,13.0,8.0,12.0,11.0,23.0,22.0,59.0,14.0,30.0,25.0,24.0,18.0,31.0,35.0,50.0,31.0,16.0,14.0,13.0,26.0,26.0,24.0,31.0,23.0,19.0,33.0,9.0
82,84,0.0,0.0,2.0,0.0,0.0,0.0,0.0,0.0,0.0,0.0,0.0,0.0,0.0,0.0,0.0,0.0,0.0,0.0,0.0,0.0,0.0,0.0,0.0,0.0,0.0,0.0,0.0,0.0,0.0,0.0
83,85,0.0,2.0,9.0,11.0,8.0,16.0,7.0,8.0,9.0,16.0,6.0,13.0,19.0,15.0,3.0,20.0,16.0,11.0,8.0,18.0,13.0,26.0,31.0,32.0,29.0,35.0,19.0,28.0,44.0,24.0
84,87,5.0,2.0,6.0,10.0,6.0,9.0,7.0,12.0,7.0,14.0,5.0,12.0,15.0,3.0,0.0,0.0,0.0,0.0,0.0,0.0,0.0,0.0,0.0,0.0,0.0,0.0,0.0,0.0,0.0,0.0
85,88,1.0,0.0,2.0,6.0,3.0,2.0,7.0,5.0,0.0,11.0,4.0,13.0,15.0,10.0,4.0,10.0,8.0,16.0,14.0,27.0,36.0,28.0,65.0,79.0,80.0,107.0,107.0,65.0,110.0,89.0
86,89,0.0,1.0,2.0,1.0,1.0,0.0,0.0,0.0,0.0,0.0,0.0,0.0,0.0,0.0,0.0,0.0,0.0,0.0,0.0,0.0,0.0,0.0,0.0,0.0,0.0,0.0,0.0,0.0,0.0,0.0
87,90,0.0,1.0,4.0,4.0,3.0,6.0,6.0,3.0,0.0,9.0,3.0,1.0,2.0,8.0,4.0,2.0,1.0,6.0,0.0,0.0,0.0,0.0,0.0,0.0,0.0,0.0,0.0,0.0,0.0,0.0
88,91,0.0,3.0,8.0,11.0,7.0,17.0,16.0,29.0,12.0,41.0,14.0,24.0,39.0,25.0,24.0,49.0,89.0,93.0,78.0,80.0,81.0,119.0,175.0,104.0,187.0,231.0,207.0,97.0,205.0,153.0
89,93,2.0,0.0,3.0,3.0,3.0,9.0,0.0,9.0,0.0,8.0,3.0,0.0,0.0,0.0,0.0,0.0,0.0,0.0,0.0,0.0,0.0,0.0,0.0,0.0,0.0,0.0,0.0,0.0,0.0,0.0
90,94,1.0,1.0,2.0,1.0,0.0,0.0,0.0,0.0,0.0,0.0,0.0,0.0,0.0,0.0,0.0,0.0,0.0,0.0,0.0,0.0,0.0,0.0,0.0,0.0,0.0,0.0,0.0,0.0,0.0,0.0
91,95,0.0,0.0,1.0,0.0,3.0,3.0,7.0,2.0,3.0,8.0,1.0,1.0,5.0,1.0,0.0,4.0,1.0,5.0,5.0,7.0,3.0,14.0,29.0,19.0,30.0,19.0,16.0,4.0,6.0,1.0
92,96,0.0,1.0,1.0,3.0,3.0,5.0,0.0,1.0,5.0,9.0,2.0,1.0,0.0,0.0,0.0,0.0,0.0,0.0,0.0,0.0,0.0,0.0,0.0,0.0,0.0,0.0,0.0,0.0,0.0,0.0
93,97,4.0,5.0,7.0,14.0,9.0,13.0,9.0,20.0,1.0,18.0,5.0,34.0,49.0,33.0,17.0,29.0,51.0,49.0,57.0,65.0,36.0,39.0,71.0,59.0,91.0,65.0,61.0,24.0,47.0,28.0
94,99,3.0,2.0,2.0,4.0,2.0,3.0,2.0,7.0,20.0,0.0,0.0,0.0,0.0,0.0,0.0,0.0,0.0,0.0,0.0,0.0,0.0,0.0,0.0,0.0,0.0,0.0,0.0,0.0,0.0,0.0
95,100,0.0,2.0,0.0,0.0,0.0,0.0,0.0,0.0,0.0,0.0,0.0,0.0,0.0,0.0,0.0,0.0,0.0,0.0,0.0,0.0,0.0,0.0,0.0,0.0,0.0,0.0,0.0,0.0,0.0,0.0
96,101,1.0,0.0,0.0,0.0,1.0,1.0,1.0,0.0,0.0,0.0,0.0,0.0,0.0,0.0,0.0,0.0,0.0,0.0,0.0,0.0,0.0,0.0,0.0,0.0,0.0,0.0,0.0,0.0,0.0,0.0
97,102,1.0,2.0,1.0,4.0,13.0,15.0,17.0,48.0,20.0,87.0,27.0,31.0,99.0,90.0,44.0,49.0,79.0,53.0,65.0,95.0,84.0,111.0,138.0,164.0,212.0,281.0,277.0,152.0,177.0,120.0
98,103,1.0,0.0,7.0,2.0,2.0,6.0,3.0,10.0,7.0,26.0,4.0,8.0,27.0,20.0,24.0,33.0,50.0,77.0,96.0,96.0,60.0,59.0,117.0,73.0,99.0,98.0,79.0,35.0,54.0,55.0
99,104,0.0,2.0,0.0,0.0,0.0,0.0,0.0,0.0,0.0,0.0,0.0,0.0,0.0,0.0,0.0,0.0,0.0,0.0,0.0,0.0,0.0,0.0,0.0,0.0,0.0,0.0,0.0,0.0,0.0,0.0
100,105,0.0,6.0,2.0,0.0,0.0,0.0,0.0,0.0,0.0,0.0,0.0,0.0,0.0,0.0,0.0,0.0,0.0,0.0,0.0,0.0,0.0,0.0,0.0,0.0,0.0,0.0,0.0,0.0,0.0,0.0
101,107,1.0,3.0,3.0,0.0,4.0,7.0,4.0,14.0,15.0,34.0,16.0,18.0,32.0,30.0,26.0,15.0,51.0,51.0,21.0,34.0,22.0,18.0,13.0,18.0,26.0,24.0,21.0,17.0,36.0,22.0
102,108,0.0,0.0,5.0,7.0,0.0,8.0,6.0,7.0,3.0,7.0,1.0,4.0,4.0,4.0,5.0,9.0,30.0,29.0,44.0,44.0,32.0,18.0,41.0,58.0,58.0,66.0,46.0,48.0,71.0,56.0
103,111,0.0,0.0,1.0,2.0,3.0,1.0,3.0,5.0,5.0,16.0,1.0,1.0,0.0,0.0,0.0,0.0,0.0,0.0,0.0,0.0,0.0,0.0,0.0,0.0,0.0,0.0,0.0,0.0,0.0,0.0
104,112,1.0,0.0,1.0,2.0,3.0,3.0,5.0,11.0,24.0,13.0,5.0,5.0,3.0,4.0,6.0,2.0,1.0,3.0,15.0,15.0,19.0,13.0,19.0,25.0,38.0,19.0,12.0,11.0,19.0,10.0
105,113,0.0,0.0,1.0,3.0,0.0,1.0,4.0,5.0,2.0,13.0,0.0,15.0,7.0,5.0,9.0,23.0,40.0,41.0,58.0,62.0,27.0,35.0,97.0,119.0,148.0,221.0,181.0,98.0,168.0,98.0
106,114,0.0,6.0,7.0,14.0,9.0,17.0,15.0,33.0,33.0,68.0,26.0,41.0,55.0,27.0,18.0,30.0,46.0,65.0,80.0,106.0,121.0,106.0,148.0,101.0,147.0,125.0,125.0,71.0,120.0,92.0
107,115,2.0,2.0,7.0,2.0,1.0,2.0,1.0,0.0,0.0,0.0,0.0,0.0,0.0,0.0,0.0,0.0,0.0,0.0,0.0,0.0,0.0,0.0,0.0,0.0,0.0,0.0,0.0,0.0,0.0,0.0
108,116,0.0,6.0,0.0,2.0,2.0,3.0,3.0,2.0,0.0,2.0,0.0,0.0,0.0,0.0,0.0,0.0,0.0,0.0,0.0,0.0,0.0,0.0,0.0,0.0,0.0,0.0,0.0,0.0,0.0,0.0
109,117,1.0,0.0,0.0,0.0,0.0,0.0,0.0,0.0,0.0,0.0,0.0,0.0,0.0,0.0,0.0,0.0,0.0,0.0,0.0,0.0,0.0,0.0,0.0,0.0,0.0,0.0,0.0,0.0,0.0,0.0
110,118,1.0,0.0,3.0,0.0,0.0,0.0,0.0,0.0,0.0,0.0,0.0,0.0,0.0,0.0,0.0,0.0,0.0,0.0,0.0,0.0,0.0,0.0,0.0,0.0,0.0,0.0,0.0,0.0,0.0,0.0
111,119,0.0,0.0,1.0,1.0,0.0,1.0,0.0,0.0,0.0,0.0,0.0,0.0,0.0,0.0,0.0,0.0,0.0,0.0,0.0,0.0,0.0,0.0,0.0,0.0,0.0,0.0,0.0,0.0,0.0,0.0
112,120,1.0,2.0,5.0,10.0,4.0,6.0,4.0,7.0,14.0,41.0,9.0,25.0,35.0,24.0,7.0,35.0,25.0,36.0,41.0,51.0,22.0,46.0,45.0,71.0,83.0,131.0,90.0,82.0,118.0,99.0
113,121,0.0,2.0,2.0,1.0,1.0,3.0,1.0,8.0,7.0,25.0,6.0,5.0,6.0,2.0,3.0,0.0,0.0,0.0,0.0,0.0,0.0,0.0,0.0,0.0,0.0,0.0,0.0,0.0,0.0,0.0
114,122,0.0,5.0,5.0,5.0,7.0,10.0,15.0,13.0,21.0,67.0,29.0,39.0,83.0,75.0,71.0,72.0,86.0,118.0,102.0,58.0,42.0,37.0,88.0,66.0,31.0,25.0,41.0,8.0,30.0,21.0
115,123,0.0,0.0,4.0,4.0,3.0,2.0,1.0,0.0,0.0,0.0,0.0,0.0,0.0,0.0,0.0,0.0,0.0,0.0,0.0,0.0,0.0,0.0,0.0,0.0,0.0,0.0,0.0,0.0,0.0,0.0
116,124,0.0,1.0,2.0,4.0,1.0,4.0,2.0,3.0,1.0,1.0,0.0,6.0,4.0,0.0,0.0,0.0,0.0,0.0,0.0,0.0,0.0,0.0,0.0,0.0,0.0,0.0,0.0,0.0,0.0,0.0
117,125,5.0,7.0,11.0,15.0,8.0,10.0,11.0,24.0,12.0,29.0,12.0,29.0,36.0,47.0,25.0,15.0,30.0,63.0,69.0,98.0,63.0,109.0,121.0,101.0,163.0,143.0,130.0,91.0,131.0,80.0
118,126,4.0,3.0,11.0,14.0,9.0,17.0,16.0,29.0,31.0,63.0,15.0,36.0,70.0,27.0,10.0,17.0,29.0,37.0,35.0,32.0,44.0,44.0,114.0,112.0,108.0,134.0,72.0,106.0,190.0,158.0
119,128,1.0,1.0,2.0,2.0,1.0,2.0,0.0,7.0,0.0,3.0,1.0,0.0,3.0,2.0,0.0,0.0,0.0,0.0,0.0,0.0,0.0,0.0,0.0,0.0,0.0,0.0,0.0,0.0,0.0,0.0
120,129,2.0,1.0,19.0,23.0,6.0,13.0,13.0,18.0,11.0,67.0,14.0,31.0,55.0,30.0,53.0,68.0,125.0,133.0,163.0,200.0,134.0,202.0,311.0,332.0,411.0,448.0,337.0,210.0,317.0,186.0
121,130,0.0,0.0,0.0,2.0,0.0,1.0,0.0,7.0,1.0,4.0,4.0,4.0,6.0,4.0,1.0,0.0,0.0,0.0,0.0,0.0,0.0,0.0,0.0,0.0,0.0,0.0,0.0,0.0,0.0,0.0
122,131,0.0,1.0,2.0,1.0,1.0,5.0,1.0,0.0,0.0,0.0,0.0,0.0,0.0,0.0,0.0,0.0,0.0,0.0,0.0,0.0,0.0,0.0,0.0,0.0,0.0,0.0,0.0,0.0,0.0,0.0
123,132,2.0,0.0,4.0,6.0,5.0,6.0,2.0,12.0,5.0,10.0,5.0,8.0,1.0,3.0,3.0,0.0,0.0,0.0,0.0,0.0,0.0,0.0,0.0,0.0,0.0,0.0,0.0,0.0,0.0,0.0
124,134,2.0,5.0,2.0,7.0,8.0,10.0,3.0,8.0,2.0,45.0,17.0,39.0,63.0,49.0,33.0,44.0,52.0,76.0,75.0,98.0,55.0,49.0,52.0,52.0,129.0,144.0,194.0,87.0,156.0,85.0
125,135,5.0,7.0,13.0,9.0,12.0,41.0,33.0,30.0,33.0,71.0,28.0,80.0,95.0,85.0,63.0,90.0,97.0,119.0,119.0,73.0,73.0,98.0,159.0,131.0,199.0,180.0,191.0,89.0,174.0,140.0
126,136,0.0,1.0,4.0,1.0,0.0,3.0,2.0,0.0,0.0,0.0,0.0,0.0,0.0,0.0,0.0,0.0,0.0,0.0,0.0,0.0,0.0,0.0,0.0,0.0,0.0,0.0,0.0,0.0,0.0,0.0
127,137,2.0,2.0,7.0,3.0,8.0,8.0,11.0,24.0,15.0,24.0,6.0,28.0,42.0,31.0,36.0,29.0,56.0,44.0,63.0,70.0,62.0,81.0,124.0,96.0,114.0,105.0,66.0,75.0,89.0,75.0
128,138,1.0,4.0,4.0,6.0,7.0,13.0,4.0,4.0,18.0,25.0,5.0,6.0,11.0,8.0,2.0,2.0,0.0,0.0,0.0,0.0,0.0,0.0,0.0,0.0,0.0,0.0,0.0,0.0,0.0,0.0
129,139,1.0,4.0,2.0,3.0,10.0,7.0,7.0,8.0,4.0,2.0,0.0,0.0,0.0,0.0,0.0,0.0,0.0,0.0,0.0,0.0,0.0,0.0,0.0,0.0,0.0,0.0,0.0,0.0,0.0,0.0
130,140,0.0,0.0,0.0,1.0,0.0,1.0,0.0,4.0,0.0,0.0,1.0,0.0,0.0,0.0,0.0,0.0,0.0,0.0,0.0,0.0,0.0,0.0,0.0,0.0,0.0,0.0,0.0,0.0,0.0,0.0
131,141,0.0,8.0,10.0,2.0,4.0,14.0,16.0,24.0,8.0,65.0,15.0,26.0,43.0,36.0,21.0,26.0,29.0,61.0,45.0,57.0,73.0,43.0,86.0,73.0,84.0,71.0,26.0,17.0,26.0,22.0
132,142,0.0,2.0,0.0,0.0,0.0,0.0,0.0,0.0,0.0,0.0,0.0,0.0,0.0,0.0,0.0,0.0,0.0,0.0,0.0,0.0,0.0,0.0,0.0,0.0,0.0,0.0,0.0,0.0,0.0,0.0
133,143,2.0,0.0,1.0,4.0,2.0,9.0,13.0,28.0,16.0,36.0,10.0,11.0,7.0,4.0,2.0,4.0,21.0,21.0,17.0,9.0,2.0,0.0,0.0,0.0,0.0,0.0,0.0,0.0,0.0,0.0
134,145,2.0,6.0,10.0,16.0,14.0,19.0,15.0,22.0,13.0,33.0,7.0,21.0,34.0,26.0,15.0,21.0,20.0,33.0,32.0,20.0,27.0,45.0,35.0,38.0,45.0,31.0,13.0,0.0,8.0,0.0
135,146,0.0,0.0,1.0,0.0,1.0,4.0,3.0,7.0,4.0,11.0,4.0,3.0,12.0,17.0,5.0,12.0,22.0,20.0,24.0,33.0,15.0,39.0,17.0,32.0,13.0,33.0,20.0,7.0,30.0,3.0
136,147,0.0,2.0,1.0,1.0,0.0,1.0,0.0,0.0,0.0,0.0,0.0,0.0,0.0,0.0,0.0,0.0,0.0,0.0,0.0,0.0,0.0,0.0,0.0,0.0,0.0,0.0,0.0,0.0,0.0,0.0
137,148,1.0,2.0,2.0,3.0,2.0,2.0,8.0,7.0,4.0,8.0,3.0,4.0,7.0,3.0,6.0,18.0,17.0,2.0,0.0,0.0,0.0,0.0,0.0,0.0,0.0,0.0,0.0,0.0,0.0,0.0
138,149,0.0,1.0,1.0,1.0,0.0,0.0,0.0,0.0,0.0,0.0,0.0,0.0,0.0,0.0,0.0,0.0,0.0,0.0,0.0,0.0,0.0,0.0,0.0,0.0,0.0,0.0,0.0,0.0,0.0,0.0
139,150,0.0,0.0,1.0,0.0,0.0,0.0,0.0,0.0,0.0,0.0,0.0,0.0,0.0,0.0,0.0,0.0,0.0,0.0,0.0,0.0,0.0,0.0,0.0,0.0,0.0,0.0,0.0,0.0,0.0,0.0
140,151,0.0,0.0,1.0,1.0,1.0,1.0,0.0,0.0,0.0,0.0,0.0,0.0,0.0,0.0,0.0,0.0,0.0,0.0,0.0,0.0,0.0,0.0,0.0,0.0,0.0,0.0,0.0,0.0,0.0,0.0
141,152,2.0,0.0,2.0,4.0,3.0,2.0,6.0,19.0,8.0,30.0,11.0,14.0,27.0,29.0,25.0,18.0,53.0,47.0,60.0,64.0,45.0,61.0,86.0,66.0,82.0,86.0,58.0,26.0,32.0,23.0
142,153,0.0,4.0,11.0,8.0,4.0,8.0,8.0,15.0,21.0,61.0,14.0,49.0,61.0,38.0,31.0,40.0,52.0,75.0,113.0,138.0,65.0,59.0,46.0,58.0,135.0,141.0,134.0,80.0,94.0,90.0
143,154,0.0,0.0,1.0,1.0,0.0,0.0,0.0,0.0,0.0,0.0,0.0,0.0,0.0,0.0,0.0,0.0,0.0,0.0,0.0,0.0,0.0,0.0,0.0,0.0,0.0,0.0,0.0,0.0,0.0,0.0
144,155,0.0,2.0,0.0,1.0,3.0,9.0,6.0,10.0,3.0,15.0,13.0,14.0,21.0,24.0,14.0,48.0,43.0,44.0,32.0,42.0,49.0,60.0,72.0,69.0,74.0,83.0,65.0,54.0,100.0,68.0
145,156,0.0,2.0,9.0,5.0,4.0,16.0,17.0,13.0,24.0,45.0,15.0,6.0,16.0,21.0,7.0,17.0,20.0,8.0,13.0,15.0,15.0,11.0,34.0,17.0,7.0,12.0,17.0,0.0,0.0,0.0
146,157,1.0,0.0,0.0,0.0,0.0,0.0,0.0,0.0,0.0,0.0,0.0,0.0,0.0,0.0,0.0,0.0,0.0,0.0,0.0,0.0,0.0,0.0,0.0,0.0,0.0,0.0,0.0,0.0,0.0,0.0
147,159,2.0,3.0,6.0,7.0,2.0,6.0,3.0,4.0,0.0,1.0,1.0,6.0,6.0,0.0,0.0,0.0,0.0,0.0,0.0,0.0,0.0,0.0,0.0,0.0,0.0,0.0,0.0,0.0,0.0,0.0
148,160,4.0,9.0,8.0,3.0,4.0,13.0,9.0,17.0,8.0,45.0,22.0,48.0,53.0,56.0,35.0,32.0,54.0,54.0,61.0,93.0,89.0,63.0,68.0,67.0,39.0,110.0,99.0,50.0,96.0,79.0
149,161,1.0,2.0,0.0,0.0,0.0,0.0,0.0,0.0,0.0,0.0,0.0,0.0,0.0,0.0,0.0,0.0,0.0,0.0,0.0,0.0,0.0,0.0,0.0,0.0,0.0,0.0,0.0,0.0,0.0,0.0
150,162,0.0,0.0,1.0,5.0,2.0,5.0,5.0,27.0,41.0,63.0,25.0,44.0,65.0,66.0,25.0,69.0,72.0,91.0,78.0,127.0,92.0,95.0,136.0,94.0,124.0,168.0,152.0,79.0,68.0,40.0
151,163,0.0,1.0,2.0,4.0,3.0,9.0,8.0,10.0,6.0,13.0,3.0,0.0,2.0,4.0,0.0,0.0,0.0,0.0,0.0,0.0,0.0,0.0,0.0,0.0,0.0,0.0,0.0,0.0,0.0,0.0
152,164,3.0,4.0,9.0,13.0,10.0,22.0,16.0,28.0,40.0,94.0,34.0,82.0,83.0,73.0,67.0,74.0,119.0,150.0,127.0,190.0,87.0,107.0,211.0,233.0,250.0,291.0,281.0,141.0,227.0,182.0
153,165,1.0,0.0,4.0,4.0,2.0,7.0,4.0,6.0,7.0,29.0,10.0,15.0,9.0,8.0,2.0,5.0,1.0,9.0,9.0,14.0,7.0,4.0,23.0,6.0,8.0,3.0,0.0,0.0,0.0,0.0
154,166,5.0,3.0,9.0,11.0,6.0,13.0,13.0,30.0,19.0,61.0,22.0,31.0,47.0,56.0,47.0,58.0,85.0,79.0,83.0,44.0,58.0,42.0,69.0,67.0,100.0,120.0,84.0,49.0,98.0,50.0
155,167,0.0,0.0,1.0,3.0,2.0,3.0,1.0,5.0,0.0,13.0,6.0,8.0,9.0,5.0,4.0,10.0,10.0,4.0,5.0,0.0,0.0,0.0,0.0,0.0,0.0,0.0,0.0,0.0,0.0,0.0
156,168,0.0,0.0,0.0,4.0,0.0,0.0,0.0,0.0,0.0,0.0,0.0,0.0,0.0,0.0,0.0,0.0,0.0,0.0,0.0,0.0,0.0,0.0,0.0,0.0,0.0,0.0,0.0,0.0,0.0,0.0
157,169,0.0,1.0,2.0,4.0,1.0,5.0,4.0,9.0,3.0,20.0,6.0,7.0,38.0,19.0,7.0,15.0,9.0,10.0,10.0,28.0,17.0,30.0,37.0,39.0,38.0,71.0,62.0,55.0,100.0,42.0
158,173,3.0,1.0,5.0,7.0,2.0,2.0,12.0,29.0,6.0,27.0,14.0,30.0,29.0,35.0,13.0,32.0,14.0,12.0,19.0,1.0,15.0,2.0,11.0,4.0,3.0,4.0,3.0,2.0,7.0,0.0
159,174,0.0,3.0,0.0,0.0,0.0,2.0,1.0,4.0,2.0,10.0,4.0,3.0,6.0,0.0,0.0,0.0,0.0,0.0,0.0,0.0,0.0,0.0,0.0,0.0,0.0,0.0,0.0,0.0,0.0,0.0
160,175,1.0,0.0,10.0,8.0,5.0,7.0,12.0,20.0,9.0,49.0,27.0,26.0,73.0,61.0,33.0,46.0,45.0,62.0,38.0,59.0,36.0,39.0,69.0,62.0,36.0,43.0,43.0,51.0,73.0,45.0
161,176,1.0,3.0,5.0,1.0,2.0,4.0,1.0,9.0,14.0,24.0,3.0,2.0,1.0,1.0,0.0,0.0,0.0,0.0,0.0,0.0,0.0,0.0,0.0,0.0,0.0,0.0,0.0,0.0,0.0,0.0
162,177,0.0,0.0,2.0,0.0,0.0,0.0,0.0,0.0,0.0,0.0,0.0,0.0,0.0,0.0,0.0,0.0,0.0,0.0,0.0,0.0,0.0,0.0,0.0,0.0,0.0,0.0,0.0,0.0,0.0,0.0
163,179,0.0,0.0,1.0,2.0,1.0,0.0,0.0,0.0,0.0,0.0,0.0,0.0,0.0,0.0,0.0,0.0,0.0,0.0,0.0,0.0,0.0,0.0,0.0,0.0,0.0,0.0,0.0,0.0,0.0,0.0
164,180,0.0,1.0,0.0,0.0,0.0,0.0,2.0,2.0,0.0,4.0,0.0,6.0,0.0,0.0,0.0,0.0,0.0,0.0,0.0,0.0,0.0,0.0,0.0,0.0,0.0,0.0,0.0,0.0,0.0,0.0
165,181,1.0,4.0,2.0,3.0,2.0,9.0,0.0,8.0,0.0,22.0,8.0,10.0,13.0,10.0,3.0,7.0,17.0,18.0,11.0,14.0,13.0,20.0,17.0,15.0,15.0,26.0,54.0,44.0,69.0,28.0
166,182,0.0,1.0,0.0,6.0,3.0,10.0,5.0,11.0,9.0,33.0,13.0,22.0,10.0,13.0,6.0,17.0,22.0,45.0,48.0,49.0,22.0,19.0,39.0,18.0,14.0,19.0,5.0,0.0,0.0,0.0
167,183,0.0,0.0,0.0,0.0,0.0,2.0,0.0,0.0,0.0,0.0,0.0,0.0,0.0,0.0,0.0,0.0,0.0,0.0,0.0,0.0,0.0,0.0,0.0,0.0,0.0,0.0,0.0,0.0,0.0,0.0
168,184,1.0,2.0,2.0,6.0,4.0,3.0,5.0,15.0,21.0,29.0,10.0,18.0,38.0,32.0,21.0,30.0,18.0,25.0,23.0,27.0,38.0,39.0,45.0,17.0,32.0,26.0,25.0,10.0,30.0,27.0
169,185,1.0,0.0,2.0,2.0,3.0,5.0,6.0,15.0,8.0,49.0,8.0,23.0,14.0,17.0,18.0,33.0,65.0,61.0,72.0,110.0,67.0,62.0,90.0,59.0,81.0,99.0,75.0,48.0,93.0,63.0
170,187,1.0,16.0,4.0,5.0,2.0,3.0,3.0,5.0,21.0,19.0,8.0,4.0,16.0,7.0,14.0,13.0,18.0,23.0,23.0,22.0,20.0,20.0,42.0,38.0,32.0,48.0,50.0,15.0,21.0,20.0
171,188,0.0,0.0,2.0,3.0,1.0,0.0,0.0,0.0,0.0,0.0,0.0,0.0,0.0,0.0,0.0,0.0,0.0,0.0,0.0,0.0,0.0,0.0,0.0,0.0,0.0,0.0,0.0,0.0,0.0,0.0
172,189,7.0,8.0,13.0,21.0,17.0,28.0,30.0,33.0,22.0,74.0,19.0,25.0,40.0,37.0,25.0,24.0,44.0,79.0,56.0,53.0,89.0,66.0,84.0,67.0,70.0,52.0,32.0,27.0,40.0,25.0
173,190,1.0,10.0,14.0,18.0,12.0,29.0,25.0,45.0,63.0,64.0,22.0,47.0,72.0,41.0,31.0,29.0,27.0,63.0,59.0,81.0,59.0,60.0,45.0,34.0,28.0,10.0,12.0,4.0,3.0,1.0
174,191,0.0,5.0,9.0,11.0,12.0,11.0,16.0,19.0,4.0,46.0,20.0,24.0,48.0,33.0,23.0,13.0,21.0,24.0,19.0,20.0,17.0,38.0,39.0,24.0,26.0,29.0,38.0,22.0,36.0,19.0
175,192,3.0,6.0,10.0,10.0,21.0,27.0,17.0,20.0,32.0,34.0,17.0,37.0,48.0,44.0,29.0,60.0,97.0,130.0,145.0,123.0,71.0,64.0,98.0,80.0,56.0,73.0,59.0,39.0,68.0,36.0
176,194,1.0,8.0,11.0,7.0,13.0,21.0,10.0,27.0,32.0,27.0,14.0,4.0,16.0,18.0,13.0,20.0,44.0,27.0,28.0,58.0,39.0,40.0,93.0,82.0,71.0,63.0,69.0,51.0,86.0,54.0
177,195,5.0,4.0,23.0,19.0,21.0,29.0,31.0,42.0,21.0,63.0,20.0,39.0,60.0,28.0,41.0,74.0,69.0,73.0,70.0,78.0,68.0,52.0,53.0,69.0,57.0,55.0,33.0,21.0,25.0,12.0
178,196,0.0,1.0,0.0,0.0,0.0,0.0,0.0,0.0,0.0,0.0,0.0,0.0,0.0,0.0,0.0,0.0,0.0,0.0,0.0,0.0,0.0,0.0,0.0,0.0,0.0,0.0,0.0,0.0,0.0,0.0
179,197,3.0,7.0,16.0,15.0,11.0,16.0,12.0,21.0,33.0,65.0,18.0,28.0,63.0,62.0,46.0,55.0,79.0,99.0,72.0,105.0,59.0,60.0,94.0,84.0,59.0,125.0,94.0,36.0,59.0,42.0
180,198,2.0,1.0,2.0,0.0,0.0,0.0,0.0,0.0,0.0,0.0,0.0,0.0,0.0,0.0,0.0,0.0,0.0,0.0,0.0,0.0,0.0,0.0,0.0,0.0,0.0,0.0,0.0,0.0,0.0,0.0
181,200,1.0,0.0,2.0,0.0,0.0,0.0,0.0,0.0,0.0,0.0,0.0,0.0,0.0,0.0,0.0,0.0,0.0,0.0,0.0,0.0,0.0,0.0,0.0,0.0,0.0,0.0,0.0,0.0,0.0,0.0
182,201,1.0,3.0,3.0,1.0,1.0,0.0,0.0,0.0,0.0,0.0,0.0,0.0,0.0,0.0,0.0,0.0,0.0,0.0,0.0,0.0,0.0,0.0,0.0,0.0,0.0,0.0,0.0,0.0,0.0,0.0
183,202,1.0,1.0,1.0,0.0,4.0,3.0,1.0,4.0,5.0,35.0,16.0,18.0,16.0,11.0,8.0,20.0,24.0,42.0,46.0,32.0,14.0,10.0,15.0,10.0,39.0,37.0,13.0,15.0,34.0,20.0
184,203,2.0,7.0,14.0,10.0,14.0,13.0,8.0,17.0,6.0,54.0,24.0,34.0,60.0,33.0,39.0,47.0,46.0,73.0,58.0,72.0,73.0,48.0,77.0,85.0,119.0,167.0,134.0,89.0,153.0,77.0
185,204,0.0,1.0,5.0,3.0,3.0,11.0,10.0,16.0,9.0,31.0,7.0,24.0,26.0,33.0,25.0,45.0,72.0,84.0,78.0,91.0,100.0,69.0,135.0,116.0,158.0,148.0,157.0,91.0,103.0,89.0
186,205,2.0,4.0,1.0,3.0,4.0,4.0,4.0,21.0,23.0,28.0,7.0,19.0,7.0,3.0,0.0,3.0,4.0,0.0,0.0,0.0,0.0,0.0,0.0,0.0,0.0,0.0,0.0,0.0,0.0,0.0
187,206,2.0,0.0,3.0,6.0,3.0,3.0,0.0,2.0,0.0,0.0,0.0,0.0,0.0,0.0,0.0,0.0,0.0,0.0,0.0,0.0,0.0,0.0,0.0,0.0,0.0,0.0,0.0,0.0,0.0,0.0
188,207,0.0,2.0,1.0,0.0,0.0,0.0,0.0,0.0,0.0,0.0,0.0,0.0,0.0,0.0,0.0,0.0,0.0,0.0,0.0,0.0,0.0,0.0,0.0,0.0,0.0,0.0,0.0,0.0,0.0,0.0
189,208,1.0,1.0,5.0,2.0,4.0,12.0,7.0,12.0,8.0,16.0,8.0,8.0,12.0,3.0,3.0,3.0,1.0,2.0,2.0,0.0,0.0,0.0,0.0,0.0,0.0,0.0,0.0,0.0,0.0,0.0
190,209,4.0,10.0,24.0,34.0,12.0,53.0,34.0,65.0,52.0,151.0,50.0,88.0,140.0,113.0,80.0,72.0,132.0,176.0,203.0,205.0,177.0,230.0,383.0,370.0,476.0,511.0,567.0,285.0,439.0,239.0
191,210,1.0,3.0,8.0,4.0,7.0,14.0,12.0,9.0,10.0,39.0,23.0,55.0,38.0,33.0,20.0,29.0,41.0,70.0,63.0,62.0,41.0,46.0,96.0,75.0,98.0,103.0,90.0,74.0,103.0,67.0
192,211,0.0,1.0,0.0,0.0,0.0,0.0,0.0,0.0,0.0,0.0,0.0,0.0,0.0,0.0,0.0,0.0,0.0,0.0,0.0,0.0,0.0,0.0,0.0,0.0,0.0,0.0,0.0,0.0,0.0,0.0
193,212,0.0,0.0,4.0,0.0,2.0,1.0,3.0,6.0,7.0,41.0,9.0,20.0,34.0,19.0,16.0,18.0,17.0,29.0,29.0,16.0,19.0,21.0,33.0,39.0,34.0,46.0,32.0,33.0,65.0,51.0
194,214,1.0,0.0,0.0,0.0,0.0,0.0,0.0,0.0,0.0,0.0,0.0,0.0,0.0,0.0,0.0,0.0,0.0,0.0,0.0,0.0,0.0,0.0,0.0,0.0,0.0,0.0,0.0,0.0,0.0,0.0
195,215,0.0,0.0,3.0,2.0,3.0,8.0,16.0,17.0,25.0,48.0,17.0,36.0,53.0,52.0,51.0,53.0,63.0,82.0,83.0,86.0,75.0,81.0,125.0,159.0,162.0,172.0,158.0,110.0,162.0,106.0
196,216,1.0,2.0,3.0,3.0,5.0,9.0,1.0,9.0,6.0,18.0,3.0,11.0,10.0,3.0,4.0,14.0,14.0,31.0,12.0,35.0,19.0,17.0,24.0,22.0,15.0,21.0,12.0,14.0,32.0,9.0
197,217,0.0,0.0,3.0,0.0,0.0,0.0,0.0,0.0,0.0,0.0,0.0,0.0,0.0,0.0,0.0,0.0,0.0,0.0,0.0,0.0,0.0,0.0,0.0,0.0,0.0,0.0,0.0,0.0,0.0,0.0
198,218,0.0,1.0,4.0,6.0,4.0,11.0,10.0,18.0,2.0,44.0,16.0,25.0,46.0,27.0,11.0,23.0,30.0,44.0,42.0,51.0,43.0,32.0,69.0,85.0,73.0,117.0,112.0,86.0,150.0,67.0
199,219,0.0,0.0,2.0,5.0,4.0,7.0,4.0,6.0,0.0,13.0,12.0,15.0,45.0,33.0,14.0,21.0,21.0,15.0,5.0,16.0,4.0,3.0,5.0,7.0,1.0,4.0,1.0,12.0,11.0,8.0
200,220,3.0,4.0,8.0,5.0,5.0,3.0,4.0,11.0,1.0,33.0,5.0,35.0,42.0,19.0,20.0,45.0,43.0,106.0,94.0,74.0,73.0,75.0,116.0,112.0,79.0,84.0,42.0,24.0,19.0,17.0
201,221,3.0,0.0,6.0,7.0,1.0,0.0,0.0,0.0,0.0,0.0,0.0,0.0,0.0,0.0,0.0,0.0,0.0,0.0,0.0,0.0,0.0,0.0,0.0,0.0,0.0,0.0,0.0,0.0,0.0,0.0
202,222,0.0,1.0,0.0,4.0,1.0,1.0,2.0,4.0,0.0,8.0,2.0,0.0,0.0,0.0,0.0,0.0,0.0,0.0,0.0,0.0,0.0,0.0,0.0,0.0,0.0,0.0,0.0,0.0,0.0,0.0
203,223,0.0,2.0,2.0,4.0,6.0,6.0,9.0,10.0,9.0,37.0,13.0,17.0,11.0,13.0,10.0,17.0,28.0,24.0,14.0,13.0,12.0,13.0,10.0,8.0,15.0,3.0,1.0,0.0,0.0,0.0
204,224,1.0,1.0,3.0,8.0,5.0,4.0,8.0,12.0,16.0,32.0,10.0,7.0,18.0,4.0,0.0,6.0,12.0,9.0,36.0,26.0,33.0,16.0,54.0,53.0,50.0,83.0,38.0,49.0,72.0,36.0
205,225,3.0,5.0,8.0,10.0,8.0,12.0,6.0,14.0,8.0,17.0,9.0,14.0,1.0,6.0,1.0,0.0,3.0,1.0,0.0,1.0,8.0,9.0,8.0,4.0,0.0,0.0,0.0,0.0,0.0,0.0
206,226,1.0,6.0,10.0,15.0,8.0,32.0,23.0,42.0,17.0,78.0,25.0,73.0,68.0,83.0,57.0,92.0,106.0,127.0,92.0,82.0,70.0,66.0,120.0,125.0,186.0,187.0,175.0,81.0,216.0,147.0
207,227,0.0,1.0,2.0,0.0,1.0,2.0,2.0,1.0,0.0,8.0,4.0,8.0,6.0,5.0,3.0,7.0,4.0,5.0,8.0,3.0,11.0,24.0,17.0,27.0,23.0,29.0,25.0,14.0,17.0,8.0
208,228,1.0,4.0,6.0,11.0,5.0,3.0,8.0,12.0,13.0,26.0,6.0,21.0,29.0,26.0,23.0,29.0,64.0,69.0,95.0,79.0,47.0,68.0,108.0,101.0,169.0,159.0,145.0,63.0,134.0,105.0
209,229,2.0,4.0,9.0,12.0,11.0,20.0,17.0,32.0,78.0,80.0,28.0,47.0,41.0,36.0,16.0,41.0,41.0,45.0,40.0,35.0,10.0,13.0,40.0,27.0,26.0,35.0,32.0,15.0,10.0,5.0
210,230,1.0,1.0,2.0,3.0,4.0,4.0,5.0,6.0,6.0,13.0,5.0,13.0,9.0,6.0,5.0,6.0,11.0,10.0,5.0,0.0,0.0,0.0,0.0,0.0,0.0,0.0,0.0,0.0,0.0,0.0
211,231,1.0,1.0,6.0,2.0,4.0,17.0,10.0,9.0,3.0,22.0,17.0,21.0,18.0,3.0,4.0,2.0,4.0,2.0,0.0,0.0,0.0,0.0,0.0,0.0,0.0,0.0,0.0,0.0,0.0,0.0
212,232,3.0,2.0,7.0,8.0,8.0,6.0,3.0,21.0,12.0,27.0,7.0,20.0,34.0,29.0,20.0,33.0,96.0,107.0,153.0,160.0,121.0,128.0,170.0,154.0,158.0,160.0,152.0,82.0,101.0,72.0
213,233,0.0,1.0,0.0,3.0,1.0,2.0,3.0,4.0,8.0,13.0,6.0,10.0,31.0,32.0,35.0,41.0,32.0,45.0,52.0,66.0,52.0,62.0,130.0,149.0,203.0,198.0,242.0,132.0,295.0,162.0
214,234,0.0,2.0,4.0,3.0,2.0,0.0,3.0,3.0,0.0,0.0,0.0,0.0,0.0,0.0,0.0,0.0,0.0,0.0,0.0,0.0,0.0,0.0,0.0,0.0,0.0,0.0,0.0,0.0,0.0,0.0
215,235,0.0,4.0,0.0,1.0,1.0,0.0,0.0,0.0,0.0,0.0,0.0,0.0,0.0,0.0,0.0,0.0,0.0,0.0,0.0,0.0,0.0,0.0,0.0,0.0,0.0,0.0,0.0,0.0,0.0,0.0
216,237,3.0,5.0,5.0,5.0,8.0,7.0,5.0,17.0,9.0,40.0,11.0,23.0,57.0,39.0,39.0,55.0,83.0,107.0,87.0,102.0,63.0,62.0,93.0,78.0,64.0,62.0,48.0,44.0,89.0,41.0
217,238,1.0,0.0,1.0,4.0,5.0,4.0,4.0,2.0,0.0,0.0,0.0,0.0,0.0,0.0,0.0,0.0,0.0,0.0,0.0,0.0,0.0,0.0,0.0,0.0,0.0,0.0,0.0,0.0,0.0,0.0
218,240,0.0,0.0,2.0,0.0,0.0,2.0,1.0,1.0,0.0,0.0,0.0,0.0,0.0,0.0,0.0,0.0,0.0,0.0,0.0,0.0,0.0,0.0,0.0,0.0,0.0,0.0,0.0,0.0,0.0,0.0
219,241,5.0,9.0,10.0,17.0,10.0,23.0,13.0,26.0,17.0,29.0,6.0,6.0,7.0,6.0,12.0,3.0,7.0,2.0,2.0,1.0,4.0,1.0,0.0,0.0,0.0,0.0,0.0,0.0,0.0,0.0
220,242,2.0,2.0,3.0,2.0,3.0,1.0,5.0,2.0,1.0,0.0,0.0,0.0,0.0,0.0,0.0,0.0,0.0,0.0,0.0,0.0,0.0,0.0,0.0,0.0,0.0,0.0,0.0,0.0,0.0,0.0
221,243,2.0,5.0,4.0,7.0,10.0,22.0,13.0,38.0,17.0,47.0,21.0,47.0,34.0,32.0,23.0,42.0,58.0,42.0,63.0,67.0,46.0,46.0,23.0,8.0,13.0,18.0,33.0,15.0,20.0,5.0
222,244,0.0,3.0,2.0,8.0,4.0,2.0,9.0,6.0,5.0,11.0,3.0,3.0,11.0,12.0,14.0,21.0,47.0,17.0,13.0,27.0,25.0,27.0,28.0,33.0,37.0,34.0,13.0,11.0,21.0,6.0
223,245,0.0,3.0,3.0,6.0,2.0,4.0,3.0,2.0,0.0,0.0,0.0,0.0,0.0,0.0,0.0,0.0,0.0,0.0,0.0,0.0,0.0,0.0,0.0,0.0,0.0,0.0,0.0,0.0,0.0,0.0
224,248,2.0,1.0,4.0,2.0,6.0,12.0,10.0,11.0,8.0,23.0,13.0,18.0,21.0,39.0,20.0,26.0,33.0,38.0,21.0,16.0,8.0,14.0,19.0,11.0,11.0,15.0,15.0,20.0,22.0,20.0
225,249,0.0,2.0,7.0,12.0,15.0,13.0,13.0,20.0,30.0,42.0,18.0,24.0,24.0,28.0,29.0,49.0,54.0,108.0,88.0,116.0,53.0,47.0,78.0,54.0,106.0,97.0,41.0,19.0,34.0,25.0
226,250,0.0,2.0,1.0,3.0,1.0,3.0,4.0,3.0,4.0,7.0,6.0,22.0,13.0,3.0,1.0,4.0,4.0,6.0,0.0,0.0,0.0,0.0,0.0,0.0,0.0,0.0,0.0,0.0,0.0,0.0
227,251,0.0,0.0,3.0,1.0,1.0,1.0,0.0,3.0,4.0,7.0,5.0,5.0,2.0,3.0,3.0,2.0,0.0,0.0,0.0,0.0,0.0,0.0,0.0,0.0,0.0,0.0,0.0,0.0,0.0,0.0
228,252,0.0,1.0,6.0,2.0,2.0,6.0,1.0,2.0,0.0,4.0,0.0,0.0,0.0,0.0,0.0,0.0,0.0,0.0,0.0,0.0,0.0,0.0,0.0,0.0,0.0,0.0,0.0,0.0,0.0,0.0
229,253,1.0,1.0,4.0,3.0,4.0,11.0,10.0,8.0,2.0,14.0,5.0,1.0,4.0,4.0,3.0,1.0,2.0,15.0,13.0,21.0,11.0,19.0,32.0,26.0,31.0,22.0,20.0,13.0,11.0,14.0
230,255,0.0,0.0,2.0,6.0,1.0,4.0,0.0,0.0,0.0,0.0,0.0,0.0,0.0,0.0,0.0,0.0,0.0,0.0,0.0,0.0,0.0,0.0,0.0,0.0,0.0,0.0,0.0,0.0,0.0,0.0
231,256,1.0,0.0,9.0,9.0,7.0,21.0,21.0,63.0,54.0,105.0,24.0,28.0,50.0,39.0,36.0,67.0,78.0,78.0,69.0,52.0,46.0,51.0,71.0,63.0,53.0,70.0,62.0,43.0,53.0,29.0
232,257,0.0,1.0,1.0,4.0,1.0,15.0,4.0,16.0,5.0,30.0,5.0,18.0,19.0,19.0,7.0,6.0,14.0,16.0,16.0,15.0,4.0,0.0,0.0,0.0,0.0,0.0,0.0,0.0,0.0,0.0
233,259,1.0,1.0,2.0,4.0,4.0,2.0,0.0,8.0,0.0,10.0,3.0,19.0,15.0,7.0,4.0,4.0,6.0,8.0,21.0,15.0,8.0,8.0,14.0,19.0,15.0,10.0,9.0,12.0,23.0,29.0
234,261,2.0,5.0,7.0,11.0,7.0,10.0,13.0,13.0,9.0,44.0,13.0,37.0,44.0,31.0,27.0,24.0,37.0,29.0,47.0,21.0,28.0,68.0,73.0,81.0,54.0,36.0,19.0,19.0,54.0,34.0
235,262,0.0,2.0,2.0,8.0,2.0,0.0,0.0,1.0,0.0,0.0,0.0,0.0,0.0,0.0,0.0,0.0,0.0,0.0,0.0,0.0,0.0,0.0,0.0,0.0,0.0,0.0,0.0,0.0,0.0,0.0
236,263,2.0,0.0,1.0,1.0,2.0,7.0,4.0,6.0,10.0,38.0,8.0,18.0,25.0,39.0,28.0,40.0,32.0,31.0,35.0,36.0,12.0,10.0,7.0,12.0,5.0,4.0,2.0,4.0,4.0,1.0
237,264,1.0,0.0,0.0,0.0,0.0,0.0,0.0,0.0,0.0,0.0,0.0,0.0,0.0,0.0,0.0,0.0,0.0,0.0,0.0,0.0,0.0,0.0,0.0,0.0,0.0,0.0,0.0,0.0,0.0,0.0
238,265,3.0,8.0,9.0,16.0,11.0,31.0,28.0,34.0,30.0,70.0,28.0,34.0,64.0,47.0,44.0,59.0,81.0,72.0,82.0,94.0,82.0,76.0,127.0,78.0,72.0,71.0,53.0,33.0,63.0,48.0
239,266,0.0,1.0,5.0,5.0,1.0,0.0,0.0,0.0,0.0,0.0,0.0,0.0,0.0,0.0,0.0,0.0,0.0,0.0,0.0,0.0,0.0,0.0,0.0,0.0,0.0,0.0,0.0,0.0,0.0,0.0
240,267,2.0,1.0,1.0,1.0,1.0,1.0,1.0,0.0,0.0,0.0,0.0,0.0,0.0,0.0,0.0,0.0,0.0,0.0,0.0,0.0,0.0,0.0,0.0,0.0,0.0,0.0,0.0,0.0,0.0,0.0
241,268,1.0,0.0,0.0,1.0,1.0,1.0,1.0,1.0,0.0,5.0,0.0,0.0,0.0,0.0,0.0,0.0,0.0,0.0,0.0,0.0,0.0,0.0,0.0,0.0,0.0,0.0,0.0,0.0,0.0,0.0
242,269,0.0,0.0,1.0,4.0,2.0,10.0,15.0,30.0,50.0,70.0,23.0,50.0,76.0,45.0,27.0,37.0,60.0,84.0,66.0,49.0,33.0,51.0,56.0,40.0,45.0,48.0,64.0,44.0,60.0,75.0
243,270,0.0,3.0,0.0,0.0,2.0,4.0,4.0,4.0,1.0,8.0,7.0,8.0,11.0,7.0,7.0,17.0,10.0,11.0,3.0,8.0,5.0,0.0,0.0,0.0,0.0,0.0,0.0,0.0,0.0,0.0
244,271,0.0,4.0,11.0,6.0,4.0,5.0,1.0,5.0,0.0,5.0,3.0,12.0,8.0,0.0,0.0,0.0,0.0,0.0,0.0,0.0,0.0,0.0,0.0,0.0,0.0,0.0,0.0,0.0,0.0,0.0
245,272,1.0,4.0,3.0,1.0,2.0,0.0,2.0,2.0,0.0,2.0,6.0,3.0,8.0,6.0,4.0,3.0,7.0,2.0,0.0,0.0,0.0,0.0,0.0,0.0,0.0,0.0,0.0,0.0,0.0,0.0
246,273,1.0,1.0,0.0,0.0,0.0,0.0,0.0,0.0,0.0,0.0,0.0,0.0,0.0,0.0,0.0,0.0,0.0,0.0,0.0,0.0,0.0,0.0,0.0,0.0,0.0,0.0,0.0,0.0,0.0,0.0
247,274,1.0,2.0,3.0,2.0,3.0,5.0,2.0,0.0,0.0,0.0,0.0,0.0,0.0,0.0,0.0,0.0,0.0,0.0,0.0,0.0,0.0,0.0,0.0,0.0,0.0,0.0,0.0,0.0,0.0,0.0
248,275,3.0,0.0,12.0,6.0,6.0,19.0,8.0,22.0,4.0,40.0,23.0,39.0,42.0,34.0,36.0,85.0,96.0,101.0,99.0,63.0,77.0,68.0,136.0,69.0,111.0,105.0,112.0,86.0,155.0,80.0
249,276,0.0,0.0,1.0,4.0,4.0,19.0,11.0,18.0,15.0,57.0,30.0,49.0,112.0,69.0,57.0,68.0,84.0,79.0,55.0,63.0,40.0,45.0,75.0,46.0,66.0,70.0,64.0,47.0,82.0,65.0
250,277,1.0,3.0,8.0,8.0,9.0,9.0,15.0,23.0,17.0,47.0,28.0,58.0,77.0,59.0,55.0,69.0,105.0,119.0,141.0,128.0,52.0,42.0,59.0,63.0,75.0,87.0,108.0,47.0,63.0,52.0
251,278,4.0,18.0,13.0,10.0,7.0,29.0,20.0,33.0,11.0,44.0,15.0,17.0,53.0,46.0,45.0,60.0,76.0,95.0,68.0,72.0,81.0,81.0,118.0,123.0,112.0,110.0,124.0,71.0,111.0,93.0
252,279,0.0,3.0,6.0,9.0,11.0,12.0,10.0,20.0,25.0,19.0,4.0,14.0,19.0,26.0,15.0,39.0,55.0,42.0,26.0,19.0,13.0,31.0,92.0,98.0,89.0,95.0,94.0,50.0,112.0,76.0
253,280,9.0,5.0,11.0,10.0,13.0,18.0,20.0,33.0,10.0,54.0,22.0,51.0,60.0,38.0,26.0,45.0,60.0,93.0,76.0,102.0,69.0,77.0,138.0,98.0,138.0,145.0,108.0,100.0,170.0,74.0
254,281,0.0,0.0,1.0,1.0,0.0,3.0,2.0,2.0,1.0,6.0,0.0,5.0,2.0,2.0,2.0,1.0,0.0,0.0,0.0,0.0,0.0,0.0,0.0,0.0,0.0,0.0,0.0,0.0,0.0,0.0
255,283,0.0,1.0,0.0,3.0,0.0,2.0,0.0,0.0,2.0,0.0,0.0,0.0,0.0,0.0,0.0,0.0,0.0,0.0,0.0,0.0,0.0,0.0,0.0,0.0,0.0,0.0,0.0,0.0,0.0,0.0
256,284,1.0,5.0,2.0,1.0,1.0,1.0,5.0,12.0,8.0,26.0,19.0,9.0,27.0,4.0,2.0,0.0,0.0,0.0,0.0,0.0,0.0,0.0,0.0,0.0,0.0,0.0,0.0,0.0,0.0,0.0
257,285,2.0,2.0,3.0,10.0,3.0,7.0,12.0,17.0,4.0,46.0,14.0,44.0,47.0,42.0,31.0,25.0,32.0,42.0,56.0,71.0,72.0,56.0,106.0,50.0,54.0,71.0,49.0,52.0,46.0,70.0
258,286,0.0,0.0,1.0,0.0,2.0,0.0,4.0,10.0,7.0,4.0,4.0,2.0,9.0,1.0,0.0,0.0,0.0,0.0,0.0,0.0,0.0,0.0,0.0,0.0,0.0,0.0,0.0,0.0,0.0,0.0
259,287,5.0,3.0,9.0,7.0,4.0,13.0,13.0,25.0,30.0,37.0,21.0,21.0,74.0,76.0,53.0,82.0,97.0,120.0,148.0,180.0,120.0,159.0,283.0,182.0,316.0,271.0,255.0,178.0,229.0,150.0
260,288,1.0,1.0,2.0,4.0,9.0,6.0,3.0,3.0,0.0,5.0,0.0,0.0,0.0,0.0,0.0,0.0,0.0,0.0,0.0,0.0,0.0,0.0,0.0,0.0,0.0,0.0,0.0,0.0,0.0,0.0
261,289,2.0,2.0,4.0,15.0,5.0,12.0,12.0,16.0,5.0,43.0,9.0,15.0,16.0,11.0,6.0,30.0,22.0,53.0,63.0,44.0,19.0,22.0,16.0,3.0,0.0,0.0,0.0,0.0,0.0,0.0
262,290,0.0,1.0,4.0,1.0,0.0,0.0,0.0,0.0,0.0,0.0,0.0,0.0,0.0,0.0,0.0,0.0,0.0,0.0,0.0,0.0,0.0,0.0,0.0,0.0,0.0,0.0,0.0,0.0,0.0,0.0
263,291,2.0,4.0,3.0,7.0,1.0,7.0,8.0,18.0,6.0,40.0,18.0,37.0,54.0,37.0,15.0,14.0,36.0,38.0,52.0,81.0,50.0,50.0,37.0,47.0,71.0,47.0,71.0,39.0,75.0,39.0
264,292,1.0,2.0,0.0,1.0,1.0,2.0,3.0,4.0,0.0,6.0,0.0,0.0,0.0,0.0,0.0,0.0,0.0,0.0,0.0,0.0,0.0,0.0,0.0,0.0,0.0,0.0,0.0,0.0,0.0,0.0
265,293,1.0,1.0,0.0,0.0,0.0,0.0,0.0,0.0,0.0,0.0,0.0,0.0,0.0,0.0,0.0,0.0,0.0,0.0,0.0,0.0,0.0,0.0,0.0,0.0,0.0,0.0,0.0,0.0,0.0,0.0
266,294,1.0,0.0,2.0,3.0,0.0,1.0,0.0,0.0,0.0,0.0,0.0,0.0,0.0,0.0,0.0,0.0,0.0,0.0,0.0,0.0,0.0,0.0,0.0,0.0,0.0,0.0,0.0,0.0,0.0,0.0
267,295,0.0,1.0,1.0,0.0,3.0,0.0,0.0,0.0,0.0,0.0,0.0,0.0,0.0,0.0,0.0,0.0,0.0,0.0,0.0,0.0,0.0,0.0,0.0,0.0,0.0,0.0,0.0,0.0,0.0,0.0
268,296,0.0,4.0,2.0,0.0,0.0,7.0,3.0,3.0,3.0,17.0,7.0,7.0,15.0,19.0,9.0,9.0,26.0,28.0,25.0,22.0,31.0,22.0,36.0,21.0,11.0,21.0,36.0,14.0,18.0,21.0
269,297,0.0,3.0,5.0,17.0,2.0,23.0,17.0,22.0,6.0,68.0,22.0,25.0,48.0,29.0,21.0,30.0,57.0,76.0,87.0,52.0,74.0,66.0,142.0,125.0,204.0,161.0,111.0,68.0,97.0,98.0
270,298,2.0,0.0,3.0,4.0,11.0,5.0,5.0,12.0,2.0,12.0,14.0,17.0,19.0,16.0,8.0,7.0,11.0,19.0,30.0,37.0,38.0,38.0,88.0,80.0,105.0,152.0,151.0,103.0,160.0,89.0
271,299,3.0,5.0,6.0,7.0,6.0,21.0,8.0,14.0,2.0,53.0,12.0,42.0,69.0,79.0,51.0,99.0,119.0,164.0,190.0,125.0,108.0,110.0,130.0,136.0,157.0,176.0,111.0,50.0,78.0,65.0
272,300,0.0,2.0,0.0,0.0,0.0,0.0,0.0,0.0,0.0,0.0,0.0,0.0,0.0,0.0,0.0,0.0,0.0,0.0,0.0,0.0,0.0,0.0,0.0,0.0,0.0,0.0,0.0,0.0,0.0,0.0
273,301,1.0,4.0,1.0,4.0,1.0,1.0,3.0,8.0,3.0,12.0,3.0,10.0,19.0,11.0,2.0,6.0,1.0,0.0,0.0,0.0,0.0,0.0,0.0,0.0,0.0,0.0,0.0,0.0,0.0,0.0
274,302,0.0,1.0,1.0,4.0,0.0,2.0,3.0,0.0,11.0,7.0,0.0,7.0,6.0,5.0,4.0,6.0,9.0,8.0,8.0,17.0,0.0,0.0,0.0,0.0,0.0,0.0,0.0,0.0,0.0,0.0
275,303,0.0,1.0,1.0,0.0,0.0,0.0,0.0,0.0,0.0,0.0,0.0,0.0,0.0,0.0,0.0,0.0,0.0,0.0,0.0,0.0,0.0,0.0,0.0,0.0,0.0,0.0,0.0,0.0,0.0,0.0
276,304,1.0,12.0,13.0,23.0,14.0,12.0,12.0,18.0,25.0,26.0,6.0,9.0,17.0,10.0,6.0,5.0,7.0,17.0,38.0,40.0,20.0,17.0,35.0,19.0,22.0,30.0,25.0,11.0,33.0,43.0
277,305,1.0,1.0,7.0,6.0,6.0,7.0,1.0,7.0,10.0,33.0,10.0,7.0,30.0,18.0,9.0,19.0,18.0,20.0,27.0,19.0,4.0,12.0,2.0,7.0,1.0,0.0,0.0,0.0,0.0,0.0
278,306,1.0,1.0,4.0,5.0,4.0,21.0,13.0,13.0,15.0,42.0,22.0,22.0,57.0,43.0,18.0,54.0,77.0,85.0,67.0,59.0,53.0,47.0,72.0,68.0,58.0,71.0,60.0,49.0,85.0,65.0
279,307,0.0,2.0,1.0,4.0,2.0,1.0,4.0,12.0,0.0,7.0,1.0,0.0,0.0,0.0,0.0,0.0,0.0,0.0,0.0,0.0,0.0,0.0,0.0,0.0,0.0,0.0,0.0,0.0,0.0,0.0
280,308,7.0,7.0,18.0,26.0,17.0,27.0,29.0,48.0,36.0,62.0,26.0,47.0,59.0,32.0,26.0,42.0,56.0,68.0,31.0,26.0,53.0,14.0,56.0,32.0,52.0,43.0,39.0,51.0,59.0,29.0
281,309,1.0,9.0,5.0,6.0,3.0,5.0,6.0,11.0,12.0,41.0,11.0,29.0,14.0,15.0,11.0,25.0,28.0,16.0,10.0,11.0,14.0,20.0,19.0,26.0,53.0,38.0,38.0,57.0,90.0,70.0
282,310,7.0,14.0,23.0,23.0,13.0,48.0,27.0,54.0,20.0,75.0,23.0,57.0,77.0,50.0,52.0,56.0,88.0,120.0,76.0,74.0,45.0,41.0,91.0,75.0,65.0,78.0,77.0,55.0,79.0,54.0
283,311,1.0,0.0,2.0,0.0,2.0,2.0,4.0,0.0,5.0,7.0,3.0,2.0,5.0,4.0,12.0,2.0,4.0,4.0,0.0,0.0,0.0,0.0,0.0,0.0,0.0,0.0,0.0,0.0,0.0,0.0
284,312,7.0,11.0,15.0,9.0,7.0,11.0,8.0,10.0,27.0,23.0,11.0,14.0,35.0,15.0,17.0,17.0,17.0,25.0,23.0,32.0,27.0,24.0,44.0,40.0,49.0,58.0,58.0,21.0,85.0,39.0
285,313,1.0,5.0,10.0,7.0,5.0,1.0,7.0,13.0,10.0,28.0,3.0,8.0,11.0,10.0,6.0,4.0,3.0,0.0,0.0,0.0,0.0,0.0,0.0,0.0,0.0,0.0,0.0,0.0,0.0,0.0
286,314,0.0,0.0,0.0,1.0,2.0,0.0,1.0,2.0,6.0,12.0,4.0,4.0,14.0,7.0,2.0,1.0,2.0,9.0,8.0,11.0,0.0,6.0,18.0,11.0,55.0,38.0,51.0,32.0,28.0,27.0
287,315,2.0,1.0,2.0,8.0,5.0,6.0,4.0,6.0,1.0,9.0,3.0,3.0,6.0,10.0,15.0,8.0,25.0,28.0,42.0,55.0,35.0,27.0,67.0,49.0,56.0,60.0,37.0,40.0,63.0,38.0
288,316,0.0,0.0,0.0,1.0,0.0,1.0,0.0,3.0,0.0,7.0,0.0,2.0,7.0,1.0,0.0,0.0,0.0,0.0,0.0,0.0,0.0,0.0,0.0,0.0,0.0,0.0,0.0,0.0,0.0,0.0
289,317,0.0,1.0,5.0,5.0,3.0,5.0,2.0,7.0,1.0,18.0,0.0,1.0,6.0,1.0,1.0,0.0,0.0,0.0,0.0,0.0,0.0,0.0,0.0,0.0,0.0,0.0,0.0,0.0,0.0,0.0
290,318,4.0,13.0,12.0,28.0,18.0,36.0,26.0,46.0,32.0,82.0,33.0,37.0,90.0,85.0,62.0,76.0,116.0,158.0,153.0,234.0,148.0,194.0,355.0,279.0,380.0,453.0,320.0,216.0,325.0,194.0
291,319,2.0,10.0,12.0,14.0,14.0,28.0,14.0,34.0,15.0,59.0,23.0,44.0,43.0,39.0,22.0,31.0,61.0,55.0,57.0,36.0,51.0,49.0,80.0,39.0,50.0,59.0,46.0,36.0,70.0,65.0
292,320,0.0,4.0,3.0,9.0,8.0,11.0,4.0,1.0,0.0,0.0,0.0,0.0,0.0,0.0,0.0,0.0,0.0,0.0,0.0,0.0,0.0,0.0,0.0,0.0,0.0,0.0,0.0,0.0,0.0,0.0
293,321,2.0,1.0,2.0,8.0,5.0,8.0,12.0,18.0,11.0,43.0,16.0,40.0,25.0,29.0,19.0,29.0,60.0,86.0,60.0,39.0,21.0,37.0,74.0,69.0,90.0,105.0,122.0,59.0,123.0,93.0
294,322,2.0,4.0,9.0,14.0,2.0,7.0,10.0,3.0,7.0,6.0,2.0,0.0,0.0,0.0,0.0,0.0,0.0,0.0,0.0,0.0,0.0,0.0,0.0,0.0,0.0,0.0,0.0,0.0,0.0,0.0
295,323,1.0,0.0,0.0,3.0,5.0,2.0,3.0,2.0,5.0,8.0,1.0,13.0,13.0,8.0,8.0,2.0,6.0,0.0,0.0,0.0,0.0,0.0,0.0,0.0,0.0,0.0,0.0,0.0,0.0,0.0
296,325,0.0,0.0,2.0,0.0,2.0,9.0,2.0,3.0,0.0,9.0,3.0,12.0,23.0,16.0,6.0,9.0,19.0,15.0,12.0,17.0,16.0,10.0,3.0,17.0,19.0,30.0,7.0,12.0,27.0,14.0
297,326,0.0,0.0,1.0,6.0,2.0,3.0,7.0,9.0,0.0,12.0,3.0,3.0,0.0,0.0,0.0,0.0,0.0,0.0,0.0,0.0,0.0,0.0,0.0,0.0,0.0,0.0,0.0,0.0,0.0,0.0
298,327,1.0,1.0,5.0,11.0,7.0,16.0,14.0,19.0,14.0,41.0,12.0,14.0,38.0,32.0,27.0,37.0,53.0,59.0,63.0,51.0,32.0,47.0,56.0,36.0,13.0,7.0,0.0,0.0,0.0,0.0
299,328,1.0,3.0,8.0,6.0,10.0,4.0,10.0,18.0,25.0,52.0,18.0,27.0,65.0,62.0,34.0,21.0,44.0,67.0,37.0,38.0,15.0,3.0,14.0,28.0,14.0,6.0,3.0,1.0,0.0,0.0
300,329,1.0,2.0,5.0,6.0,3.0,17.0,14.0,26.0,1.0,21.0,6.0,9.0,5.0,3.0,5.0,0.0,0.0,0.0,0.0,0.0,0.0,0.0,0.0,0.0,0.0,0.0,0.0,0.0,0.0,0.0
301,330,0.0,3.0,4.0,1.0,0.0,6.0,1.0,6.0,0.0,6.0,5.0,10.0,8.0,5.0,3.0,3.0,4.0,9.0,16.0,8.0,3.0,5.0,24.0,28.0,41.0,26.0,12.0,15.0,42.0,15.0
302,331,0.0,1.0,0.0,1.0,3.0,2.0,1.0,7.0,0.0,7.0,3.0,8.0,13.0,12.0,16.0,6.0,7.0,5.0,6.0,19.0,12.0,10.0,13.0,21.0,28.0,66.0,67.0,32.0,24.0,27.0
303,332,2.0,0.0,4.0,0.0,4.0,9.0,9.0,23.0,13.0,15.0,8.0,32.0,25.0,17.0,9.0,7.0,9.0,2.0,0.0,0.0,0.0,0.0,0.0,0.0,0.0,0.0,0.0,0.0,0.0,0.0
304,333,2.0,3.0,2.0,7.0,5.0,10.0,9.0,3.0,0.0,14.0,10.0,3.0,2.0,1.0,0.0,0.0,0.0,0.0,0.0,0.0,0.0,0.0,0.0,0.0,0.0,0.0,0.0,0.0,0.0,0.0
305,334,0.0,1.0,3.0,0.0,0.0,0.0,0.0,0.0,0.0,0.0,0.0,0.0,0.0,0.0,0.0,0.0,0.0,0.0,0.0,0.0,0.0,0.0,0.0,0.0,0.0,0.0,0.0,0.0,0.0,0.0
306,335,3.0,3.0,9.0,12.0,11.0,18.0,18.0,34.0,26.0,66.0,21.0,70.0,105.0,99.0,51.0,100.0,122.0,164.0,146.0,199.0,118.0,106.0,189.0,231.0,254.0,261.0,203.0,139.0,232.0,154.0
307,336,1.0,1.0,2.0,0.0,0.0,2.0,0.0,0.0,0.0,0.0,0.0,0.0,0.0,0.0,0.0,0.0,0.0,0.0,0.0,0.0,0.0,0.0,0.0,0.0,0.0,0.0,0.0,0.0,0.0,0.0
308,337,2.0,3.0,8.0,5.0,5.0,19.0,6.0,14.0,10.0,11.0,4.0,25.0,20.0,9.0,6.0,6.0,3.0,1.0,0.0,0.0,0.0,0.0,0.0,0.0,0.0,0.0,0.0,0.0,0.0,0.0
309,338,0.0,0.0,0.0,1.0,3.0,2.0,2.0,8.0,14.0,6.0,2.0,5.0,17.0,11.0,4.0,5.0,11.0,8.0,1.0,5.0,3.0,1.0,11.0,18.0,9.0,9.0,11.0,0.0,0.0,0.0
310,339,0.0,4.0,0.0,0.0,0.0,0.0,0.0,0.0,0.0,0.0,0.0,0.0,0.0,0.0,0.0,0.0,0.0,0.0,0.0,0.0,0.0,0.0,0.0,0.0,0.0,0.0,0.0,0.0,0.0,0.0
311,340,5.0,1.0,11.0,8.0,5.0,5.0,7.0,9.0,10.0,5.0,0.0,1.0,4.0,4.0,1.0,5.0,3.0,20.0,18.0,11.0,23.0,8.0,24.0,26.0,29.0,49.0,57.0,42.0,77.0,63.0
312,341,2.0,3.0,6.0,6.0,5.0,4.0,1.0,4.0,3.0,5.0,7.0,22.0,21.0,9.0,14.0,26.0,37.0,72.0,56.0,47.0,71.0,92.0,117.0,111.0,97.0,119.0,87.0,71.0,123.0,76.0
313,342,0.0,3.0,3.0,0.0,2.0,6.0,5.0,8.0,2.0,9.0,5.0,27.0,12.0,7.0,5.0,3.0,3.0,0.0,0.0,0.0,0.0,0.0,0.0,0.0,0.0,0.0,0.0,0.0,0.0,0.0
314,343,0.0,3.0,1.0,1.0,1.0,0.0,0.0,5.0,0.0,0.0,0.0,0.0,0.0,0.0,0.0,0.0,0.0,0.0,0.0,0.0,0.0,0.0,0.0,0.0,0.0,0.0,0.0,0.0,0.0,0.0
315,344,0.0,0.0,2.0,4.0,3.0,4.0,4.0,6.0,13.0,48.0,7.0,37.0,23.0,24.0,24.0,22.0,29.0,48.0,35.0,53.0,39.0,27.0,30.0,23.0,24.0,9.0,33.0,18.0,4.0,6.0
316,345,0.0,2.0,0.0,0.0,0.0,0.0,0.0,0.0,0.0,0.0,0.0,0.0,0.0,0.0,0.0,0.0,0.0,0.0,0.0,0.0,0.0,0.0,0.0,0.0,0.0,0.0,0.0,0.0,0.0,0.0
317,346,0.0,1.0,2.0,5.0,3.0,4.0,9.0,19.0,29.0,35.0,12.0,30.0,47.0,25.0,22.0,24.0,26.0,58.0,46.0,36.0,32.0,29.0,49.0,45.0,55.0,66.0,74.0,30.0,38.0,33.0
318,347,2.0,0.0,1.0,5.0,6.0,3.0,3.0,6.0,0.0,12.0,2.0,15.0,8.0,7.0,9.0,11.0,6.0,17.0,11.0,8.0,7.0,1.0,8.0,11.0,6.0,9.0,6.0,0.0,0.0,0.0
319,348,0.0,0.0,1.0,4.0,2.0,2.0,3.0,4.0,4.0,24.0,13.0,23.0,16.0,6.0,0.0,17.0,17.0,17.0,10.0,15.0,17.0,24.0,12.0,33.0,33.0,5.0,14.0,4.0,21.0,10.0
320,350,0.0,4.0,4.0,1.0,7.0,10.0,14.0,4.0,0.0,25.0,8.0,17.0,18.0,13.0,9.0,2.0,16.0,21.0,40.0,32.0,54.0,38.0,40.0,40.0,44.0,48.0,27.0,21.0,46.0,34.0
321,351,0.0,1.0,0.0,0.0,0.0,0.0,0.0,0.0,0.0,0.0,0.0,0.0,0.0,0.0,0.0,0.0,0.0,0.0,0.0,0.0,0.0,0.0,0.0,0.0,0.0,0.0,0.0,0.0,0.0,0.0
322,352,3.0,7.0,7.0,6.0,7.0,10.0,10.0,8.0,10.0,36.0,7.0,36.0,40.0,33.0,14.0,35.0,37.0,70.0,86.0,79.0,55.0,63.0,57.0,33.0,45.0,65.0,45.0,32.0,76.0,65.0
323,353,3.0,2.0,3.0,1.0,4.0,2.0,3.0,12.0,27.0,6.0,5.0,7.0,7.0,2.0,0.0,0.0,0.0,0.0,0.0,0.0,0.0,0.0,0.0,0.0,0.0,0.0,0.0,0.0,0.0,0.0
324,354,0.0,1.0,1.0,1.0,0.0,1.0,5.0,2.0,0.0,7.0,5.0,8.0,6.0,6.0,4.0,10.0,9.0,18.0,19.0,6.0,9.0,27.0,19.0,14.0,15.0,10.0,17.0,9.0,5.0,11.0
325,355,0.0,1.0,2.0,0.0,0.0,0.0,0.0,0.0,0.0,0.0,0.0,0.0,0.0,0.0,0.0,0.0,0.0,0.0,0.0,0.0,0.0,0.0,0.0,0.0,0.0,0.0,0.0,0.0,0.0,0.0
326,356,1.0,0.0,0.0,1.0,1.0,0.0,0.0,0.0,0.0,0.0,0.0,0.0,0.0,0.0,0.0,0.0,0.0,0.0,0.0,0.0,0.0,0.0,0.0,0.0,0.0,0.0,0.0,0.0,0.0,0.0
327,357,2.0,4.0,5.0,6.0,2.0,12.0,2.0,0.0,0.0,11.0,4.0,7.0,8.0,9.0,8.0,12.0,29.0,24.0,39.0,38.0,32.0,48.0,39.0,15.0,29.0,11.0,20.0,4.0,24.0,8.0
328,358,0.0,4.0,3.0,6.0,2.0,4.0,5.0,6.0,6.0,8.0,4.0,3.0,0.0,0.0,0.0,0.0,0.0,0.0,0.0,0.0,0.0,0.0,0.0,0.0,0.0,0.0,0.0,0.0,0.0,0.0
329,359,1.0,1.0,5.0,2.0,1.0,4.0,8.0,15.0,6.0,22.0,16.0,31.0,22.0,23.0,15.0,39.0,33.0,31.0,28.0,27.0,10.0,10.0,17.0,9.0,24.0,28.0,11.0,7.0,9.0,11.0
330,360,0.0,2.0,14.0,9.0,4.0,12.0,8.0,13.0,22.0,26.0,8.0,23.0,28.0,10.0,2.0,1.0,9.0,3.0,5.0,13.0,9.0,4.0,25.0,12.0,6.0,13.0,6.0,2.0,6.0,8.0
331,362,1.0,0.0,1.0,3.0,1.0,7.0,3.0,7.0,3.0,26.0,4.0,39.0,40.0,32.0,19.0,34.0,36.0,50.0,24.0,20.0,26.0,28.0,51.0,59.0,30.0,60.0,77.0,45.0,81.0,50.0
332,364,0.0,3.0,3.0,1.0,1.0,4.0,2.0,9.0,13.0,21.0,14.0,25.0,21.0,14.0,13.0,17.0,49.0,38.0,28.0,24.0,32.0,41.0,47.0,45.0,70.0,97.0,81.0,68.0,98.0,89.0
333,365,0.0,2.0,0.0,1.0,0.0,1.0,3.0,3.0,1.0,4.0,0.0,0.0,12.0,2.0,6.0,0.0,0.0,0.0,0.0,0.0,0.0,0.0,0.0,0.0,0.0,0.0,0.0,0.0,0.0,0.0
334,366,1.0,0.0,1.0,2.0,4.0,1.0,1.0,2.0,0.0,0.0,0.0,0.0,0.0,0.0,0.0,0.0,0.0,0.0,0.0,0.0,0.0,0.0,0.0,0.0,0.0,0.0,0.0,0.0,0.0,0.0
335,367,1.0,0.0,5.0,12.0,6.0,9.0,14.0,27.0,20.0,54.0,22.0,34.0,62.0,40.0,42.0,57.0,96.0,128.0,130.0,130.0,84.0,87.0,129.0,90.0,72.0,108.0,120.0,68.0,95.0,48.0
336,368,2.0,3.0,9.0,19.0,10.0,25.0,25.0,60.0,64.0,161.0,64.0,157.0,182.0,180.0,120.0,164.0,265.0,258.0,317.0,328.0,328.0,283.0,410.0,377.0,483.0,444.0,315.0,200.0,346.0,234.0
337,369,1.0,0.0,2.0,3.0,2.0,0.0,4.0,8.0,13.0,10.0,16.0,9.0,26.0,16.0,13.0,23.0,39.0,76.0,67.0,45.0,25.0,51.0,100.0,63.0,90.0,75.0,65.0,51.0,57.0,19.0
338,370,2.0,1.0,9.0,8.0,10.0,23.0,23.0,34.0,70.0,85.0,35.0,66.0,96.0,90.0,49.0,76.0,114.0,115.0,98.0,136.0,89.0,80.0,144.0,149.0,166.0,156.0,168.0,85.0,98.0,53.0
339,371,1.0,5.0,0.0,2.0,1.0,1.0,1.0,5.0,1.0,7.0,0.0,2.0,9.0,9.0,5.0,13.0,12.0,27.0,12.0,18.0,10.0,20.0,34.0,29.0,23.0,12.0,12.0,1.0,0.0,0.0
340,372,1.0,3.0,3.0,2.0,3.0,8.0,11.0,15.0,2.0,16.0,5.0,13.0,22.0,11.0,12.0,11.0,9.0,15.0,19.0,18.0,20.0,41.0,50.0,49.0,89.0,58.0,84.0,62.0,68.0,45.0
341,373,3.0,3.0,9.0,9.0,5.0,13.0,11.0,19.0,7.0,25.0,12.0,55.0,54.0,30.0,23.0,25.0,36.0,38.0,39.0,58.0,31.0,36.0,74.0,61.0,99.0,119.0,126.0,70.0,105.0,54.0
342,375,0.0,1.0,1.0,7.0,7.0,7.0,6.0,21.0,8.0,28.0,5.0,19.0,20.0,25.0,9.0,23.0,27.0,48.0,59.0,97.0,49.0,33.0,66.0,28.0,46.0,12.0,8.0,15.0,18.0,6.0
343,376,0.0,0.0,2.0,1.0,0.0,3.0,3.0,2.0,0.0,0.0,0.0,0.0,0.0,0.0,0.0,0.0,0.0,0.0,0.0,0.0,0.0,0.0,0.0,0.0,0.0,0.0,0.0,0.0,0.0,0.0
344,377,0.0,4.0,7.0,5.0,5.0,16.0,11.0,26.0,22.0,60.0,13.0,19.0,9.0,11.0,12.0,16.0,43.0,44.0,48.0,74.0,80.0,56.0,71.0,70.0,100.0,140.0,143.0,91.0,124.0,74.0
345,378,2.0,2.0,5.0,3.0,2.0,10.0,8.0,11.0,19.0,12.0,8.0,32.0,18.0,14.0,11.0,27.0,26.0,16.0,13.0,19.0,30.0,23.0,30.0,19.0,74.0,49.0,19.0,16.0,13.0,20.0
346,379,1.0,1.0,1.0,2.0,0.0,1.0,0.0,3.0,0.0,0.0,0.0,0.0,0.0,0.0,0.0,0.0,0.0,0.0,0.0,0.0,0.0,0.0,0.0,0.0,0.0,0.0,0.0,0.0,0.0,0.0
347,382,0.0,6.0,13.0,8.0,12.0,18.0,10.0,15.0,19.0,16.0,8.0,18.0,17.0,19.0,12.0,27.0,28.0,60.0,71.0,84.0,79.0,84.0,152.0,139.0,118.0,154.0,91.0,52.0,40.0,12.0
348,383,1.0,8.0,6.0,8.0,17.0,20.0,27.0,28.0,13.0,59.0,21.0,47.0,50.0,67.0,60.0,96.0,174.0,228.0,208.0,224.0,197.0,238.0,323.0,304.0,313.0,401.0,307.0,160.0,294.0,188.0
349,384,1.0,1.0,4.0,4.0,4.0,8.0,10.0,25.0,3.0,36.0,20.0,26.0,33.0,24.0,14.0,14.0,32.0,33.0,42.0,46.0,26.0,40.0,39.0,35.0,55.0,106.0,103.0,35.0,86.0,57.0
350,385,3.0,5.0,5.0,3.0,3.0,4.0,4.0,14.0,14.0,20.0,13.0,9.0,14.0,14.0,5.0,23.0,36.0,51.0,28.0,45.0,49.0,61.0,68.0,40.0,60.0,71.0,60.0,59.0,65.0,38.0
351,386,0.0,2.0,2.0,7.0,4.0,11.0,17.0,30.0,26.0,52.0,24.0,34.0,29.0,31.0,17.0,29.0,29.0,26.0,7.0,6.0,6.0,1.0,7.0,0.0,0.0,0.0,0.0,0.0,0.0,0.0
352,387,0.0,1.0,6.0,5.0,2.0,7.0,6.0,6.0,3.0,7.0,0.0,3.0,0.0,0.0,0.0,0.0,0.0,0.0,0.0,0.0,0.0,0.0,0.0,0.0,0.0,0.0,0.0,0.0,0.0,0.0
353,388,2.0,3.0,0.0,7.0,5.0,7.0,10.0,29.0,22.0,56.0,6.0,25.0,32.0,9.0,14.0,6.0,14.0,9.0,4.0,1.0,0.0,0.0,0.0,0.0,0.0,0.0,0.0,0.0,0.0,0.0
354,389,1.0,0.0,2.0,1.0,1.0,1.0,3.0,8.0,19.0,18.0,10.0,8.0,18.0,13.0,11.0,17.0,12.0,14.0,14.0,29.0,45.0,23.0,38.0,33.0,27.0,18.0,25.0,17.0,21.0,13.0
355,390,0.0,1.0,3.0,3.0,0.0,0.0,2.0,2.0,4.0,0.0,0.0,1.0,0.0,0.0,0.0,0.0,0.0,0.0,0.0,0.0,0.0,0.0,0.0,0.0,0.0,0.0,0.0,0.0,0.0,0.0
356,391,0.0,3.0,9.0,2.0,3.0,5.0,10.0,17.0,14.0,11.0,5.0,22.0,37.0,24.0,20.0,24.0,34.0,35.0,45.0,36.0,17.0,29.0,30.0,31.0,55.0,45.0,52.0,38.0,65.0,36.0
357,392,1.0,9.0,14.0,19.0,13.0,25.0,28.0,37.0,67.0,90.0,32.0,63.0,80.0,51.0,60.0,67.0,101.0,123.0,137.0,189.0,170.0,141.0,213.0,180.0,242.0,322.0,260.0,152.0,258.0,179.0
358,394,4.0,1.0,4.0,4.0,4.0,9.0,7.0,21.0,18.0,27.0,4.0,21.0,31.0,25.0,19.0,18.0,19.0,55.0,30.0,30.0,18.0,40.0,52.0,50.0,71.0,93.0,65.0,40.0,54.0,39.0
359,395,3.0,0.0,2.0,3.0,2.0,2.0,0.0,3.0,0.0,0.0,0.0,0.0,0.0,0.0,0.0,0.0,0.0,0.0,0.0,0.0,0.0,0.0,0.0,0.0,0.0,0.0,0.0,0.0,0.0,0.0
360,396,0.0,1.0,5.0,0.0,2.0,3.0,4.0,20.0,12.0,23.0,10.0,18.0,33.0,21.0,10.0,18.0,33.0,59.0,54.0,94.0,73.0,79.0,104.0,79.0,154.0,147.0,145.0,91.0,149.0,103.0
361,397,0.0,1.0,5.0,10.0,4.0,9.0,9.0,22.0,11.0,42.0,18.0,25.0,42.0,36.0,29.0,50.0,75.0,110.0,91.0,84.0,60.0,57.0,106.0,103.0,145.0,169.0,179.0,123.0,198.0,157.0
362,398,1.0,1.0,5.0,3.0,4.0,5.0,1.0,11.0,15.0,11.0,5.0,2.0,12.0,9.0,9.0,2.0,7.0,5.0,10.0,4.0,13.0,11.0,7.0,0.0,0.0,0.0,0.0,0.0,0.0,0.0
363,399,0.0,1.0,0.0,4.0,0.0,3.0,2.0,5.0,5.0,23.0,5.0,17.0,38.0,32.0,19.0,38.0,69.0,84.0,86.0,73.0,61.0,36.0,58.0,13.0,34.0,33.0,20.0,7.0,2.0,3.0
364,400,1.0,7.0,3.0,13.0,15.0,21.0,17.0,31.0,28.0,76.0,26.0,74.0,75.0,73.0,64.0,82.0,103.0,96.0,129.0,180.0,133.0,119.0,201.0,135.0,188.0,210.0,183.0,81.0,158.0,57.0
365,401,3.0,7.0,16.0,14.0,9.0,11.0,16.0,31.0,63.0,89.0,27.0,75.0,100.0,61.0,50.0,78.0,100.0,171.0,146.0,200.0,141.0,186.0,245.0,223.0,213.0,242.0,257.0,122.0,219.0,169.0
366,402,1.0,1.0,4.0,7.0,8.0,8.0,14.0,14.0,7.0,25.0,5.0,20.0,25.0,15.0,27.0,41.0,65.0,85.0,56.0,112.0,46.0,69.0,144.0,95.0,102.0,160.0,74.0,45.0,103.0,76.0
367,403,2.0,0.0,6.0,7.0,9.0,19.0,13.0,20.0,7.0,39.0,13.0,45.0,44.0,53.0,56.0,43.0,93.0,84.0,82.0,61.0,57.0,84.0,109.0,92.0,131.0,157.0,121.0,93.0,128.0,98.0
368,404,5.0,1.0,9.0,9.0,6.0,21.0,18.0,12.0,5.0,28.0,11.0,30.0,46.0,21.0,7.0,10.0,28.0,26.0,28.0,33.0,38.0,41.0,76.0,63.0,89.0,96.0,106.0,35.0,66.0,34.0
369,406,1.0,0.0,1.0,0.0,0.0,0.0,2.0,0.0,0.0,0.0,0.0,0.0,0.0,0.0,0.0,0.0,0.0,0.0,0.0,0.0,0.0,0.0,0.0,0.0,0.0,0.0,0.0,0.0,0.0,0.0
370,407,1.0,6.0,10.0,20.0,12.0,11.0,6.0,18.0,31.0,55.0,14.0,51.0,37.0,18.0,31.0,28.0,55.0,61.0,70.0,50.0,23.0,33.0,39.0,33.0,17.0,12.0,19.0,9.0,12.0,20.0
371,408,1.0,1.0,2.0,4.0,1.0,5.0,5.0,0.0,0.0,0.0,0.0,0.0,0.0,0.0,0.0,0.0,0.0,0.0,0.0,0.0,0.0,0.0,0.0,0.0,0.0,0.0,0.0,0.0,0.0,0.0
372,409,2.0,0.0,4.0,6.0,1.0,15.0,4.0,11.0,30.0,33.0,4.0,19.0,22.0,10.0,6.0,19.0,23.0,41.0,29.0,30.0,34.0,57.0,55.0,55.0,57.0,65.0,76.0,43.0,81.0,52.0
373,410,0.0,0.0,1.0,2.0,3.0,1.0,2.0,0.0,0.0,0.0,0.0,0.0,0.0,0.0,0.0,0.0,0.0,0.0,0.0,0.0,0.0,0.0,0.0,0.0,0.0,0.0,0.0,0.0,0.0,0.0
374,411,0.0,3.0,5.0,8.0,5.0,17.0,11.0,34.0,24.0,64.0,23.0,50.0,50.0,39.0,15.0,26.0,56.0,79.0,68.0,60.0,52.0,105.0,120.0,117.0,141.0,130.0,132.0,67.0,163.0,98.0
375,412,1.0,0.0,1.0,3.0,2.0,5.0,4.0,4.0,0.0,0.0,0.0,0.0,0.0,0.0,0.0,0.0,0.0,0.0,0.0,0.0,0.0,0.0,0.0,0.0,0.0,0.0,0.0,0.0,0.0,0.0
376,414,2.0,6.0,16.0,14.0,4.0,7.0,10.0,16.0,4.0,25.0,10.0,12.0,14.0,1.0,6.0,8.0,18.0,10.0,11.0,12.0,16.0,9.0,7.0,0.0,0.0,0.0,0.0,0.0,0.0,0.0
377,415,0.0,11.0,6.0,2.0,2.0,4.0,4.0,8.0,11.0,16.0,11.0,8.0,16.0,9.0,10.0,9.0,19.0,7.0,30.0,14.0,12.0,15.0,43.0,27.0,46.0,21.0,7.0,10.0,1.0,1.0
378,416,0.0,0.0,1.0,0.0,0.0,0.0,0.0,0.0,0.0,0.0,0.0,0.0,0.0,0.0,0.0,0.0,0.0,0.0,0.0,0.0,0.0,0.0,0.0,0.0,0.0,0.0,0.0,0.0,0.0,0.0
379,417,0.0,5.0,9.0,10.0,11.0,19.0,14.0,15.0,8.0,18.0,11.0,24.0,31.0,27.0,41.0,53.0,77.0,53.0,63.0,52.0,14.0,21.0,35.0,31.0,52.0,53.0,27.0,23.0,49.0,24.0
380,418,0.0,0.0,1.0,0.0,0.0,0.0,0.0,0.0,0.0,0.0,0.0,0.0,0.0,0.0,0.0,0.0,0.0,0.0,0.0,0.0,0.0,0.0,0.0,0.0,0.0,0.0,0.0,0.0,0.0,0.0
381,419,3.0,8.0,21.0,26.0,37.0,63.0,42.0,108.0,72.0,218.0,60.0,89.0,132.0,105.0,97.0,121.0,211.0,239.0,288.0,263.0,217.0,310.0,361.0,323.0,408.0,409.0,313.0,241.0,360.0,191.0
382,420,0.0,2.0,5.0,4.0,6.0,11.0,2.0,4.0,15.0,11.0,4.0,8.0,11.0,3.0,4.0,0.0,3.0,15.0,8.0,3.0,12.0,0.0,0.0,0.0,0.0,0.0,0.0,0.0,0.0,0.0
383,421,2.0,3.0,1.0,1.0,3.0,7.0,2.0,9.0,1.0,6.0,3.0,8.0,4.0,2.0,0.0,0.0,0.0,0.0,0.0,0.0,0.0,0.0,0.0,0.0,0.0,0.0,0.0,0.0,0.0,0.0
384,422,1.0,7.0,7.0,16.0,12.0,20.0,18.0,16.0,13.0,54.0,22.0,28.0,51.0,39.0,22.0,61.0,92.0,86.0,89.0,108.0,51.0,69.0,99.0,106.0,115.0,138.0,101.0,67.0,93.0,43.0
385,424,5.0,2.0,11.0,10.0,18.0,18.0,20.0,45.0,23.0,70.0,31.0,60.0,123.0,77.0,73.0,140.0,188.0,235.0,208.0,281.0,198.0,226.0,338.0,323.0,393.0,430.0,403.0,241.0,390.0,275.0
386,425,0.0,4.0,2.0,5.0,6.0,6.0,9.0,20.0,18.0,64.0,17.0,29.0,50.0,53.0,39.0,48.0,87.0,113.0,138.0,114.0,109.0,116.0,180.0,144.0,151.0,212.0,214.0,144.0,222.0,168.0
387,426,1.0,0.0,0.0,1.0,0.0,0.0,0.0,0.0,0.0,0.0,0.0,0.0,0.0,0.0,0.0,0.0,0.0,0.0,0.0,0.0,0.0,0.0,0.0,0.0,0.0,0.0,0.0,0.0,0.0,0.0
388,427,0.0,1.0,1.0,0.0,0.0,0.0,3.0,0.0,0.0,2.0,2.0,13.0,12.0,7.0,13.0,23.0,24.0,36.0,50.0,55.0,19.0,24.0,50.0,48.0,26.0,17.0,24.0,19.0,24.0,6.0
389,428,1.0,2.0,7.0,15.0,7.0,11.0,9.0,19.0,6.0,37.0,14.0,15.0,30.0,20.0,23.0,20.0,25.0,60.0,47.0,62.0,51.0,34.0,73.0,55.0,77.0,80.0,93.0,52.0,95.0,47.0
390,429,4.0,5.0,12.0,8.0,3.0,5.0,18.0,13.0,11.0,20.0,6.0,4.0,8.0,10.0,13.0,11.0,13.0,30.0,38.0,36.0,27.0,28.0,27.0,40.0,39.0,63.0,54.0,43.0,55.0,27.0
391,430,1.0,7.0,10.0,8.0,12.0,12.0,6.0,30.0,22.0,45.0,17.0,30.0,40.0,21.0,14.0,22.0,57.0,35.0,53.0,52.0,40.0,38.0,42.0,37.0,46.0,31.0,19.0,16.0,41.0,14.0
392,431,1.0,0.0,0.0,1.0,3.0,0.0,0.0,0.0,0.0,0.0,0.0,0.0,0.0,0.0,0.0,0.0,0.0,0.0,0.0,0.0,0.0,0.0,0.0,0.0,0.0,0.0,0.0,0.0,0.0,0.0
393,432,2.0,1.0,2.0,0.0,1.0,2.0,6.0,2.0,22.0,17.0,12.0,11.0,16.0,17.0,14.0,25.0,39.0,52.0,56.0,64.0,38.0,47.0,38.0,18.0,20.0,29.0,12.0,14.0,27.0,25.0
394,433,0.0,1.0,0.0,0.0,1.0,0.0,0.0,0.0,0.0,0.0,0.0,0.0,0.0,0.0,0.0,0.0,0.0,0.0,0.0,0.0,0.0,0.0,0.0,0.0,0.0,0.0,0.0,0.0,0.0,0.0
395,434,1.0,2.0,4.0,8.0,4.0,4.0,3.0,10.0,8.0,17.0,8.0,22.0,17.0,14.0,10.0,8.0,21.0,31.0,20.0,30.0,35.0,15.0,26.0,23.0,58.0,83.0,63.0,51.0,100.0,113.0
396,435,0.0,0.0,0.0,3.0,2.0,5.0,1.0,2.0,0.0,2.0,0.0,0.0,0.0,0.0,0.0,0.0,0.0,0.0,0.0,0.0,0.0,0.0,0.0,0.0,0.0,0.0,0.0,0.0,0.0,0.0
397,436,4.0,6.0,7.0,8.0,3.0,24.0,15.0,21.0,14.0,40.0,11.0,23.0,15.0,14.0,12.0,6.0,31.0,20.0,18.0,82.0,47.0,44.0,53.0,41.0,46.0,43.0,65.0,32.0,66.0,59.0
398,437,0.0,2.0,2.0,1.0,0.0,0.0,0.0,2.0,0.0,0.0,0.0,0.0,0.0,0.0,0.0,0.0,0.0,0.0,0.0,0.0,0.0,0.0,0.0,0.0,0.0,0.0,0.0,0.0,0.0,0.0
399,438,4.0,6.0,7.0,16.0,13.0,10.0,12.0,25.0,64.0,72.0,24.0,42.0,36.0,30.0,16.0,16.0,15.0,32.0,30.0,42.0,46.0,33.0,48.0,28.0,39.0,45.0,40.0,20.0,47.0,30.0
400,439,0.0,2.0,3.0,2.0,1.0,0.0,0.0,2.0,0.0,0.0,0.0,0.0,0.0,0.0,0.0,0.0,0.0,0.0,0.0,0.0,0.0,0.0,0.0,0.0,0.0,0.0,0.0,0.0,0.0,0.0
401,440,0.0,0.0,1.0,3.0,2.0,6.0,4.0,13.0,6.0,13.0,4.0,13.0,9.0,18.0,7.0,23.0,40.0,43.0,55.0,39.0,27.0,46.0,36.0,32.0,47.0,45.0,40.0,18.0,47.0,21.0
402,442,3.0,10.0,16.0,16.0,4.0,16.0,15.0,22.0,17.0,52.0,17.0,33.0,38.0,37.0,28.0,47.0,73.0,54.0,50.0,94.0,46.0,43.0,71.0,75.0,75.0,77.0,83.0,65.0,90.0,52.0
403,443,0.0,3.0,4.0,4.0,4.0,6.0,3.0,11.0,7.0,27.0,9.0,15.0,15.0,16.0,16.0,26.0,12.0,16.0,7.0,7.0,4.0,4.0,2.0,2.0,0.0,0.0,0.0,0.0,0.0,0.0
404,444,1.0,0.0,1.0,3.0,3.0,3.0,4.0,4.0,0.0,25.0,13.0,18.0,16.0,10.0,10.0,18.0,22.0,13.0,9.0,0.0,0.0,0.0,0.0,0.0,0.0,0.0,0.0,0.0,0.0,0.0
405,445,2.0,5.0,8.0,9.0,5.0,9.0,14.0,19.0,5.0,46.0,7.0,14.0,16.0,11.0,19.0,16.0,37.0,29.0,31.0,68.0,40.0,58.0,121.0,102.0,117.0,98.0,58.0,44.0,80.0,70.0
406,447,2.0,2.0,5.0,11.0,7.0,13.0,11.0,14.0,17.0,33.0,9.0,13.0,9.0,8.0,5.0,9.0,1.0,0.0,6.0,6.0,6.0,3.0,8.0,2.0,3.0,7.0,0.0,0.0,0.0,0.0
407,448,1.0,1.0,1.0,1.0,0.0,4.0,1.0,2.0,0.0,3.0,1.0,0.0,0.0,0.0,0.0,0.0,0.0,0.0,0.0,0.0,0.0,0.0,0.0,0.0,0.0,0.0,0.0,0.0,0.0,0.0
408,449,1.0,3.0,0.0,8.0,7.0,16.0,3.0,11.0,2.0,10.0,2.0,0.0,0.0,0.0,0.0,0.0,0.0,0.0,0.0,0.0,0.0,0.0,0.0,0.0,0.0,0.0,0.0,0.0,0.0,0.0
409,450,1.0,0.0,3.0,5.0,3.0,5.0,4.0,3.0,14.0,0.0,0.0,0.0,0.0,0.0,0.0,0.0,0.0,0.0,0.0,0.0,0.0,0.0,0.0,0.0,0.0,0.0,0.0,0.0,0.0,0.0
410,451,0.0,0.0,2.0,0.0,0.0,0.0,0.0,0.0,0.0,0.0,0.0,0.0,0.0,0.0,0.0,0.0,0.0,0.0,0.0,0.0,0.0,0.0,0.0,0.0,0.0,0.0,0.0,0.0,0.0,0.0
411,453,1.0,7.0,4.0,1.0,0.0,5.0,2.0,1.0,0.0,0.0,0.0,0.0,0.0,0.0,0.0,0.0,0.0,0.0,0.0,0.0,0.0,0.0,0.0,0.0,0.0,0.0,0.0,0.0,0.0,0.0
412,454,1.0,4.0,3.0,0.0,4.0,5.0,9.0,12.0,4.0,11.0,5.0,9.0,20.0,15.0,6.0,5.0,12.0,0.0,0.0,0.0,0.0,0.0,0.0,0.0,0.0,0.0,0.0,0.0,0.0,0.0
413,455,2.0,0.0,2.0,2.0,1.0,4.0,7.0,10.0,4.0,15.0,0.0,0.0,0.0,0.0,0.0,0.0,0.0,0.0,0.0,0.0,0.0,0.0,0.0,0.0,0.0,0.0,0.0,0.0,0.0,0.0
414,456,4.0,6.0,12.0,11.0,11.0,17.0,8.0,27.0,12.0,76.0,22.0,46.0,37.0,47.0,29.0,16.0,30.0,25.0,20.0,25.0,17.0,7.0,5.0,0.0,0.0,0.0,0.0,0.0,0.0,0.0
415,457,1.0,0.0,0.0,0.0,0.0,0.0,0.0,0.0,0.0,0.0,0.0,0.0,0.0,0.0,0.0,0.0,0.0,0.0,0.0,0.0,0.0,0.0,0.0,0.0,0.0,0.0,0.0,0.0,0.0,0.0
416,458,1.0,0.0,1.0,10.0,3.0,5.0,2.0,11.0,0.0,13.0,7.0,1.0,13.0,3.0,4.0,0.0,7.0,7.0,0.0,0.0,0.0,0.0,0.0,0.0,0.0,0.0,0.0,0.0,0.0,0.0
417,459,0.0,2.0,2.0,1.0,2.0,7.0,0.0,2.0,0.0,1.0,1.0,2.0,4.0,3.0,1.0,1.0,2.0,0.0,0.0,0.0,0.0,0.0,0.0,0.0,0.0,0.0,0.0,0.0,0.0,0.0
418,460,1.0,2.0,4.0,9.0,5.0,2.0,4.0,3.0,0.0,7.0,1.0,13.0,2.0,9.0,7.0,10.0,18.0,22.0,28.0,29.0,40.0,31.0,51.0,27.0,51.0,42.0,17.0,16.0,14.0,17.0
419,461,1.0,1.0,5.0,4.0,4.0,8.0,10.0,5.0,2.0,16.0,2.0,0.0,6.0,3.0,4.0,4.0,2.0,10.0,4.0,6.0,9.0,4.0,12.0,5.0,6.0,5.0,9.0,5.0,6.0,1.0
420,462,2.0,3.0,8.0,10.0,10.0,9.0,12.0,10.0,20.0,22.0,11.0,11.0,9.0,2.0,0.0,0.0,0.0,0.0,0.0,0.0,0.0,0.0,0.0,0.0,0.0,0.0,0.0,0.0,0.0,0.0
421,463,0.0,1.0,1.0,2.0,3.0,4.0,4.0,10.0,10.0,35.0,25.0,40.0,56.0,21.0,20.0,49.0,85.0,90.0,93.0,101.0,65.0,102.0,188.0,173.0,206.0,189.0,199.0,132.0,176.0,130.0
422,464,2.0,7.0,11.0,12.0,9.0,10.0,12.0,30.0,69.0,76.0,35.0,100.0,116.0,85.0,74.0,83.0,104.0,156.0,156.0,145.0,68.0,107.0,117.0,97.0,89.0,94.0,124.0,56.0,63.0,55.0
423,465,4.0,2.0,5.0,5.0,3.0,9.0,13.0,16.0,4.0,30.0,7.0,9.0,18.0,23.0,15.0,25.0,28.0,48.0,19.0,14.0,10.0,16.0,12.0,6.0,8.0,16.0,3.0,9.0,14.0,13.0
424,466,1.0,3.0,5.0,6.0,2.0,6.0,2.0,6.0,14.0,1.0,1.0,2.0,0.0,0.0,0.0,0.0,0.0,0.0,0.0,0.0,0.0,0.0,0.0,0.0,0.0,0.0,0.0,0.0,0.0,0.0
425,467,0.0,3.0,3.0,5.0,7.0,15.0,21.0,23.0,22.0,58.0,21.0,36.0,60.0,59.0,50.0,78.0,61.0,107.0,115.0,129.0,89.0,124.0,129.0,120.0,128.0,239.0,157.0,118.0,234.0,139.0
426,468,2.0,1.0,2.0,0.0,1.0,2.0,3.0,5.0,0.0,12.0,3.0,6.0,23.0,28.0,26.0,24.0,34.0,32.0,31.0,23.0,23.0,10.0,16.0,20.0,27.0,25.0,21.0,15.0,19.0,4.0
427,469,2.0,1.0,1.0,6.0,3.0,9.0,4.0,6.0,0.0,13.0,3.0,3.0,7.0,6.0,2.0,0.0,0.0,0.0,0.0,0.0,0.0,0.0,0.0,0.0,0.0,0.0,0.0,0.0,0.0,0.0
428,471,1.0,3.0,6.0,11.0,14.0,11.0,11.0,14.0,8.0,19.0,14.0,21.0,22.0,10.0,3.0,3.0,5.0,3.0,0.0,0.0,0.0,0.0,0.0,0.0,0.0,0.0,0.0,0.0,0.0,0.0
429,473,0.0,3.0,0.0,0.0,0.0,0.0,0.0,0.0,0.0,0.0,0.0,0.0,0.0,0.0,0.0,0.0,0.0,0.0,0.0,0.0,0.0,0.0,0.0,0.0,0.0,0.0,0.0,0.0,0.0,0.0
430,474,0.0,0.0,2.0,0.0,0.0,0.0,0.0,0.0,0.0,0.0,0.0,0.0,0.0,0.0,0.0,0.0,0.0,0.0,0.0,0.0,0.0,0.0,0.0,0.0,0.0,0.0,0.0,0.0,0.0,0.0
431,475,0.0,0.0,2.0,2.0,0.0,2.0,9.0,4.0,5.0,11.0,8.0,7.0,8.0,2.0,1.0,9.0,7.0,13.0,17.0,3.0,3.0,2.0,10.0,3.0,1.0,0.0,0.0,0.0,0.0,0.0
432,476,4.0,6.0,11.0,16.0,13.0,24.0,33.0,27.0,42.0,86.0,36.0,99.0,106.0,76.0,47.0,76.0,84.0,149.0,130.0,140.0,159.0,121.0,202.0,203.0,275.0,326.0,238.0,154.0,231.0,170.0
433,477,2.0,14.0,22.0,21.0,19.0,39.0,31.0,50.0,38.0,128.0,32.0,55.0,89.0,54.0,51.0,89.0,87.0,140.0,130.0,115.0,113.0,124.0,168.0,162.0,227.0,214.0,174.0,98.0,109.0,91.0
434,478,2.0,1.0,0.0,0.0,0.0,1.0,0.0,0.0,0.0,0.0,0.0,0.0,0.0,0.0,0.0,0.0,0.0,0.0,0.0,0.0,0.0,0.0,0.0,0.0,0.0,0.0,0.0,0.0,0.0,0.0
435,479,0.0,4.0,1.0,2.0,0.0,7.0,0.0,1.0,2.0,5.0,1.0,1.0,9.0,12.0,12.0,7.0,11.0,9.0,4.0,5.0,2.0,2.0,9.0,2.0,6.0,6.0,0.0,0.0,0.0,0.0
436,480,0.0,0.0,2.0,1.0,4.0,2.0,5.0,12.0,15.0,20.0,9.0,25.0,40.0,36.0,23.0,30.0,32.0,24.0,14.0,4.0,2.0,0.0,0.0,0.0,0.0,0.0,0.0,0.0,0.0,0.0
437,481,0.0,0.0,0.0,1.0,0.0,0.0,0.0,0.0,0.0,0.0,0.0,0.0,0.0,0.0,0.0,0.0,0.0,0.0,0.0,0.0,0.0,0.0,0.0,0.0,0.0,0.0,0.0,0.0,0.0,0.0
438,482,3.0,5.0,7.0,12.0,14.0,19.0,15.0,27.0,42.0,56.0,26.0,15.0,36.0,36.0,20.0,18.0,28.0,36.0,33.0,39.0,22.0,7.0,29.0,22.0,29.0,47.0,21.0,9.0,26.0,22.0
439,483,2.0,1.0,6.0,2.0,4.0,8.0,12.0,14.0,0.0,27.0,8.0,32.0,8.0,12.0,2.0,15.0,4.0,18.0,24.0,21.0,7.0,6.0,0.0,0.0,0.0,0.0,0.0,0.0,0.0,0.0
440,484,0.0,3.0,5.0,21.0,11.0,17.0,17.0,36.0,40.0,84.0,45.0,86.0,116.0,105.0,70.0,72.0,118.0,122.0,121.0,145.0,79.0,93.0,148.0,133.0,120.0,160.0,127.0,67.0,125.0,88.0
441,485,1.0,3.0,11.0,13.0,3.0,4.0,4.0,2.0,0.0,0.0,0.0,0.0,0.0,0.0,0.0,0.0,0.0,0.0,0.0,0.0,0.0,0.0,0.0,0.0,0.0,0.0,0.0,0.0,0.0,0.0
442,486,2.0,4.0,14.0,12.0,8.0,6.0,13.0,19.0,25.0,51.0,24.0,7.0,22.0,18.0,19.0,7.0,16.0,17.0,7.0,0.0,1.0,1.0,2.0,1.0,5.0,0.0,0.0,0.0,0.0,0.0
443,487,1.0,1.0,7.0,0.0,5.0,10.0,3.0,13.0,4.0,15.0,14.0,33.0,47.0,38.0,40.0,52.0,78.0,108.0,101.0,82.0,47.0,46.0,127.0,122.0,159.0,144.0,146.0,74.0,88.0,67.0
444,488,0.0,0.0,0.0,1.0,1.0,1.0,1.0,1.0,0.0,0.0,0.0,0.0,0.0,0.0,0.0,0.0,0.0,0.0,0.0,0.0,0.0,0.0,0.0,0.0,0.0,0.0,0.0,0.0,0.0,0.0
445,490,1.0,0.0,3.0,0.0,1.0,0.0,0.0,0.0,0.0,0.0,0.0,0.0,0.0,0.0,0.0,0.0,0.0,0.0,0.0,0.0,0.0,0.0,0.0,0.0,0.0,0.0,0.0,0.0,0.0,0.0
446,491,0.0,2.0,0.0,4.0,1.0,2.0,0.0,0.0,0.0,0.0,0.0,0.0,0.0,0.0,0.0,0.0,0.0,0.0,0.0,0.0,0.0,0.0,0.0,0.0,0.0,0.0,0.0,0.0,0.0,0.0
447,492,2.0,5.0,12.0,16.0,12.0,21.0,11.0,15.0,4.0,12.0,7.0,18.0,17.0,10.0,9.0,3.0,8.0,13.0,17.0,9.0,9.0,10.0,7.0,9.0,8.0,15.0,22.0,18.0,41.0,22.0
448,493,0.0,1.0,1.0,1.0,0.0,4.0,2.0,2.0,0.0,10.0,2.0,10.0,11.0,15.0,12.0,21.0,25.0,39.0,36.0,49.0,44.0,14.0,75.0,59.0,75.0,64.0,42.0,38.0,48.0,42.0
